:020000040800F2
:1000000000000320BD050008213B0008253B000837
:10001000453B0008473B0008493B00080000000042
:1000200000000000000000000000000081990008AE
:100030004B3B000800000000119A00088D91000859
:100040000D0600080D0600080D0600080D06000844
:100050000D0600080D0600080D0600080D06000834
:100060000D0600080D0600080D0600080D06000824
:100070000D0600080D0600080D0600080D06000814
:100080000D0600080D0600080D0600080D06000804
:100090000D0600080D0600080D0600080D060008F4
:1000A0000D0600080D0600080D0600080D060008E4
:1000B0000D0600080D0600080D0600080D060008D4
:1000C0000D0600080D0600080D0600080D060008C4
:1000D0000D0600080D0600080D0600080D060008B4
:1000E0000D0600080D0600080D0600080D060008A4
:1000F0000D0600080D0600080D0600080D06000894
:100100000D0600080D0600080D0600080D06000883
:100110000D0600080D0600084D3B00080D060008FE
:100120000D0600080D0600080D0600080D06000863
:100130000D0600080D0600080D0600080D06000853
:100140000D0600080D0600080D0600080D06000843
:100150000D0600080D060008713B00080D0600089A
:100160000D0600080D0600080D0600080D06000823
:100170000D0600080D0600080D060008000000002E
:100180000D0600080D0600080D0600080D06000803
:100190000D0600080D0600080D0600080D060008F3
:0C01A000593B00080D060008653B0008F4
:1001B00010B5054C237833B9044B13B10448AFF3A1
:1001C00000800123237010BD000300200000000008
:1001D000A071020808B5034B1BB103490348AFF3F4
:1001E000008008BD0000000004030020A071020888
:1001F00001F0FF01102A2BDB10F0070F08D010F8D8
:10020000013B013A8B422DD010F0070F42B3F6D1DB
:10021000F0B441EA012141EA014122F007047FF0F4
:1002200000070023F0E80256083C85EA010586EA4B
:10023000010685FA47F5A3FA87F586FA47F6A5FA87
:1002400087F68EB9EED1F0BC01F0FF0102F0070293
:1002500032B110F8013B013A83EA010313B1F8D13E
:100260000020704701387047002D06BF354603381F
:10027000073815F0010F07D1013015F4807F02BF58
:10028000013015F4C03F0130F0BC0138704700BFA9
:1002900053B94AB9002908BF00281CBF4FF0FF31ED
:1002A0004FF0FF3000F088B9ADF1080C6DE904CED5
:1002B00000F006F8DDF804E0DDE9022304B0704741
:1002C0002DE9F047089D8E4604468846002B4AD10A
:1002D0008A42174662D9B2FA82F64EB1C6F12003BD
:1002E00001FA06F820FA03F3B74043EA0808B440DD
:1002F0004FEA174E1FFA87FCB8FBFEF1230C0EFBEA
:10030000118843EA084301FB0CF29A4209D9FB1811
:1003100001F1FF3080F0EA809A4240F2E780023932
:100320003B449A1AA3B2B2FBFEF00EFB102243EA42
:10033000024300FB0CFC9C4509D9FB1800F1FF327D
:1003400080F0D6809C4540F2D3803B44023840EA9E
:100350000140A3EB0C0300211DB1F3400022C5E9CD
:100360000032BDE8F0878B4205D90DB1C5E9000127
:1003700000210846F5E7B3FA83F1002946D1734519
:1003800002D3824200F20581841A6EEB030201203F
:100390009046002DE5D0C5E90048E2E7002A00F0CC
:1003A0009080B2FA82F6002E40F0A4808A1A030CE4
:1003B0004FEA174E80B2BCB20121B2FBFEFC0EFB2D
:1003C0001C2243EA024304FB0CF29A4207D9FB18B1
:1003D0000CF1FF3802D29A4200F2E080C4469B1A28
:1003E000B3FBFEF20EFB123340EA034302FB04F4BC
:1003F0009C4207D9FB1802F1FF3002D29C4200F266
:10040000CA8002461B1B42EA0C40A5E7C1F1200648
:100410008B4022FA06F71F430EFA01F420FA06F386
:100420002EFA06FE4FEA1749234300FA01F81FFA95
:1004300087FCBEFBF9F01C0C09FB10EE44EA0E44ED
:1004400000FB0CFEA64502FA01F209D93C1900F1A5
:10045000FF3A80F09C80A64540F2998002383C44E7
:10046000A4EB0E041FFA83FEB4FBF9F309FB13445B
:100470004EEA044403FB0CFCA44508D93C1903F1E3
:10048000FF3E80F08280A4457FD9023B3C4443EA92
:100490000040A4EB0C04A0FB02EC64457346E1466B
:1004A00062D35FD05DB1B8EB030264EB090404FAD8
:1004B00006F622FA01F31E43CC40C5E90064002190
:1004C0004FE7B1FBF2FC010C41EA0E4180B240EA79
:1004D00001423B4638463C46B846BE462026B1FB64
:1004E000F7F1A2EB080241EA0C4166E7014618E782
:1004F00010462CE7C6F120022EFA02F3B740B140B5
:1005000020FA02F24FEA174E0A43B3FBFEF8BCB2E0
:100510000EFB1833110C41EA034108FB04F9B0400B
:1005200089454FEA104380B23ED9791808F1FF3C63
:1005300001D289451FD8A1EB0901B1FBFEF909FBE6
:1005400004F80EFB191192B242EA0142424529D247
:10055000BA1809F1FF31C4D24245C2D2A9F1020151
:100560003A44BEE7F0459DD2BEEB02036CEB070CAC
:100570000138E14696E7A7EB09094944A8F1020CC6
:10058000B1FBFEF909FB04F8DBE773467FE7504651
:1005900066E70846FDE63B44023A33E7ACF1020C5D
:1005A0003B441CE749469CE7A1EB0901C446B1FB6B
:1005B000FEF909FB04F8C4E7704700BFDFF834D048
:1005C000002103E00C4B5B58435004310B480C4BAB
:1005D00042189A42F6D30B4A02E0002342F8043B49
:1005E000094B9A42F9D306F075F825F077FE01F031
:1005F000D5F970470000032068BC02080000002005
:10060000000300200003002010470120FEE7704790
:1006100008B500F047FCBDE8084000F0C9BB00F099
:1006200043BC0000024A00231360024A1370704763
:10063000200300201C03002000207047704710B5E5
:100640000421044625F095FB204610BD032821D83F
:10065000DFE800F0020B12190F4B1A68B2FA82F2AF
:10066000520904210D4806F0EFBC0B4B5A68B2FA50
:1006700082F252090821F5E7074B9A68B2FA82F232
:1006800052091021EEE7044BDA68B2FA82F25209FD
:100690002021E7E7704700BF24030020001002403C
:1006A000032821D8DFE800F0020B12190F4B1A685B
:1006B000003A18BF012204210D4806F0C5BC0B4BBF
:1006C0005A68003A18BF01220821F5E7074B9A68DB
:1006D000003A18BF01221021EEE7044BDA68003A15
:1006E00018BF01222021E7E7704700BF2403002044
:1006F0000010024003280DD8DFE800F00206080AC7
:100700000421054806F0A5BC0821FAE71021F8E706
:100710002021F6E7704700BF0010024008B503280B
:1007200011D8DFE800F0020A0C0E0421074806F099
:1007300085FC431E5842584108BD0821F6E71021A8
:10074000F4E72021F2E70020F3E700BF00100240A9
:1007500070B5084D00240126E0B2FFF7DFFF18B1A5
:100760002B68012B18BF2E600134052C05F1040500
:10077000F2D170BD24030020012380F87C1080F8A2
:100780007D30704770470000034B8164003918BF0B
:1007900001211970704700BFCB390120704700203C
:1007A0007047C36B0BB10846184770474FF6FF7090
:1007B0007047406803689B691847704770477047E7
:1007C0007047704700F062BD08B500F05FFD034B55
:1007D0000122C3F8AC005A6208BD00BF00680140A6
:1007E00010B5044600F070FC002384F84C3000F093
:1007F0004DFD034B0122C3F8AC005A6210BD00BF8F
:10080000006801400BF0C7B908B500F07FFC024A50
:1008100013680133136008BD3803002010B5084881
:100820000C46012106F00AFC0128064B04D11A7877
:1008300012B91870227010BD18700020FBE700BFBD
:10084000000002403403002000F00CBC00F072BC39
:1008500000F07ABC00F010BC10B504460BF050FF5D
:1008600023682046D3F8BC30BDE8104018470BF091
:1008700028B910B58821044625F07BFA204610BD22
:1008800010B590F8381090F87C400C4B8C421A78D8
:1008900009D03AB90A4A0B491488088810800C809C
:1008A00001221A7010BD002AFCD0054A054914889F
:1008B000088810800C800022F3E700BFCA390120AD
:1008C000D4390120D239012008B5094B1B888B424D
:1008D00003D8084B1B88934205D9074B074A0848A1
:1008E000A52125F059FA074B1980074B1A8008BD3E
:1008F000D4390120D2390120107202087372020823
:10090000B6720208D0390120CE3901202DE9F0411C
:100910000D460446194635B9154B164A164840F29D
:10092000013125F039FAC0E910520368134ED3F8AB
:100930009030003A18BF012232709847E569A5B19E
:100940002B681F68337873B1236820465B6B984728
:10095000236C834207D1616C094B28461A883B46B9
:10096000BDE8F0411847216CF6E7BDE8F08100BF13
:10097000FB72020833730208B6720208CC390120F8
:10098000D0390120034690F87E0018B158680368FA
:100990001B68184770470000012108B5002208466F
:1009A00008F008FD0A4B186028B90A4B0A4A2821AA
:1009B0000A4825F0F1F900220421012008F099FDF0
:1009C000074B186018B9074B034A2C21F0E708BD04
:1009D0004003002081730208CA730208F9730208F9
:1009E0003C0300205C740208024B4FF0FF31186892
:1009F00008F02ABD40030020014B186808F050BDE4
:100A000040030020024B0021186808F01DBD00BF04
:100A100040030020FFF7F0BF0348044900680023AB
:100A20001A4608F0A1BD00BF3C03002004000020CE
:100A300013B5084C00231A4601A9206808F0C5FD2B
:100A400020684FF0FF33002201A908F0BEFD02B07C
:100A500010BD00BF3C030020704770472DE9F041F6
:100A6000FF2BBDF8184000EB410105D120F8024BE7
:100A70008142FBD8BDE8F081174F04F4FC6604EA1C
:100A8000070C04F01F0403FB0CFC5E435C43DB43D8
:100A9000DBB2FF25B0F800E00EEA07020EF4FC68B6
:100AA00003FB02C203FB08680EF01F0EB2FBF5F257
:100AB000B8FBF5F83A4008F4FC6842EA080203FB88
:100AC0000E4EBEFBF5FE0EF01F0E42EA0E0220F89F
:100AD000022B8142DED8CDE700F8FFFFFF2B2DE986
:100AE000F04300EB420231D0DE43DFF870C0F6B2D3
:100AF000FF27058831F8028B05EA0C0408EA0C0E82
:100B0000744303FB0E4405F4FC6E08F4FC6906FB19
:100B10000EFE05F01F0503FB09EE08F01F087543E4
:100B2000B4FBF7F4BEFBF7FE04EA0C040EF4FC6E13
:100B300044EA0E0403FB0855B5FBF7F505F01F0565
:100B40002C4320F8024B8242D3D805E031F8023B17
:100B500020F8023B8242F9D8BDE8F08300F8FFFF9D
:100B60002DE9F74FDFF8C090019300EB42030093AB
:100B700004394FF0FF0E51F8043F019C1A0E6243F6
:100B8000551CC2F30F2212FA85F52D12FF2D10D13C
:100B90005C0909EA132204F4FC642243C3F3C4038E
:100BA00013430380009B02308342E4D803B0BDE8C6
:100BB000F08F002DF6D006884FEAD60C4FEA162AA1
:100BC0000CF0FC02EF43CCF3811CFFB20AF0F804F6
:100BD00042EA0C02F60044EA5A1412FB07F2C3F38D
:100BE000072A5FFA86F8C3F3074B14FB07F405FBEB
:100BF0000A22C6F34216DBB2B2FBFEF2D20005FBBC
:100C00000B4402F4FC6248EA06086B43B4FBFEF4B2
:100C100009EA0424224308FB0733B3FBFEF3C3F3C2
:100C2000C4031A430280BDE700F8FFFF70470020AD
:100C30007047002070477047704770470120704729
:100C40000C2070470C2303FB0100083070470C2375
:100C500003FB010008307047012070474FF4A95092
:100C600070474FF4A95303FB0100083070474FF45D
:100C7000A95303FB01000830704701207047102082
:100C8000704700EB01100830704700EB011008308E
:100C9000704710B54421044625F06BF8204610BD7E
:100CA000084603F035BC000010B5034B0360044652
:100CB0000AF059FC204610BDFC81020810B504461C
:100CC000FFF7F2FF2046142125F053F8204610BD0F
:100CD00010B5034B036004460AF045FC204610BDE6
:100CE000C881020810B50446FFF7F2FF204641F222
:100CF000285125F03EF8204610BD000010B5034BEA
:100D0000036004460AF02FFC204610BD94810208BF
:100D100010B50446FFF7F2FF2046182125F029F808
:100D2000204610BD10B5094B0360044600F5AA50DB
:100D30001430FFF7B9FF04F12C00FFF7C9FF04F1ED
:100D40001400FFF7DBFF204610BD00BF3082020811
:100D500008B50248FFF7E6FF08BD00BFC404002045
:100D600010B50446FFF7DEFF204641F6D43125F0EA
:100D700000F8204610BD000008B5034A034B0448A4
:100D8000442125F009F800BFC57402089E740208CA
:100D90000A75020808B5034A034B04483A2124F0B7
:100DA000FBFF00BF517502089E7402080A75020815
:100DB0002DE9F34103F07CF9054603F07DF90024A9
:100DC0000146234628462246009415F057F8284B42
:100DD000284A1A60204604F05DFD274D274B284A1B
:100DE00028489A6014F0B0FF2B68BFF35B8FDB07D5
:100DF00037D4284624F0BFFF98B3234C234B2360FD
:100E000004F1140000F5AA5707F2245604F12C0847
:100E10006060C4F80880E76026610AF0A5FB1C4BFF
:100E2000636140460AF0A0FB1A4BE36238460AF0C1
:100E30009BFB04F5805303F5AD60174AC3F85425B6
:100E400004F0ACFD224607F11401304604F09CFD8D
:100E5000304603F05DFB114824F0BCFF284624F027
:100E600096FF0F4802B0BDE8F041FFF7B9BC00BFE4
:100E7000343A0120CC030020C0040020EC03002001
:100E8000D003002008000020C404002030820208A3
:100E900094810208C8810208FC810208510D0008F3
:100EA00044030020704700000148FFF7ABBC00BFBF
:100EB00044030020F8B52C4D2C4E2D4B2D4F3360A4
:100EC00029462D4B41F8203B0024012205F10C005E
:100ED00068602C726C720BF07DFD3846EC621AF083
:100EE00051FA264812F070FC254B26499C864FF497
:100EF0008072C3E91324244A83F85C40C3E91B24AD
:100F0000224A9C66C3E91F12214AC3F88420214A61
:100F1000214983F87440C3E90157C3E90364C3E975
:100F20000544C3E90744C3E90944C3E90B44C3E9E1
:100F30000F44C3E91144C3E91544C3E918449C674D
:100F40001360F0220A8015490A8015494FF4A072F7
:100F50000A8014490A80144A1470012283F8382048
:100F6000124A1A60F8BD00BF78040020BC040020BB
:100F700000720208EC03002044820208D003002023
:100F800044030020000001010100000100045000A2
:100F90001A001400D8390120D4390120D039012099
:100FA000D2390120CE390120CA390120A880020897
:100FB0000020704781807047C18070470181704771
:100FC000418170477047704770477047704710B451
:100FD000C4880368121B84885B6D091B12B25DF81C
:100FE000044B09B218474FF6FF7383814FF0FF336C
:100FF00003621368C36110607047002070478B88DC
:10100000838001207047704780F82610704790F861
:101010002600704710B50022B1F90840B1F90A1056
:10102000028042808480C18010BD00220280428004
:101030008280C28070470177704780ED080A704750
:1010400080F82410704780F8251070470120704701
:10105000983070478C3070478430704770477047C5
:1010600070470000034B902283F85A2383F85823DB
:10107000704700BF00E100E0094A0A49D3680A4806
:10108000C3F30A03013B9BB20B801169C1F30A0150
:10109000013901801364536B43F0010353637047BC
:1010A000006801409A2000209820002010B52C21D3
:1010B000044624F05EFE204610BD10B5BC21044657
:1010C00024F057FE204610BD70B504460AF04FFDCF
:1010D00023689D6E11F05AF901462046A8472368FF
:1010E000064DD3F88C6000231A4629462046B047A7
:1010F000034B0122C3F8AC505A6270BD000000D00F
:10110000006801400AF01ABD0AF024BD0AF0DFBCF5
:101110000AF05DBE90F8252012B103685B6918479C
:10112000704790F825201AB190F8242002B1186079
:1011300070470000034B4FF080629A604FF080725E
:101140009A60704700E100E0084B4FF08062C3F8FE
:101150008820BFF34F8FBFF36F8F4FF08072C3F8BB
:101160008820BFF34F8FBFF36F8F704700E100E01F
:1011700070B50023124E8380124B0360336893F8DE
:101180005C2005460AB1186D00B9986803681B6BAE
:1011900098473368B0FA80F4186D640930B1036879
:1011A0001B6B9847002808BF44F001042CB9064B7C
:1011B000064A07482C2124F0EFFD284670BD00BFE9
:1011C000D83901209482020896750208F475020845
:1011D0002D76020870B5254E3568BFF35B8F15F08C
:1011E000010540D1304624F0C6FD00283BD0204CFC
:1011F000204B256104F13400C4E90035C4E90255EF
:10120000E584A562A58512F0C6FD04F158000DF035
:101210009FF8194BA3652046184B40F8843BFFF715
:10122000A7FF174BC4F884302433C4F88C304FF434
:10123000C803C4E928350023C4F8AC30C4F8B03082
:10124000C4F8B430C4F8B8300E480F4BC4F890500E
:10125000C4F89C50C4F8A850C4F8983024F0BAFDE3
:10126000304624F094FD024870BD00BF9C20002051
:10127000A0200020B08A0208B48202082C83020851
:10128000648A020861100008448A02080048704716
:10129000000000D038B5184C23685BB3174B184AD0
:1012A0001B6C11888B4216D1164B198806F082FDF3
:1012B000236893F86E200025013283F86E2083F8AE
:1012C0008050FFF7A9FB20680BF01AFA2846BDE80A
:1012D0003840FFF7BBB906F06DFD2468236820464F
:1012E0001B6A9847012384F880300020BDE838400D
:1012F000FFF7D6B938BD00BFD839012000680140DA
:101300009A2000209820002008B5074800224FF4BA
:10131000C04105F099FE054B00221A7005F00EFA47
:10132000034B186008BD00BF001802405C2100207C
:101330006021002038B5044650B90F4D2B7833B1E9
:1013400002464FF4C0410D4805F07EFE2C7038BDBA
:1013500005F0F4F90A4A1368C31AF92BF7D9064BBA
:1013600010601A78054882F001021A704FF4C041EB
:10137000BDE8384005F068BE5C210020001802403E
:101380006021002010B5044630B1A422002124F0D1
:1013900040FF6423C4F89C3010BD00002DE9F74FD6
:1013A0000446002800F0C78090F8803000EB8305E9
:1013B00040F8231001332A6403F00F0380F88030D3
:1013C00090F881300F2B9CBF013380F8813090F86A
:1013D000812000264FF0FF39844600EB820EB24692
:1013E0004F46B046B34630463146F44509D102BBBC
:1013F000C4E92322C4E9252294F8A10003B0BDE882
:10140000F08F5CF8045BDCF83C30281841F10001F7
:1014100013EB08084BF1000BAF4228BF2F46AA453B
:1014200038BFAA46994528BF99469E4238BF1E46F6
:10143000DBE700230192FEF72BFF019A0090C4F82E
:101440008C000546002340465946FEF721FF019ACD
:10145000C4F89000AAEB0707A6EB0906072A014685
:10146000C4F89470C4F89860C6D9594B4FF4FA6622
:10147000A5F16408B5FBF6F6042E38BF042698459E
:101480002FD8BE428CBF4FF0000E4FF0010E94F8E3
:10149000A0C0BCF1000F3CD0D4F884300A22B3FBCA
:1014A000F2F2322A38BF322203EB0209C4F89C90D0
:1014B000DFF81C91C84517D9BEF1000F27D172463D
:1014C00094F8A130002B59D1002A36D094F88230FC
:1014D000FF2B2AD1012384F8A130002384F8833024
:1014E00071E04FF0000ED2E7AB4294BFEB1A5B1BEA
:1014F000934234BF0023012340F6B73295420FD9FF
:10150000012F94BF00220122BEF1000F0AD0012258
:10151000D6E764229845C4F89C20CDD86346EBE713
:101520000022F1E7002BF2D1CAE70133DBB2012B35
:1015300084F88230CED1002060E784F88220BCF1AC
:10154000000F05D10123C4E9215084F8A030F2E74F
:10155000D4F88450009B1F201646E5FB00365B093B
:1015600043EAC663C4F88430D4F88830E3FB001241
:10157000490941EAC261C4F88810DCE7BCF1000FF8
:1015800023D0D4F884300A22B3FBF2F2502A38BFB9
:101590005022AB4294BFEB1A5B1B934215D8312DFE
:1015A00001D9BE4299D994F88330FF2B05D100238D
:1015B00084F8A13084F88230BDE70133DBB2132B0D
:1015C00084F88330F3D8012018E7312DEBD984E774
:1015D0003BF7030008B1D0F88C00704708B1D0F891
:1015E0009C00704708B1D0F89400704707B5064BCF
:1015F000ADF806001B68054801220DF1060107F051
:1016000089F903B05DF804FB0C000020AC21002038
:1016100010B5074C236853B107F0D8FD022806D156
:1016200020684FF0FF31BDE8104007F081BE10BDCB
:101630006821002010B5064C236843B107F0C6FDB1
:10164000022804D12068BDE8104007F094BE10BD08
:101650006821002010B5064C00222046042105F028
:10166000F3FC20460122BDE81040042105F0ECBC4B
:101670000008024038B50B4D044601220A484FF4D9
:10168000005105F0E1FC00220421284605F0DCFCB5
:101690002046FFF7ABFF28460122BDE83840042171
:1016A00005F0D2BC00080240000C024038B50B4DDA
:1016B000044600220A484FF4005105F0C5FC002200
:1016C0000421284605F0C0FC2046FFF78FFF28467E
:1016D0000122BDE83840042105F0B6BC00080240F4
:1016E000000C024005F030B80268034B9A4201D169
:1016F00005F018B8704700BF0010004008B572B67A
:10170000064800224FF4005105F09EFC03480122D8
:101710004FF4804105F098FCFEE700BF001802403E
:1017200010B5114A114C124B2046C4E90023002386
:101730004FF48042C4E90233C4E90423C4E9063308
:10174000236205F08FFE014608B1FFF7D7FF204660
:1017500006F09CF901460028F7D1204606F0B5F9BD
:101760000028F2D110BD00BF005C0040AC22002078
:10177000A086010070B540F2DC5094B007F094FDF3
:10178000FFF746FF142200210DEB020024F041FD7B
:10179000514805F00FFF514B514800220392196B3D
:1017A00041F001011963196B01F0010103910399E3
:1017B0000492196B41F0040119631B6B089203F04A
:1017C0000403049301244FF48076049B05961123AF
:1017D00005A9CDE906344FF4007505F0B1FA41488A
:1017E000059505A905F0ACFA224631463C483D4E28
:1017F00005F02AFC224629463A48394D05F024FCDA
:10180000204604F0A1FF09244FF40071304605F092
:1018100015FC0246A0B94FF48071284605F014FC6F
:10182000012004F091FF01224FF48071284605F059
:101830000BFC013C012004F087FF14F0FF04E3D10E
:1018400000224FF400712748274C284D05F0FCFB7F
:10185000012004F079FF01224FF48071204805F047
:10186000F3FB012004F070FF01224FF400711D48CA
:1018700005F0EAFB012004F067FFFFF751FF16486F
:10188000012101F04BFBFFF7D5FEFFF7C1FE01F090
:10189000E1FBFFF7CFFE05A801F080FE04F04EFF4C
:1018A0002368C31A632B0BD920609DF84230009047
:1018B0009DF84120BDF92010BDF91E0002F098FBF3
:1018C000109B2B4214BF01200020FFF733FD142092
:1018D00007F0EAFCD9E700BFAC2200200038024044
:1018E00000000240000802406421002000FFFF00C9
:1018F00010B594B0102200210AA824F08AFC14220A
:10190000002103A824F085FC224B002101911A6CD0
:1019100042F080521A641B6C03F080530193019BC8
:101920001D4B02911A6842F440421A601B6803F48E
:1019300040430293029B01214FF480330224CDE9FE
:1019400008134FF480030820CDE90E434FF4B4731D
:10195000CDE91003042308A81294139306F082FA29
:1019600008B1FFF7CBFE06F043FA0028F9D10F23A8
:10197000CDE9033405904FF4A0524FF48053052174
:1019800003A8CDE9062306F049FC0028E9D114B0EC
:1019900010BD00BF003802400070004080B59EB00E
:1019A00004F0A6FEFFF7A4FF1422002111A824F0E2
:1019B00030FC0024564B01941A6B564842F010023A
:1019C0001A631A6B02F010020192019A02941A6BC8
:1019D00042F020021A631A6B02F020020292029A6D
:1019E00003941A6B42F080021A631A6B02F08002B1
:1019F0000392039A04941A6B42F004021A631A6B5E
:101A000002F004020492049A05941A6B42F0010257
:101A10001A631A6B02F001020592059A06941A6B7A
:101A200042F002021A631A6B02F002020692069A50
:101A300007941A6B42F040021A631A6B02F04002DC
:101A40000792079A08941A6B42F008021A631B6BFC
:101A500003F00803089322463C21089B05F0F4FAA2
:101A60002D480122022105F0EFFA2B480122042122
:101A700005F0EAFA294801224FF4405105F0E4FA52
:101A8000224627484FF4C04105F0DEFA01253C23E9
:101A9000CDE911351F481394032311A9149302278C
:101AA00005F04EF91C4811A9CDE91175CDE9134493
:101AB00005F046F90423184811A9CDE91135CDE9FF
:101AC000134705F03DF94FF44053144811A9CDE9EF
:101AD0001135CDE9134705F033F94FF4C0431048F1
:101AE00011A9CDE91135CDE9134405F029F90D48C7
:101AF000139411A9CDE9115405F022F90A480B4BB2
:101B0000036004F087FE064690B1FFF7F7FD00BFC3
:101B1000003802400010024000080240000C024061
:101B20000018024000000240402300200030024024
:101B3000FFF7F6FDA74CDFF8E8C2A6624FF4827308
:101B4000C4E900C34FF4007E1823C4E906E320462D
:101B50000A23C4E90266C4E90466C4E90866E362CC
:101B600006F07CFE02460028CFD18F2339468DF83F
:101B7000440099488DF8283005F066FA4FF47A73DE
:101B80002A460AA9204606F0C5FE4FF47A732A4673
:101B900011A9204607F06AF88F48904C39462A462A
:101BA00005F052FA9DF844308D48D32B04BF8D4B7D
:101BB0001D7000230227C4E900032046C4E9027314
:101BC000C4E90A37C4E90C3304F0C0FF00289CD1F3
:101BD0000121204605F070F8002896D1824C834BF5
:101BE000A0600126C4E900364FF004091023C4E9BF
:101BF000039340224FF4C073C4E905234FF40061FE
:101C00004FF48053C4E908134FF40053E061A3621A
:101C10000AA907232046CDE90B39CDE90D37CDE9D7
:101C20000F770A9706F0FEFC054600287FF46DAF9B
:101C30004FF008084FF6FF7211A914900990204642
:101C4000CDE91286119606F00DFD304604F07CFDBC
:101C50004FF6FF7211A92046CDE91178CDE9136541
:101C600006F000FD03234FF6FF7211A92046CDE9CF
:101C70001138CDE9139506F0F5FC4FF40C73099378
:101C8000099B14934FF6FF7211A92046CDE91198D4
:101C9000139606F0E7FC40F26A51204606F000FD7C
:101CA000534B544A1E704FF0504323F8025B93424B
:101CB000FBD13422002111A824F0ABFA4E4C4F4B3B
:101CC0002561C4E9003501270923C4E905374FF030
:101CD0001D0C0323C4E907C340F20D1E40F2431359
:101CE000C4E909E340F2171840F247132046C4E95B
:101CF0000255C4E90B83A58684F8365005F078FFB9
:101D0000024600287FF401AFF021CDE912104FF414
:101D1000A07311900220CDE91430FF20CDE9160206
:101D20004FF480660520CDE918604FF05046CDE9AC
:101D30001A61204611A91C93ADF874208DF87650D5
:101D400006F00AF8044600287FF4DFAE04F079FBC1
:101D500021483A46042105F077F93A4628484FF4DD
:101D6000405105F071F9234A334623F8024B934260
:101D7000FBD1224B4FF05042C3F8AC2001225A62F3
:101D800007F012FAFEF744FCFEF741FC02F0C0F83F
:101D9000FFF7BAFA002007F093FA1A4B18600028F0
:101DA0003FF4B3AE184A1948002107F039FA184B2E
:101DB000186000283FF4A9AE164A1748002107F022
:101DC0002FFA164B186000283FF49FAE07F00EFA6A
:101DD000FEE700BFAC2100200008024000230020E5
:101DE00000B002406D21002078210020400100A0B9
:101DF0006C210020005802D004220020006801401D
:101E0000000C024068210020948302087517000826
:101E100074210020708302081F0600087021002032
:101E2000005001402DE9F04387B00E468DF8172091
:101E30000446E8B10368DBB1032564274FF00108CD
:101E40000DF11709CDE90187CDF80090A188206830
:101E50000123324605F0C8FB38B10120013D04F0F2
:101E600073FC15F0FF05EDD1012007B0BDE8F0834C
:101E70000520FAE72DE9F0430F4685B0164698464F
:101E80000446D0B10368C3B1BAB103254FF0640969
:101E9000CDE901890096A188206801233A4605F022
:101EA00033FC38B10120013D04F04EFC15F0FF0574
:101EB000EED1012005B0BDE8F0830520FAE738B582
:101EC00005460C4641B10A460123FF21FFF7D2FF28
:101ED00008B92378AB7138BD0520FCE737B540223F
:101EE000092105468DF80720FFF79CFFC0B904F0D3
:101EF00025FC044601230DF1070209212846FFF7BE
:101F0000B9FF68B99DF8073013F0400008D00120F0
:101F100004F01AFC04F012FC031B952BEAD90420F0
:101F200003B030BD2DE9F04186B005AE0023ADF819
:101F30001430B3700546C8B10368BBB103246427ED
:101F4000A046CDE901870096A988286801230422CC
:101F500005F04AFB38B10120013C04F0F5FB14F018
:101F6000FF04EED1012006B0BDE8F0810520FAE7BC
:101F700010B5044610B315484FF4007105F05EF833
:101F8000F0B113484FF4807105F058F8D0B11E231A
:101F90000322AE21204605F0C7FC70B114230222B3
:101FA0008221204605F0C0FC30B114230222D0214A
:101FB000204605F0B9FC38B9072010BD0520FCE724
:101FC0000820FAE70920F8E70620F6E700080240B3
:101FD0000000024038B51546044678B103686BB17D
:101FE0000A460C21FFF71EFF50B92A460D21204654
:101FF000FFF718FF003818BF012038BD0520FCE7A7
:102000000120FAE737B500230C468DF8033005466A
:10201000002867D0002965D00160AE2141603223DD
:102020000522204605F080FC30B12046FFF7A0FFD6
:102030000446204603B030BD0DF103012846FFF7EA
:102040003EFF04460028F4D19DF80330152B4BD1F8
:102050002846FFF743FF04460028EAD10A2004F08F
:1020600073FB224602212846FFF7DCFE08B101245B
:10207000DFE7224603212846FFF7D4FE0028F6D1E9
:102080001F2208212846FFF7CDFE04460028D0D1A4
:10209000032209212846FFF7C5FE04460028C8D1BF
:1020A00027220A212846FFF7BDFE04460028C0D19A
:1020B0003C2211462846FFF78DFF04460028B8D180
:1020C0002846FFF72FFF04460028B2D1782004F0FD
:1020D0003BFB022301AA21462846FFF7CBFE012342
:1020E000EB71A6E70524A4E70324A2E72DE9F0435A
:1020F0008846B3B091461F460546002856D00029B1
:1021000054D0002B52D0002A50D000233B7001AA9B
:1021100003230421FFF7AEFE0646002842D19DF8B6
:1021200004409DF8063084EA0302D20632D19DF8BD
:102130000530DB0636D04C46202C28BF202404EB8B
:10214000440302AA5B0007212846FFF793FE0246DC
:1021500070BB02AD08F104016B7828781B0243EADA
:102160000043A8780343C3F3110348F832302B79B6
:10217000E8781B0243EA004368790343C3F3110381
:1021800041F832300132D3B29C4205F10605E3D862
:102190003C7007E0E41A04F01F044C4528BF4C468D
:1021A000002CCCD1304633B0BDE8F0830526F9E7EA
:1021B0000646F7E730B50C4685B00546002846D000
:1021C000002944D0022303AA0021FFF753FEE0BBFD
:1021D0009DF80C3023709DF80D30637003AA032323
:1021E00004212846FFF746FE78BB9DF80C3003F02B
:1021F0001F03A3709DF80D3003F01F03E3709DF8DB
:102200000E3003F01F032371621D012308212846AD
:10221000FFF730FEC8B9022301AA09212846FFF7BB
:1022200029FE90B99DF80430A3719DF80530E37143
:1022300002AA02230C212846FFF71CFE28B99DF8AC
:10224000083023729DF80930637205B030BD052057
:10225000FBE773B50E460546002848D00368002BFF
:1022600045D000220921FFF7DDFD044648B90220D0
:1022700004F06AFA224602212846FFF7D3FD18B17E
:102280000124204602B070BD224603212846FFF7F4
:10229000C9FD0028F4D11F2208212846FFF7C2FDFE
:1022A0000028EDD1032209212846FFF7BBFD0028B5
:1022B000E6D127220A212846FFF7B4FD0028DFD106
:1022C000324631462846FFF785FE0028D8D12846F9
:1022D000FFF728FE04460028D2D1022301AA0021DC
:1022E0002846FFF7C7FDA02004F02EFAC9E7052411
:1022F000C7E700002DE9F043DFED4B7AADF5017D36
:1023000004464FEA810900EB8105AC4256D107EE45
:10231000101AB8EE476A01F1FF3E87EE867A002573
:10232000D0ED007A83ED007A01F18043013B9F00FC
:1023300000EB8303F8EE676AD3ED007ADFED3A5ADB
:10234000F8EE677A07EE10EA77EEE67AB8EE477AAB
:102350006B4687EE875A98469C46ACB2A14234D869
:102360001C46002085EE867A85B2A94243D81146E4
:10237000186841F8040B1FFA8EF50020B0EE087AB9
:10238000013084B2A5423ED80CEB8E01D319096806
:102390009FED250A196002EB0903F2EC017A9342E2
:1023A000A7EEA70AF9D180EE060A22F0A7FD889BC6
:1023B00083ED000A0DF5017DBDE8F083B4EC017AF0
:1023C000B8EE477A77EE877A9FE707EE104A50F823
:1023D0002560B8EE477AF0EE664AE5EE074A013529
:1023E00007EE906AF8EE677A77EEE47A75EEA75A10
:1023F000E8EC017AB1E7D4ED007A77EEC77A0130E4
:10240000E4EC017AB0E7D3ED007AD3ED016A77EE20
:10241000A67AD3ED026A77EEA67A0433C7EE876A0E
:10242000E1EC016AACE700BF000000002DE9F04FCD
:102430002DED088BADF2246D0DF1180ADDF86866FC
:1024400008EE903A00230C461746B0EE408A0493FB
:102450000593CAF800300DF11C080793002E00F018
:102460004382002535607560002800F03D82002918
:1024700000F03A82A2F12003602B00F23582B5EE23
:10248000C00AF1EE10FA40F22F8204AB08AA3946D6
:10249000CDF800A0FFF72EFF05ABCDF8008088AA8D
:1024A00039462046FFF726FFF8EE688A9DED049A2C
:1024B000F4EEC98AF1EE10FA94BF01232B46737132
:1024C00000F21282F7EE009AB4EEE99AF1EE10FAF9
:1024D00040F20A82DFED9F7A9FEDADAADFED9EAA62
:1024E00028EE278A4FEA5709C8EE0A7AFCEEE77A07
:1024F00017EE903AC8EE2A7A1FFA83F8FCEEE77AD4
:1025000017EE903A9CB2022C38BF0224C14528BF76
:10251000C1464C453ED3DFED917AB0EE670A9AEDA5
:10252000007AF5EE006A27EE267A0023B4EE697A87
:10253000F1EE10FAF7EE006A48BFB0EE667A0DF1E0
:10254000200E9C461D460122DEED016AF4EEC76AAC
:10255000F1EE10FA40F321819EED006AF4EEC66AB6
:10256000F1EE10FAC0F219819EED026AF4EEC66A2D
:10257000F1EE10FA40F3118190B24DB1411B89B2D6
:102580008C4200F20781884502D301338C449BB210
:10259000054602E14FF4007229460DF5846023F0F0
:1025A00038FEDFED6FBAA346FFEE008A1FFA8BF309
:1025B000994567D2631C9BB20DF584629FED697AE1
:1025C000DFED6A6A02EB8302994540F0A180002D9D
:1025D000A1D02B46DFED657AF4EEE78AF1EE10FA32
:1025E00099D407EE903A0DF5846202EB83029C4287
:1025F000B8EE676AD2ED007A28D2994526D90DF552
:10260000846202EB830212ED017AB0EE005AF0EE22
:10261000476AE7EEC56A0DF5846202EB8303D3EDEA
:10262000015A9FED4F5A75EEA66AF0EEE64AF4EEB7
:10263000C54AF1EE10FA09DD37EE657AF6EE005A7A
:1026400027EE257AC7EE265A36EE256A88EE060A68
:10265000B4EECA0AF1EE10FAFFF661AFB4EEEA0A80
:10266000F1EE10FA3FF65BAF01239FED487A67EE7B
:10267000877AF5EEC07AF1EE10FA40F1BC80DFED1A
:10268000377AC1E0DFED357A4FEA8B0208A8029273
:10269000FA1A00EB8B0C0021B0EE670AB0EE67BAB5
:1026A00092B21FFA81FE964523D3B4EEEB0AF1EE07
:1026B00010FA2AD9F4EEEB7AF1EE10FA25D920EED1
:1026C000270A039322F01AFCCBEE007A039B029AAE
:1026D0000DF584610A440BF1010BF4EEE78AF1EE8B
:1026E00010FAC2ED007A48BF1D4648BFF0EE678A77
:1026F0005CE7F0EC016ABCEC017AA6EEA60A0131B7
:10270000A6EE87BAE7EE077ACBE7DFED147ADEE7CD
:10271000F2EC017A12ED026AF4EEC67AF1EE10FAEA
:1027200013DB92ED006AF4EEC67AF1EE10FA0CDBE0
:1027300028EE876AF4EEC67AF1EE10FA05DBF4EEC5
:10274000E67AF1EE10FA3FF745AF01339BB23BE773
:102750000A46F9E60000704200005C4300000000F9
:10276000BD3786359A99593F3333B33ECDCC4C3E75
:102770006666E63F713D34C2FED4F241A4B0BD426C
:1027800000008C420000C94217B751380000C8420F
:1027900000000C42884538BF0546511C0232974262
:1027A0000EF1040ED4D8002B3FF45FAF06EE903A42
:1027B00007EE10CAB8EE666AB8EE477AC7EE066A48
:1027C00088EE260AB4EECA0AF1EE10FAC0F2928040
:1027D000B4EEEA0AF1EE10FA00F28C801FED1E7AD8
:1027E000F4EEC77AF1EE10FA00F186801FED197A47
:1027F00067EE877A01231FED1B7AF4EE477AF1EE3C
:1028000010FAC8BFF0EE477AFCEEE77A17EE902A8E
:1028100032717BB1DAED007A87EE897A5FED267A44
:10282000B4EEE77AF1EE10FA04DD22F00FFC01239A
:102830007080F371DDED057AF4EEE97AF1EE10FACD
:1028400052DD9AED006AB4EEE96AF1EE10FA4BDD62
:102850009DED077AB4EEE97AF1EE10FA44DDC6EEAA
:10286000096A87EE276A5FED3F7A86EE267AB4EE34
:10287000E77AF1EE10FA37DB5FED437AB4EEE77AF0
:10288000F1EE10FA30D85FED457A1FED456A67EE3C
:10289000277A67EE877AE7EE067A1FED487A77EEB9
:1028A000877A1FED497AF4EEC77AF1EE10FA1BDB56
:1028B0001FED4C7AF4EEC77AF1EE10FA14D81FED42
:1028C0004E7AF4EEC76AF1EE10FA0DDD1FED510AF3
:1028D000F4EE407AF1EE10FAD8BFB0EE670A22F0BB
:1028E000B5FB01233080B3710DF2246DBDEC088B74
:1028F000BDE8F08F0023B8E65FED5B7A012383E744
:10290000034A13680133012B38BF0123136070475A
:10291000802A00200C4A002313800C4A13800C4AA2
:1029200013800C4A002111600B4A538193819373E9
:1029300093845385938582F82E30084B084A19609A
:10294000084B1A60704700BF342400203224002056
:102950003024002064230020802A002060230020EF
:1029600000007A445C23002070B50A4E0A4D3046C0
:10297000FEF708FD094B00241C70094B85F829401F
:102980001C70084B30461C70FEF728FEC5E9070492
:1029900070BD00BF8C230020802A00204A23002025
:1029A0004923002048230020F8B5234E234F032558
:1029B00031683846FFF726FB044660BB204D85F89A
:1029C0002840B4FA84F4640985F82740FFF7CCFF67
:1029D0001C4A002313701C4A137003F0AFFE1B4BFC
:1029E000186003F0ABFE1A4B1A4A18603C231370B0
:1029F00085F8263003F0A2FE174B1860FFF78AFF18
:102A000095F827302B7203F099FE144B1860BDE83F
:102A1000F840FFF775BF306804F0CCFD022003F0EA
:102A200093FE306804F01EFD013D0A2003F08CFE89
:102A300015F0FF05BCD1C1E77C2A0020C42A002084
:102A4000802A00206D2300206C2300207C2300209E
:102A50007823002088230020842300208023002066
:102A60001FB5154A1368C31AF92B22D9106001A9A2
:102A70001248FFF79FFBE0B99DF809309DF80A1056
:102A80000F4A1B0443EA01639DF80C100B439DF8A9
:102A90000B1043EA0123D3619DF807309DF806101F
:102AA0001B0243EA01439DF808100B431362FFF732
:102AB00027FF05B05DF804FB74230020C42A002022
:102AC000802A0020F8B52A4E2A4D337885F8280050
:102AD000FF2B0C462CD1284F022238681423AE213C
:102AE00004F022FF254A48BB1070254A1368E31AF8
:102AF000B3F57A7F21D3396822481460FFF782FA50
:102B0000D8B901232B72204B30703C221A704FF43D
:102B10009E73EB841D4B85F828001C601C4B1C60C9
:102B2000FFF7F8FEFFF720FFBDE8F840FFF7E8BE2B
:102B30000133DBB2072B3370CDD8F8BD1378FF2BF0
:102B400010D13868FFF714FA0023012885F82730E0
:102B50002B72104B38BF012085F828001C60FFF74E
:102B6000D9FEE1E70133DBB2022B1370E5D9E8E7C8
:102B70006D230020802A00207C2A00206C23002066
:102B800078230020C42A00208823002084230020EA
:102B90007C230020802300201C4B002219784A2926
:102BA00002F1010229D15978752926D199786C2929
:102BB00023D1D2B240F2E97340F2EA71022A88BF0F
:102BC0000B461349827011441A2211F8011CC2707D
:102BD0000B4403F205230721B3FBF1F1C1EBC10163
:102BE0005B1A08BF07230371162340F2EA71437191
:102BF00042F21E030180C38070470C2A03F10303D5
:102C0000CCD1012240F2E973DBE700BFD083020898
:102C1000C48302082DE9F04FB64C8BB003F08EFD53
:102C200094F82F800646B8F1000F40F0388103F089
:102C300085FDB14B0390D3F800B0B04B59790191A9
:102C4000DA79987919889D78C246D146CDF80890EE
:102C5000DDF808E0039FA7EB0B0CBCF57A7F7AD276
:102C6000DFF898C2BAF1000F01D08CF80250B8F129
:102C7000000F01D0ACF80010B9F1000F02D001999B
:102C80008CF80510029909B18CF80600BEF1000F0E
:102C900004D08CF80720984AC2F800B01A68C4F82B
:102CA00032205A68964F012384F8303094F8273048
:102CB0007A60002B00F0ED80924B1B6841F2873266
:102CC000F31A934240F2E5808F4A136843F6972146
:102CD000F31A8B4240F2DD808C4B16601A788C4BD5
:102CE0008C48196894F82F8000258DF8175000F053
:102CF000C1FFB0F1000A0CBF01232B4684F82F302E
:102D000040F0CA8008AD0DF118094846FFF744FFAE
:102D1000CDF820A029467F48C5F804A000F0C1FFE7
:102D20000DF1170106467B4801F0A8F80643F6B2FC
:102D3000002E6CD08DF817A07648494601F018F89F
:102D4000002840F0958099E80300012385E80300FE
:102D50008DF817308CE00132D2B23B2A0BF57A7B2A
:102D60004FF0010E7FF676AF7044C0B23B28CDF82D
:102D700008E04FF000027FF66BAF019F7744F8B296
:102D80000190019F172FF14610467FF65FAF1A7929
:102D900093F803C0062A98BF72440CF1010C94BF4B
:102DA000D2B272465FFA8CFC022D1A7183F803C00E
:102DB00010D18A070ED16420B1FBF0F200FB121291
:102DC00092B20ABB4FF4C870B1FBF0F200FB1212D2
:102DD00092B2CAB1504A2A4412F801EC0022F445DA
:102DE0004FF00109104601927FF630AF4D44EDB22D
:102DF0004FF001070C2DDF70CA467FF626AF49441D
:102E000089B24D46C8461FE74FF01D0EE6E79DF814
:102E10001730002B90D0BDF82020BDF818309A4212
:102E20008AD325D89DF822209DF81A309A4283D360
:102E30001ED89DF823209DF81B309A42FFF47CAFEA
:102E400016D89DF825209DF81D309A42FFF474AFE6
:102E50000ED89DF826209DF81E309A42FFF46CAFE4
:102E600006D89DF827209DF81F309A42FFF464AFE2
:102E700003CD9DF81730C4F83200796084F8303003
:102E800094F82F30434502D194F830300BB9FFF756
:102E900037FD0BB0BDE8F08F84F83050F0E71A4AE8
:102EA0001368C31AB3F57A7FF3D304F132071060C5
:102EB000002318488DF82030394600F0F2FEDFF884
:102EC00038800E4D80B9134808A900F0D7FF58B9D3
:102ED0009DF8203084F83030D4F832302B607B6895
:102EE0006B60C8F80060D2E7002384F82F3001231C
:102EF000F0E700BF802A0020502300205423002048
:102F0000B22A00204C23002068230020782A0020C9
:102F10007C2A0020BC2A0020B8830208384B2DE907
:102F2000F7430024374FDFF82881C3E90044364BCC
:102F30000D460646382221463846C3E9004423F0B0
:102F400068F94FF4C8722146304823F062F92146EF
:102F50004FF4C8722E4823F05CF92E4BC8F800607D
:102F60001D703D1F0A2385F8283032232B823C2315
:102F700085F82630284B294E00221A60284B294A12
:102F80001A6068464FF0010947F8049CFFF704FEF9
:102F9000009B33604368736003F0D0FB224B85F8DD
:102FA00030901860214B18603368C7F82E30736872
:102FB000C5F836301E4B1C701E4B1C7003F0BEFB58
:102FC0001D4B186003F0BAFB1C4B18601C4B1C60B7
:102FD0001C4B1C601C4B1C70D8F800300BB1FFF769
:102FE000E3FC03F0ABFBFFF73BFD002385F82F303C
:102FF00003F0A4FB154B186003B0BDE8F08300BFDD
:10300000C42A0020842A0020BC2A0020E8280020AE
:1030100058270020782A0020602300205423002015
:103020005C23002000007A44502300204C23002021
:103030006D2300206C2300207C23002078230020B7
:1030400074230020702300206E23002068230020BA
:103050007C2A00202DE9F04F99B000235D4C8DF8BB
:10306000173003F06BFB94F82770064687B9FFF71B
:10307000D1FD594B1B6840F6B732F31A934204D97D
:10308000564B1B680BB1FFF78FFC19B0BDE8F08FF2
:1030900053480DF11703082208A9FFF727F8054642
:1030A00018B13146FFF70EFD18E04E4BDFF858819E
:1030B00018704D4B84F8280018709DF81730002BBD
:1030C00000F0F981494BC8F80060494EDFF82881CB
:1030D00018709DF81720EBB29A4202D8FFF79AFDBC
:1030E000D3E718AA4FEAC30902EBC303404653F8DB
:1030F0003C1C53F8402C6161A26196F800B0FEF7C9
:103100004DF930704046FEF769FAE0614046FEF73F
:1031100069FA96F800A02062BAF1000F40D1354B51
:103120001B7803F0010384F8293003F007FB0390B8
:103130003148FEF74FFA314A03991268304B8A1A28
:10314000B2F5FA6F93F800C063D398F88120072A8C
:103150005FD92C4A904225D9BCF1200F22D9624672
:10316000302A38BF3022103AD2B22448039201608C
:1031700011461B48FEF72EFF039A214B002848D129
:1031800017481A7084F82620FEF7CCFEFFF7ECFBF8
:10319000FFF7C0FB01232372FFF7B2FB013598E76D
:1031A0000123BEE796F800E0144ABEF1000F2FD1CC
:1031B000DFF840E09EF800E0BEF1000F28D177284C
:1031C00026D8BCF17E0F23D80CF120027F2ACBD960
:1031D0007F22CAE7802A0020802300207C2A00204A
:1031E000C42A00206D2300206C2300206E230020C1
:1031F0004A230020492300208C2300208423002020
:103200008823002007BD03007C2300200AD7A33CAD
:103210001160BAF1000F04D0BBF1000F01D1FFF72C
:1032200079FB09F160036B445FED086A53F83CAC2D
:10323000C04BC14A93ED007A07EE90AAB5EE407AF2
:10324000F8EE677AF1EE10FA08BFC3ED007A93ED5D
:10325000007A04BFB949116037EEC76AA6EE267A34
:103260009FEDB76A83ED007A37EEC77AD2ED007A28
:10327000F0EEC76A76EEE76AE6EE867ADFEDB16ACF
:103280009FEDB16AF4EE667AF1EE10FA48BFF0EE07
:10329000667A27EE067AB0EE086AC2ED007A67EE2B
:1032A000867A87EE270ADFEDA97A30EE270AB5EE97
:1032B000C00AF1EE10FA00F1D380B4EE660AF1EE26
:1032C00010FAC8BFB0EE660A21F0C0FE09F1600333
:1032D0009F4ADFF8C0E220820DEB0309138859F8FA
:1032E000401CDFF8B4924EF8231049F823A0642163
:1032F0000133B3FBF1F001FB1033964913800A88C8
:103300009548632A9CBF01320A800288B1F800C048
:10331000A4F824C001321FFA82FA3278A0F800A083
:10332000002A40F0A0808D4A1278002A40F09B804D
:103330000121BCF1640F84F8292021727FF42CAFA5
:10334000BAF1180F7FF628AF0022DFF814B2DFF8C9
:1033500014A202809918B1FBFCF00CFB1011013291
:1033600059F821005EF821104BF8040B642A4AF842
:10337000041BEFD106AB7A4800939FED720A79499E
:103380000023FFF753F863689DF81F209DF81E0087
:1033900084F82A200133012B38BF012363609DF894
:1033A0001C30A37384F82B00002A5FD0021EBDF9E5
:1033B0001AC084F82C0018BF0122A4F80AC008B172
:1033C000BDF91800B4F82A9096F800E0664BA08189
:1033D000B9F1000F4ED0DFF884A101218AF8001066
:1033E0004FF0000A83F800A0BEF1000F50D084F81F
:1033F0002910002A57D05D4B93ED007A07EE90CA52
:10340000B5EEC07AF1EE10FAF8EEE77A81BFDFEDA3
:10341000586A67EEA67ADFED576AE7EE267A9FEDE7
:10342000567AC3ED007AF4EEC77AF1EE10FA4BBF8C
:103430004FF02D0E4FF0320E69236E23F44503DB5F
:103440009C45D4BF00220122542811462EDDF445AC
:103450004FF000022DDB9C45CCBF0723042364E022
:103460009FED460A30E73A46022162E784F82C20B5
:103470009446A2E71978FF294ED001311970BEF1A8
:10348000000F4CD1CBB2022B02D9344B0021197062
:10349000324B1B7884F82930B9F1000FA9D1002BE9
:1034A00040D101233FE0114602233EE03A46052386
:1034B0003BE0062339E03046FFF7D2FAD8F8003077
:1034C00040F2DB52F31A93427FF608AE2C4A13689F
:1034D000F31AB3F57A7FFFF401AE2A4B2A48197824
:1034E0001660FEF7B6FE00287FF4DBAD274A13789E
:1034F000FF2B1CBF0133137001232372002384F8B8
:103500002830234B1E60FFF705FAFFF72DFA03F072
:1035100015F9FFF7A5FAE1E5BEF1000FB5D00123DB
:1035200084F8293003230022114684F82D2084F8E2
:103530002E1030E6602300205C23002000007A4437
:10354000CDCC4C3D0000C842000020420000484263
:10355000342400203224002030240020492300207D
:10356000C8250020382400204823002064230020A0
:10357000CDCCCC3D6666663F0000A0420000000056
:103580007023002088230020C42A00206E230020FE
:103590008423002058270020E828002070B5044626
:1035A00078B1EFF3108672B6064D0FCD0FC40FCD74
:1035B0000FC40FCD0FC495E8070084E8070006B9D3
:1035C00062B670BD802A002082B00E4B00220092AD
:1035D000596C41F480415964596C01F48041009167
:1035E00000990192196C41F0805119641B6C03F031
:1035F00080530193019B0F216FF0010002B003F093
:10360000C9B800BF003802400268094B9A4282B034
:103610000BD100230193074B1A6B42F480521A63BB
:103620001B6B03F480530193019B02B0704700BFF2
:10363000003002400038024007B50F4B02689A4242
:1036400016D10022A3F5F0430192196B41F4000159
:1036500019631B6B03F40003019305215A20019B9E
:1036600003F098F85A2003B05DF804EB03F0C4B8F7
:1036700003B05DF804FB00BF00B002402DE9F04349
:10368000044689B01422002103A822F0C2FD22685A
:10369000244B9A4243D1244C244800250095236BA7
:1036A00043F004032363236B03F004030093009BA4
:1036B0000195236B43F001032363236B03F00103A4
:1036C0000193019B4FF012094FF400734FF0010872
:1036D0000327042603A9CDE90339CDE90587079619
:1036E00003F02EFB4FF480731148079603A9CDE930
:1036F0000339CDE9058703F023FB0295236C43F4DE
:1037000000032364236C03F400030293029B236AE7
:1037100043F400032362236A23F40003236209B005
:10372000BDE8F083005C0040003802400008024021
:103730000000024008B502680A4B9A4210D10A4ABA
:103740000A48136C23F4000313644FF4007103F070
:10375000DBFBBDE8084006484FF4807103F0D4BBA2
:1037600008BD00BF005C0040003802400008024075
:1037700000000240F0B599B004461422002107A8C9
:1037800022F047FD30220DEB0200002122F041FD26
:1037900022685A4B9A4240F0AF8008230C93C02312
:1037A0001093042312930CA84FF40033159304F0E4
:1037B0000DFE08B1FDF7A2FF514B524800250095C0
:1037C0005A6C42F080625A645A6C02F08062009235
:1037D000009A01951A6B42F020021A631A6B02F0EC
:1037E00020020192019A02951A6B42F001021A63BB
:1037F0001A6B02F001020292029A03951A6B42F0D0
:1038000002021A631A6B02F002020392039A0495F1
:103810001A6B42F040021A631A6B02F040020492E3
:10382000049A05951A6B42F004021A631A6B02F0AF
:1038300004020592059A06951A6B42F008021A6373
:103840001B6B03F00803069302240E26069B0B96BF
:103850004FF4806307A9CDE90734CDE9095403F09B
:103860006FFA41F6580328480B9607A9CDE90734AB
:103870000927CDE9095403F063FA032323480B9782
:1038800007A9CDE90734CDE9095403F059FA4FF4FB
:1038900070631E480B9607A9CDE90734CDE909549A
:1038A00003F04EFA4FF40C6319480B9607A9CDE9C3
:1038B0000734CDE9095403F043FAC02315480B96A9
:1038C00007A9CDE90734CDE9095403F039FA0823F3
:1038D00011480B9607A9CDE90734CDE9095403F047
:1038E0002FFA4FF4A0530A480B9707A9CDE90734E4
:1038F000CDE9095403F024FA19B0F0BD0068014085
:10390000003802400014024000000240000402405F
:103910000018024000080240000C024010B50446A6
:1039200088B01422002103A822F073FC2268144BF3
:103930009A4223D103F56843002101915A6C114842
:1039400042F480125A645A6C02F480120192019A75
:1039500002911A6B42F020021A631B6B03F02003E2
:103960000293029B4FF4607202230321CDE90323EB
:103970000523CDE9061303A903F0E2F908B010BD51
:1039800000500140001402402DE9F04188B00023AE
:103990000593334B1C68002C5FD14FF00108C3F82E
:1039A0000080304B01949A6B2F4842EA08029A63D8
:1039B0009A6B02EA08020192019A02941A6B42F091
:1039C00002021A631B6B03F002030C250293022709
:1039D0000326029B0DEB05016023CDE90337CDE9FA
:1039E000066503F0ADF94FF63F03204807950DEB50
:1039F0000501CDE90337CDE9054603F0A1F91C48DF
:103A000007950DEB0501CDE90387CDE9054603F0E8
:103A100097F948F23313174807950DEB0501CDE9E7
:103A20000337CDE9054603F08BF94FF6837312484F
:103A300007950DEB0501CDE90337CDE9054603F008
:103A40007FF94CF203730D4807950DEB0501CDE9A5
:103A50000337CDE9054603F073F908B0BDE8F081FE
:103A6000CC2A00200038024000040240001402402A
:103A7000000802400018024000100240000C024002
:103A800070B588B000230293204B1A6C42F01002EC
:103A90001A641B6C03F010030293054601A903A8E6
:103AA000029B04F075FC069B4BBB04F051FC184EC6
:103AB000184B336040F2E733F360174BB0FBF3F37E
:103AC000013B7360304600233361B360B36105F09E
:103AD00097FA044680B9304605F06CF9044658B9A7
:103AE000362002F089FE0F2D0DD8224629463620B9
:103AF00002F050FE094B1D60204608B070BD04F076
:103B000027FC4000D3E70124F6E700BF003802405D
:103B1000D02A00200010004040420F001800002072
:103B200070470000064800224FF4005108B503F02A
:103B30008BFA034801224FF4804103F085FAFEE737
:103B400000180240FEE7FEE7FEE77047014805F077
:103B50006FB900BFD02A0020014804F0A0B800BF10
:103B600004220020014803F01DB800BF00230020FC
:103B7000014802F02DBF00BF642B002001207047D8
:103B800008B522F0A5FB162303604FF0FF3008BDF7
:103B900008B522F09DFB16230360FEE770B50D46C5
:103BA00014460E46731B9C4201DC204670BDAFF3E9
:103BB000008006F8010BF5E770B50D4614460E4679
:103BC000731B9C4201DC204670BD16F8010BAFF35D
:103BD0000080F5E74FF0FF3070474FF400534B6023
:103BE0000020704701207047002070470A4A116882
:103BF00008B5034609B909491160106869460344CC
:103C00008B4206D922F064FB0C2303604FF0FF3097
:103C100008BD1360FCE700BF182B002010470120EF
:103C2000030903EB830300F00F0000EB4300C0B275
:103C30007047F0B10388A3F5FA639BB2632B17D8E2
:103C40008378013B0B2B13D8C378013B1E2B0FD875
:103C50000379013B062B0BD84379172B08D88379BE
:103C60003B2B05D8C0793B288CBF00200120704732
:103C70000020704710B50446084674B169B10023AE
:103C80002160D021A271E371A1806423032203F09B
:103C90004BFE20B90123E37110BD0420FCE7022094
:103CA000FAE710B50C4686B0014600285CD0002C1F
:103CB0005AD00068002857D007236422CDE901328A
:103CC00004AB009300228988012303F01DFD024606
:103CD00000284BD19DF8100000F07F00FFF7A0FFF7
:103CE000E0719DF8110000F07F00FFF799FF9DF84B
:103CF0001210A0714B0632D501F01F00FFF790FFA4
:103D00000C2808BF002011F0200118BF0C21084426
:103D1000C0B260719DF8130000F00700FFF780FF4C
:103D200020719DF8140000F03F00FFF779FFE0706C
:103D30009DF8150000F01F00FFF772FFA0709DF8BE
:103D40001600FFF76DFF00F5FA6020802046FFF7B0
:103D500070FF002808BF0322104606B010BD01F016
:103D60003F00FFF75DFFD4E70422F5E70122F3E708
:103D70002DE9F041044688B000287BD00568002D6D
:103D800078D00846FFF755FF002873D0CA790A2378
:103D9000B2FBF3F003FB102242EA00128DF8182068
:103DA0008A79B2FBF3F003FB102242EA00128DF88D
:103DB00019204A79B2FBF3F003FB102242EA001209
:103DC0008DF81A200A79B2FBF3F003FB102242EAC5
:103DD00000128DF81B20CA78B2FBF3F003FB10220F
:103DE00042EA00128DF81C208A78B2FBF3F003FB44
:103DF000102242EA00128DF81D200A883032D2B219
:103E00004FF06408B2FBF3F103FB11220723CDE965
:103E1000013806AB42EA011200938DF81E202846B5
:103E2000A1880123002203F0DFFB054620BBA37914
:103E3000E3B901260DF11707CDF808800196009728
:103E4000A188206833460F2203F05EFC70B9CDE9EB
:103E500001689DF81730009703F07F038DF8173045
:103E6000A188206833460F2203F0BEFB284608B025
:103E7000BDE8F0810425F9E70125F7E770B50D46A7
:103E800086B00446E0B10068D0B1C9B1A37901267B
:103E9000002B4FF06403CDE901630DF1170300938C
:103EA0000CBF0F220022A188334603F02DFC48B935
:103EB0009DF81730DB43C3F3C0132B7006B070BD01
:103EC0000420FBE73046F9E7054B1A685206FCD59B
:103ED0005A6922F080025A61024B00221A70704720
:103EE00000100140202B0020064A536923F0800374
:103EF0005361054B00221A70044A136801331360A2
:103F0000704700BF00100140202B00201C2B002018
:103F100030B589B00025314B00951A6B3048314CD3
:103F200042F001021A631A6B02F001020092009A39
:103F300001955A6C42F010025A645A6C02F0100259
:103F40000192019A02951A6B42F480021A631B6B6C
:103F500003F480030293029B4FF4C0620223CDE975
:103F600003230122CDE9052303A90723079302F0C8
:103F7000E7FE04F0FDF94FF4E13300F56140B0FBDA
:103F8000F3F003F18043A3F5324342F20802986054
:103F90001D615D61DA6003F5AA33B83323604FF029
:103FA00000614023C4E9011320464FF48063C4E953
:103FB0000435C4E90655C4E90855E56002F050FC33
:103FC000094BE3632A46094BE3640521462002F0CE
:103FD000E1FB462002F010FC09B030BD0038024081
:103FE00000000240642B0020C93E0008E93E0008A2
:103FF000F0B5194E347885B004F0FF0734B1174A94
:10400000136801331360002005B0F0BD5B4203F07C
:1040100002031A43CDE901120A9B114A114D009087
:1040200040211148012422F07BF834702A680E499F
:1040300022F0400203462A600C480D4A02F08EFC32
:1040400020B1064A377013682344DBE76B6943F0FD
:1040500080036B612046D7E7202B00201C2B00201B
:10406000A476020800100140212B0020642B0020C0
:1040700004100140704710B50421044621F079FE78
:10408000204610BD08B503290FD8DFE801F00A0269
:10409000060A01F04BFC406808BD01F047FC80684F
:1040A000FAE701F043FC0068F6E70020F4E70000BF
:1040B000004870470C8402080120704713B50024A3
:1040C00051B1036801948DF8034001AA9C680DF179
:1040D0000303A04702B010BD0846FBE7C089704744
:1040E000008A7047C088704780887047807A00F0E7
:1040F0007F007047807AC009704700207047000039
:104100009FED010A704700BF00000000704710B526
:104110000821044621F02DFE204610BD704770474F
:1041200000F598730868496803C370477047704783
:104130004160704770477047064BC0F84C31002310
:10414000C0F8503100F5A273C0F84801C0F8403102
:10415000704700BF45430008012303727047704752
:1041600010B4C26841685410034601EB6200D207E4
:1041700048BF0A599B685DF8044B48BFD35818479D
:104180000346406830B19A681AB9D86800F0010057
:1041900070470120704710B50C21044621F0E9FD5D
:1041A000204610BD10B51021044621F0E2FD204646
:1041B00010BD10B54FF4AE71044621F0DAFD204673
:1041C00010BD10B50EF0E2F80368BDE81040DB6BDF
:1041D000184710B50446D0F8400158B10368DB68B1
:1041E000984738B1D4F8400103689B68984700238A
:1041F000C4F8403110BD00002DE9F14FD0E9556AF7
:104200000746B06803681B6A9847B0F5A95F05D2F6
:10421000444B454AA321454821F0BEFD7068036820
:104220001B6A98470F2803D8414B3F4AA421F2E765
:10423000F06803681B6A98470B2803D83D4B3A4A3D
:10424000A521E8E70EF0A2F8DFF8F09004300EF0B8
:10425000C2F8D9F8000010B10368DB689847D9F8B4
:10426000000010B103681B689847DFF8D480D8F8C5
:10427000000010B103685B699847D7F83C0110B1A2
:1042800003685B689847D8F8000010B103681B68A2
:104290009847D7F83C0110B103689B689847F068CD
:1042A000036800215B6A98474FF0000B224BC0F86F
:1042B00004B0044680F808B00360B068036859464B
:1042C0005B6A9847054601F0F1FE7068036859463D
:1042D0005B6A98472946064601F0A2FE331DC7F8DF
:1042E0003C61C9F80040C8F80050CAF800302B689B
:1042F000C6F808A02846DB68EE6398473368304666
:104300001B6898472146284610F05DFA236820462E
:104310001B69984723685B69204601B0BDE8F04FF0
:10432000184700BFB97602084777020819780208D3
:104330006078020803790208A4840208203A012068
:10434000243A01202DE9F14FD0E9556A0746B068BB
:1043500003681B6A984740F25B43984205D8444B78
:10436000444AA321444821F017FD706803681B6A82
:1043700098470F2803D8414B3E4AA421F2E7F06842
:1043800003681B6A98470B2803D83D4B394AA5217F
:10439000E8E70DF0FBFFDFF8F09004300EF01BF8BB
:1043A000D9F8000010B10368DB689847D9F800001D
:1043B00010B103681B689847DFF8D080D8F8000078
:1043C00010B103685B699847D7F83C0110B10368E6
:1043D0005B689847D8F8000010B103681B689847DD
:1043E000D7F83C0110B103689B689847F0680368F0
:1043F00000215B6A98474FF0000B224BC0F804B0D5
:10440000044680F808B00360B068036859465B6AE8
:104410009847054601F0FAFB7068036859465B6AE5
:1044200098472946064601F097FB331DC7F83C61C3
:10443000C9F80040C8F80050CAF800302B68C6F828
:1044400008A02846DB68EE639847336830461B684F
:1044500098472146284610F0B6F9236820461B6984
:10446000984723685B69204601B0BDE8F04F1847C4
:10447000B9760208A679020819780208607802085D
:1044800003790208A4840208203A0120243A01207A
:10449000044B1B6893F85C200AB1186D00B998684A
:1044A000704700BFD8390120F8B5174604460E46BC
:1044B0000EF032F8124B1C60124B2360124B002599
:1044C000C4E95135114BC4E95355186803680121FB
:1044D0009B68C4E94F55C4E955769847284601F0D2
:1044E000D9F9FFF7D5FF18F0FCFDFFF7D1FF18F061
:1044F00073FEFFF7CDFF18F07BFE2046F8BD00BF2E
:10450000283A01205084020838840208D839012052
:10451000064BC0F84C310023C0F8503100F5A273AF
:10452000C0F84801C0F84031704700BF454300085B
:10453000064BC0F84C310023C0F8503100F5A2738F
:10454000C0F84801C0F84031704700BFF941000889
:10455000406A7047806A704770478A880B8810B538
:10456000D20A4C88C1699BB251F8220043EA044345
:10457000184410BD10B50446BAB1107B68B1537B26
:10458000D27A1B0203F4E0631A43236A03EB82032B
:104590001A888A4202D193F9020010BD05D8013869
:1045A00080B204330028F3D1F7E70020F5E710B517
:1045B0002C21044621F0DDFB204610BD30B58BB028
:1045C0000446BDF860500895BDF85C5007959DF80D
:1045D000505006959DF84C5005959DF8485004950F
:1045E0009DF8445003959DF8405002959DF83C502D
:1045F0000195BDF8385000950FF08AFC064B2360FA
:10460000159BE361169B2362199B63621A9BA3624D
:1046100020460BB030BD00BFC88402087047704709
:1046200070477047704730B5036885B06D460181AB
:10463000D3F88430014604462846984795E8070099
:104640003C3484E8070005B030BD30B5036885B060
:104650006D464181D3F88430014604462846984788
:1046600095E807003C3484E8070005B030BD00221F
:10467000028042808280C280704780F83610704786
:1046800070B5036804461B6B154698472368294696
:1046900020465B6EBDE87040184700207047806C74
:1046A000704770477047704710B54C21044621F0A1
:1046B00060FB204610BD10B54FF45471044621F044
:1046C00058FB204610BD08B5FCF724FD08BD0000CE
:1046D000036870B55E6B124B1B6804468DB22BB934
:1046E000104B114A6C21114821F056FB1049828D64
:1046F0000988914203D80F4B0B4A6D21F3E713F859
:1047000012200D4B1B6853F8220003681B6B98475F
:10471000291A3346204609B2BDE87040184700BF49
:10472000383A0120787A0208BA7A0208F57A020843
:104730002C3A01203C7B0208303A012008B529B907
:104740000DF024FEBDE80840FFF7F2BE08BD0022D0
:104750004FF0FF31C0E900218260704770B50368F7
:1047600004461B6B154698472368294620465B6B19
:10477000BDE87040184700004FF4807181840D49F6
:1047800001600D4981624FF6FF7181854FF47F0111
:10479000002241634FF0FF31C0E90122C0E903224A
:1047A000C0E90522C0E90722C0E9101202630287AE
:1047B000C2637047B88E02082884020810B5044608
:1047C000FFF7DAFF024B23600023A364204610BDED
:1047D000308502082DE9F04F04468BB00FF058FEEB
:1047E0003D4B23603D4BDFF810A10026C4E9103695
:1047F0004FF4807304F16C09A4F86430FF2384F84B
:104800006630C4E91266C4E91466C4E91666E66354
:104810002666A666484604F1B808FFF7CFFF404673
:10482000FFF7CCFF04F5827318460093FFF7C6FF2D
:1048300004F5A87318460193FFF7C0FF04F5CE7383
:1048400018460293FFF7BAFF04F5F473184604F113
:1048500040050393FFF790FF324628463146FFF7A5
:104860007DFF2846F021FCF7A9FB28464FF4A071F4
:10487000FCF7A6FB271D4FF07F43A3662946384669
:1048800006F085FE502219214846FFF767FF144BBA
:10489000C4F89C30E36EA4F8A06004ADD3F8843073
:1048A00049462846984795E8070004F1A80383E89D
:1048B0000700DAF8003004F50C7B2BB9094B0A4AE3
:1048C00060210A4821F068FA094B1B88072B15D88C
:1048D000084B054A6121F4E7C0850208488F0208A9
:1048E0008CE65AFF787A02087A7B0208F57A020889
:1048F0002C3A01203C7B0208383A0120A24B0721C8
:10490000186801F003F8A14A03461421584611F033
:10491000CEF94846C4F8B4B00AF0E6FFDFF87CB23E
:10492000CDF820B00D23484608A9ADF824300AF090
:10493000FBFF4946384606F02AFE5022A621404693
:10494000FFF70CFF924BC4F8E830D4F8B830A4F865
:10495000EC60D3F8843041462846984795E8070034
:1049600004F1F40383E80700DAF8003004F516795F
:10497000002BA3D0874A1388062BA9D9824B062186
:10498000186800F0C3FF814A03461421484611F01D
:104990008EF94046C4F800910AF0A6FF0A2340466B
:1049A00008A9ADF82430CDF820B00AF0BDFF41468B
:1049B000384606F0ECFD94220098DFF8E4810B21E4
:1049C000FFF7CCFED4F804310099D3F88430C4F852
:1049D00034812846A4F83861984795E8070004F523
:1049E000A07383E80700DAF8003004F52079002B83
:1049F0003FF464AF674A1388052B7FF669AF624BBB
:104A00000521186800F082FF604A034620214846CD
:104A100011F04DF90098C4F84C910AF065FF092394
:104A20000098ADF8243008A9CDF820B00AF07CFF3A
:104A30000099384606F0ABFDCE2201980B21FFF716
:104A40008DFED4F850310199D3F88430C4F88081B8
:104A50002846A4F88461984795E8070004F5C673D2
:104A600083E80700DAF8003004F53078002B3FF4D3
:104A700025AF484A1388012B7FF62AAF424B01210C
:104A8000186800F043FF414A03462021404611F0D8
:104A90000EF90198C4F898810AF026FF02230198C4
:104AA000ADF8243008A9CDF820B00AF03DFF0199F7
:104AB000384606F06CFD40F2011202983C21FFF7E7
:104AC0004DFE354BC4F8CC31D4F89C310299D3F863
:104AD0008430A4F8D0612846984795E8070004F58B
:104AE000EC7383E80700DAF8003004F54075002B1A
:104AF0003FF4E4AE274A1388042B7FF6E9AE224B3D
:104B00000421186800F002FF204A034628212846A5
:104B100011F0CDF80298C4F8E4510AF0E5FE08233C
:104B20000298ADF8243008A9CDF820B00AF0FCFEB8
:104B30000299384606F02BFD039816221C21FFF738
:104B40000DFE4FF0FF33C4F8183204AD0023039973
:104B5000A4F81C3228460AF013FC95E80700039BD2
:104B6000CDF820B03C3383E8070003230398ADF869
:104B7000243008A90AF0D8FE3846039906F007FD4C
:104B800020460BB0BDE8F08F343A0120C57B020807
:104B9000FFBE3CFF2C3A012050D2FFFF28840208C0
:104BA000F5F0EBFF806A704780F82C10704710B466
:104BB0000368046BD3F8A430624361435DF8044B8F
:104BC0001847D0ED0C7A0368F8EEE77A10B420EEBF
:104BD000270AD3F8A440B5EEC00AF1EE10FA1ADBAA
:104BE000B6EE007A30EE070ABDEEC07A17EE101A64
:104BF00060EEA70AF5EEC00AF1EE10FA1EDBF6EE43
:104C0000007A70EEA70AFDEEE07A17EE902A2346AE
:104C10005DF8044B1847BDEEC07AF8EEC76A17EE90
:104C2000103A30EE660AF7EE086A30EE260A013BCB
:104C3000BDEEC00A10EE101A1944D9E7FDEEE07A75
:104C4000B8EEE77A17EE903A70EEC70AB7EE087A38
:104C500070EE870A013BFDEEE00A10EE902A1A443E
:104C6000D5E710B40368046BD3F8B03062435DF845
:104C7000044B1847D0ED0C7A0368F8EEE77A10B4CD
:104C800027EE800AD3F8B040B5EEC00AF1EE10FA74
:104C90000BDBF6EE007A30EE270AFDEEC07A17EE57
:104CA000902A23465DF8044B1847FDEEC07AB8EE13
:104CB000E77A17EE903A30EE470AB7EE087A30EE10
:104CC000070A013BBDEEC00A10EE102A1A44E8E7BD
:104CD00010B40368446BD3F8BC30624361435DF8A1
:104CE000044B1847D0ED0D7A0368F8EEE77A10B45C
:104CF00020EE270AD3F8BC40B5EEC00AF1EE10FA58
:104D00001ADBB6EE007A30EE070ABDEEC07A17EE77
:104D1000101A60EEA70AF5EEC00AF1EE10FA1EDBDB
:104D2000F6EE007A70EEA70AFDEEE07A17EE902A12
:104D300023465DF8044B1847BDEEC07AF8EEC76A0B
:104D400017EE103A30EE660AF7EE086A30EE260AE1
:104D5000013BBDEEC00A10EE101A1944D9E7FDEE72
:104D6000E07AB8EEE77A17EE903A70EEC70AB7EE3F
:104D7000087A70EE870A013BFDEEE00A10EE902AF9
:104D80001A44D5E710B40368446BD3F8C0306243CB
:104D90005DF8044B1847D0ED0D7A0368F8EEE77A1A
:104DA00010B427EE800AD3F8C040B5EEC00AF1EE89
:104DB00010FA0BDBF6EE007A30EE270AFDEEC07A31
:104DC00017EE902A23465DF8044B1847FDEEC07A93
:104DD000B8EEE77A17EE903A30EE470AB7EE087A67
:104DE00030EE070A013BBDEEC00A10EE102A1A444D
:104DF000E8E7D0F82C31026B002B07DB02EB430015
:104E000090FBF2F000EBD070401070476FF00101A2
:104E100001FB0320013890FBF2F000EBD070401052
:104E200040427047D0ED4B7A90ED0C0AF8EEE77AED
:104E3000B8EEC00A87EE800A7047D0F82C017047A0
:104E4000D0F83031026B002B07DB02EB430090FB04
:104E5000F2F000EBD070401070476FF0010101FBE1
:104E60000320013890FBF2F000EBD070401040427C
:104E70007047D0ED4C7A90ED0C0AF8EEE77AB8EE78
:104E8000C00A87EE800A7047D0F830017047D0F82A
:104E90003431426B002B07DB02EB430090FBF2F056
:104EA00000EBD070401070476FF0010101FB032050
:104EB000013890FBF2F000EBD07040104042704798
:104EC000D0ED4D7A90ED0D0AF8EEE77AB8EEC00A13
:104ED00087EE800A7047D0F834017047D0F8383137
:104EE000426B002B07DB02EB430090FBF2F000EB80
:104EF000D070401070476FF0010101FB03200138B2
:104F000090FBF2F000EBD070401040427047D0EDC3
:104F10004E7A90ED0D0AF8EEE77AB8EEC00A87EE09
:104F2000800A7047D0F83801704770B503680446AE
:104F3000D3F888300D4616469847236832462946EE
:104F40002046D3F89030BDE8704018470368D3F886
:104F5000943018470368D3F8D43018470368D3F85F
:104F6000E03018470368002A10B4D3F8A430046B6B
:104F70000EDB04EB420292FBF4F101EBD17149101C
:104F8000B0F91E215DF8044B013A0A444942184722
:104F90006FF0010101FB0241013991FBF4F101EBDA
:104FA000D17149104942EBE70368D3F83C31184707
:104FB000026B03685143D3F8483118470368D3F8AC
:104FC00044311847D0ED0C7A0368F8EEE77AD3F84D
:104FD000482127EE800AB5EEC00AF1EE10FA08DB90
:104FE000F6EE007A30EE270AFDEEC07A17EE901A40
:104FF0001047FDEEC07AB8EEE77A17EE903A30EE41
:10500000470AB7EE087A30EE070A013BBDEEC00A48
:1050100010EE101A1944EBE7C0F83C117047036812
:10502000D3F850311847036810B5D3F85C31044603
:1050300098470028236B07DB03EB400090FBF3F05D
:1050400000EBD070401010BD6FF0010202FB003089
:10505000013890FBF3F000EBD07040104042F2E7D3
:105060000368D3F858311847036810B5D3F85C319A
:105070000446984794ED0C0A07EE900AB8EEC00A71
:10508000F8EEE77A87EE800A10BDD0F83C01704751
:10509000026B03685143D3F868311847D0ED0C7A9E
:1050A0000368F8EEE77AD3F8682127EE800AB5EEB8
:1050B000C00AF1EE10FA08DBF6EE007A30EE270AAD
:1050C000FDEEC07A17EE901A1047FDEEC07AB8EEEA
:1050D000E77A17EE903A30EE470AB7EE087A30EEEC
:1050E000070A013BBDEEC00A10EE101A1944EBE7A7
:1050F000C0F840117047036810B5D3F87431044606
:1051000098470028236B07DB03EB400090FBF3F08C
:1051100000EBD070401010BD6FF0010202FB0030B8
:10512000013890FBF3F000EBD07040104042F2E702
:10513000036810B5D3F874310446984794ED0C0A0F
:1051400007EE900AB8EEC00AF8EEE77A87EE800A1A
:1051500010BDD0F840017047084670470368026BE5
:10516000D3F88431002910B504460EDB02EB41016F
:1051700091FBF2F101EBD171491009B22046984739
:10518000D4E94F2302FB003010BD6FF0010000FB9B
:105190000121013991FBF2F101EBD1714910494232
:1051A000EBE7006B7047406B70470368D3F84831FA
:1051B00018470368D3F85C311847026B0368514302
:1051C000D3F814311847036870B5D3F81851D3F8E1
:1051D0008031D0F84461044698472B4656F8201099
:1051E0002046BDE8704018477047704710B54FF42F
:1051F0003871044620F0BDFD204610BD10B5034BAC
:10520000036004460BF0E0FA204610BD8C870208CC
:1052100010B5064B036004460BF0D6FA204641F267
:105220000C5120F0A6FD204610BD00BF8C8702085F
:1052300008B590F82C300BB1FBF76CFF08BD0000EF
:105240000A1E10B503DBB0F91E41944206DC084B80
:10525000084A094840F2396120F09EFD0368D0F801
:105260004441D3F88031984754F8200010BD00BF66
:10527000C87B0208EB7B02083A7C02080B1E10B5C3
:10528000044603DBB0F91E219A4206DC074B084AAC
:10529000084840F2336120F07FFD0368D3F8843181
:1052A0009847D4E94F2302FB003010BDC87B0208A9
:1052B000977C02083A7C020808B529B90DF066F817
:1052C000BDE80840FFF724B908BD70B504461D4687
:1052D000BDF91060FFF742FA2368294620469B6B10
:1052E0009847236831462046DB6BBDE8704018477D
:1052F00037B501AB15460EF00EFF00284FEA4014FB
:1053000001992A464FF0200004DB0EF026FF2044CE
:1053100003B030BD0EF021FF201AF9E770B5B0F8E8
:105320001A31B0F91441B0F842502344ED1AD0E9D3
:105330004D320E462DB2D21A691EF01AFFF7D8FF71
:105340002C44013CC0EB441070BD38B504460D46FA
:10535000B4F81631B4F818110B44B4F84010D0E981
:105360004B02C91A09B2121A0139281AFFF7C0FFF5
:10537000B4F9163100EB431038BD000038B5642194
:10538000044609F051FB0A4B236000250123C4E9C0
:105390004F3504F5A873C4E95135204663222946E8
:1053A000FFF705FC034BA4F84C512360204638BDA1
:1053B000A48C0208F48502082DE9F04F04468DB054
:1053C0000FF066F8954B2360954BDFF86C82002553
:1053D00004F16C07C4E910354FF4807BFF23A4F877
:1053E00064B084F86630C4E91255C4E91455C4E9C0
:1053F0001655E5632566A5663846FFF7BFFF04F539
:1054000053731846049308F0A3FF864BC4F84C333B
:105410004FF0020A04F55F7304F5647608F124097D
:10542000184684F878A30393FBF7A2FEC4F87C83A4
:10543000C4F88493C4F888533046FFF79FFF04F5FF
:10544000CE631846059308F083FF764BC4F8703698
:1054500004F5D46384F89CA618460293FBF788FEF3
:10546000714BC4F8B436714BC4F8DC364FF6FF7399
:10547000A4F8E0364FF0FF324FF47F03C4F8A08663
:10548000C4F8A896A4F8D8B6C4F8E836C4F8F42648
:1054900004F2FC60C4F8AC56C4F8B856C4F8BC5664
:1054A000C4F8C056C4F8C456C4F8C856C4F8CC569C
:1054B000C4F8D056C4F8D456C4F8E456A4F8EC5650
:1054C000C4F8F056C4F8F8564FF461610BF072F965
:1054D00004F1400B4FF4A0732A4600932946584626
:1054E000F023FFF7F2FE04F104084FF07F43A366B8
:1054F000594640464FF0600B06F049F8F023294624
:105500003846CDF800B0C522FFF7DFFE2A46384600
:105510000121FFF70AFD2B462A4629463846009509
:1055200009F032FA2B462A4629463846009509F0FA
:1055300061F93846E6223C21FFF7CAFB3C4B039A4F
:10554000C4F8883341F2B843A4F88C33C4F8742308
:10555000049984F878A3384609F057F9394640464B
:1055600006F015F8F02329463046CDF800B0402269
:10557000FFF7ABFE2A4630460A21FFF7D6FC2B4642
:105580002A4629463046009509F0FEF92B462A4660
:1055900029463046009509F02DF93046692246210A
:1055A000FFF796FB234B029AC4F8AC3643F622630E
:1055B000A4F8B036C4F89826059984F89CA630461D
:1055C00009F023F904F2B4693146404605F0DFFFE3
:1055D000484616221C21FFF7C1F806AE4FF0FF32F5
:1055E000C4F8E42649463046A4F8E85609F0C8FE57
:1055F00096E8070004F5DE6383E807000B4B0A9387
:105600000AA94846ADF82C500AF08EF940464946A2
:1056100005F0BDFF20460DB0BDE8F08F8C87020875
:10562000488F02083C8E0208B88E020828840208BF
:10563000C59714FF16C439FF648A0208704700003A
:1056400030B5164D2C6814F001048FB0BFF35B8F9A
:1056500020D1284620F08FFBE0B13F230993104B67
:105660000893104B104911480A940122CDE90643D2
:105670000423CDE903320A230093CDE90B44CDE99D
:1056800001440594FEF79AFF094820F0A3FB284641
:1056900020F07DFB05480FB030BD00BFC42B0020BB
:1056A00074B9020820BB020820B40208C82B0020ED
:1056B0003D5600087047000030B5174D2C6814F0B7
:1056C00001048FB0BFF35B8F22D1284620F053FB3B
:1056D000F0B13F230993114B0893114B079301231A
:1056E000CDE9053304930423CDE9024314230D4986
:1056F00000935F221823CDE90B440B480A940194D0
:10570000FEF75CFF094820F065FB284620F03FFBD0
:1057100005480FB030BD00BFF42B002078B9020857
:1057200024BB020830B40208F82B0020B55600084C
:105730007047000030B5164D2C6814F001048FB08E
:10574000BFF35B8F20D1284620F015FBE0B13F234B
:105750000993104B0893104B104911480A940122E9
:10576000CDE906430423CDE9033228230093CDE994
:105770000B44CDE901440594FEF720FF094820F0D1
:1057800029FB284620F003FB05480FB030BD00BFC1
:10579000242C00201CBB020828BB020864B90208A4
:1057A000282C002031570008002070470020704747
:1057B0000EB403B503AB002153F8042B01930DF095
:1057C0002BFE02B05DF804EB03B070470CB407B5D4
:1057D00004AB53F8042B01930DF01EFE03B05DF8EB
:1057E00004EB02B070470000436C10B5044673B37D
:1057F000038F2BB9184B194AC521194820F0CCFA50
:10580000C38E00EB43035B8C0BB30FF0EDFC238FD7
:10581000012B03D8134B144ACB21EEE7E28E531C25
:105820009BB2092B194688BFA3F10A0104EB410181
:1058300040F63F10498C814209D10A2B04EB420209
:1058400028BF002304EB4303508C58845184204626
:10585000BDE810400FF0CBBBE67C0208EF7C0208ED
:105860009A7D0208E47D0208F27D02080FF087BBF2
:1058700010B586B002AC84E806001A460AAB059360
:105880000193099B00932146089B0CF040F906B058
:1058900010BD000038B518BB124B13481C681349E3
:1058A000B4B1226822440260626822440A60A2689D
:1058B00014440F4B00221A8000F038F8054600F01F
:1058C00033F80C4B1C600C4B1D600C4B188007E030
:1058D0000B4B03600B4B0B600B4B1C68002CE8D18F
:1058E00038BD00BF602C0020582C0020542C002014
:1058F0005C2C0020383A0120303A01202C3A01205B
:1059000064BB02082CBB0208B8870208044B1B6862
:1059100053F82100034B1B6803EB4000704700BFA6
:10592000542C0020582C00200E207047004870474F
:10593000642C002010B5FFF7BFFE044C2060FFF779
:10594000F9FE6060FFF77CFEA06010BD642C0020B3
:1059500010B5002404600C6014601C6010BD70471A
:1059600010B54FF4AE71044620F003FA204610BD86
:1059700010B50446D0F8580100F04AF82046BDE8BA
:1059800010400CF089BD000010B50446FEF78CFDF8
:10599000014B2360204610BDC48702080022C0E9E5
:1059A00000228260C0F80C25704791F82C3073B348
:1059B00091F82A305BB391F82B3043B30B6833B3C3
:1059C0008268934223D0B1F90AC0836007EE90CA7F
:1059D000B0F80E35B1F90C10F8EEE77A00EB83025F
:1059E000C2ED037A07EE901AF8EEE77A0133C2EDC2
:1059F000A37AA022B3FBF2F102FB1133A0F80E351B
:105A0000B0F80C359F2B9CBF0133A0F80C357047C4
:105A100030B503689FB00446002B5CD00FA8FDF79B
:105A2000BDFD0F9D63689D4255D030220021656009
:105A300003A820F0EEFB109B02939DF844300195E3
:105A40005A1E062A88BF00238DF80C30BDF8463058
:105A5000ADF80E30BDF84830149AADF810309DF80E
:105A60004A308DF812300692BDF84C30159AADF8D8
:105A7000143007929DF86830169A08928DF83030ED
:105A8000179A9DF86B3009928DF83130189A9DF86D
:105A90006C300A928DF83230199ABDF86E300B9244
:105AA000ADF83430BDF87030ADF836309DF8733055
:105AB0008DF838309DF874308DF8393001A99DF893
:105AC00075308DF83A302046FFF76FFF2068036885
:105AD00001A99B6898471FB030BDF0B5B0F80C65C0
:105AE0001E80059B84681C60FEB1F1B1EAB1B0F87C
:105AF0000E35A0339B1BA02793FBF7F407FB143351
:105B000000259BB25C19B4FBF7FC07FB1C4400EBBF
:105B100084040135D4F80CC041F804CBD4F88C428D
:105B200042F8044BACB2A642ECD8F0BD7047043842
:105B30007047704710B51021044620F01AF920462E
:105B400010BDA0F10400F5E7C06800F085B8A0F131
:105B50000400FFF7F9BF000000228260024A0260E1
:105B60001C324260C160704718880208704700000C
:105B700038B501210446094801F060FA01280CBF3C
:105B80000125002506D194F858341BB90CF0FEFB12
:105B9000FEF7CEFC84F8585438BD00BF0000024028
:105BA00010B5034B03600446FEF77CFD204610BD94
:105BB0009088020810B50446FFF7F2FF204640F235
:105BC0005C4120F0D6F8204610BD08B50B79012BBA
:105BD00005D10CF0DBFBBDE80840FEF7A9BC08BD11
:105BE000094A02604FF4807100228184FF21C0E9DC
:105BF0000122C0E90322C0E90522C0E9072280F89A
:105C000026108262704700BF488F020810B5044614
:105C1000FEF7E0FD0F4B236004F55470FFF7E0FF43
:105C200004F55F70FFF7DCFF04F56A70FFF7D8FF3B
:105C300004F57570FFF7D4FF04F58060FFF7D0FF1F
:105C400004F22C40FFF7CCFF002384F858342046A0
:105C500010BD00BF9088020891F82A3073B5054640
:105C60000C4600F51670DBB1B1F90A30594A14211F
:105C700010F01DF894F82B3005F50C70B3B1B4F9A1
:105C80000C30544A142110F012F8217A4B1E05F5FD
:105C90004070042B79D8DFE803F00F63707874004C
:105CA000014614224C4810F00FF8E3E70146142295
:105CB000494810F009F8E8E7A38C2BB9014647489A
:105CC000282210F001F803E0454A28210FF0EFFFE9
:105CD00094F82E3005F5207005F53076002B6BD04A
:105CE00094F83630019394F83530009394F83430BA
:105CF0003C4A20210FF0DBFF238E019394F83230D1
:105D0000009394F83330384A202130460FF0CFFF0B
:105D1000227A002A5BD0531F022B58D9334B3449C7
:105D2000042A18BF0B46C5F8CC3105F22C400DF003
:105D30009BFC05F1B8000DF097FC05F16C000DF02F
:105D400093FC05F5CE700DF08FFC05F582700DF01B
:105D50008BFC05F5A87002B0BDE870400DF084BC66
:105D600094F82B20A38C22B1642B224A28BF6423F1
:105D7000ABE7014628222048A3E7014628221F4816
:105D80009FE7B4F90C301E4A9FE794F8282051B9D8
:105D9000531EDBB20A2B0BD81A4A52F823300146A5
:105DA000282218468DE7DBB2062B03D8164AF4E703
:105DB000164BF4E7164BF2E70146202215480FF088
:105DC00083FF2022314614480FF07EFFA0E7134BDB
:105DD000A9E700BFD17E0208567F0208D47E0208E0
:105DE000E17E0208277F0208367F02088CE65AFF10
:105DF00050D2FFFFF17E0208007F02080D7F0208EB
:105E0000197F02085C88020840880208C47E0208E4
:105E1000557F0208457F02084E7F02086060FFFF41
:105E20002DE9F04F91B004461826FEF73CFC3025D2
:105E3000009604F5F470B82316221C21FFF745FAEA
:105E4000009504F16C00422350221921FFF73DFA1E
:105E5000009504F1B80036235022A621FFF735FA49
:105E6000009604F58270D22394220B21FFF72DFABD
:105E7000009604F5A870D223CE220B21FFF725FA55
:105E8000009504F5CE70D823FF220C21FFF71DFAF0
:105E9000424BA36604F5547A002205230093114671
:105EA0005046F023FFF711FA04F55F794A253C4B81
:105EB000C4F8783348460095692344220A21FFF745
:105EC00004FA04F56A78374BC4F8A43340460095C9
:105ED000692344227D21FFF7F8F9334BC4F8D0330E
:105EE00004F57577322300933846DC2391220A218A
:105EF000FFF7EBF904F580662C4DC4F8FC532A2318
:105F000000933046DC23CA220A21FFF7DEF904F2AF
:105F10002C4B3723C4F8285458460093FC22DC232A
:105F20000A21FFF7D2F9251D214BC4F854345246FB
:105F300004F14001284605F0BAFB4A46514628467E
:105F400005F0B5FB42464946284605F0B0FB3A4607
:105F50004146284605F0ABFB32463946284605F057
:105F6000A6FB5A463146284605F0A1FB38220021FF
:105F700002A820F04EF90A2302A920468DF83030FD
:105F8000FFF76AFE01210B4801F058F8431E584202
:105F9000584184F8580411B0BDE8F08F180C05FF83
:105FA000FFB428FF2A3408FF422608FF2C1C12FFEA
:105FB0000A222EFF000002407047043870477047E5
:105FC00010B5102104461FF0D4FE204610BDA0F1EC
:105FD0000400F5E730B504468068ADF2145DA0B169
:105FE000002303ADADF80A300393A4AA0DF10A0310
:105FF00004A90095FFF771FD039B0093E068BDF8CD
:106000000A30A4AA04A900F07BF90DF2145D30BD9A
:10601000C06800F040B9A0F10400FFF7F9BF00002C
:1060200000228260024A02601C324260C1607047F6
:10603000C48802087047000038B5012104460A48A8
:1060400000F0FCFF01280CBF0125002504F5805459
:1060500006D194F80C351BB90CF098F9FEF758FAF4
:1060600084F80C5538BD00BF0000024010B5034B4A
:1060700003600446FFF7C2F8204610BDF48802080A
:1060800010B50446FFF7F2FF20464FF4A9511FF068
:1060900070FE204610BD08B50B79012B05D10CF020
:1060A00075F9BDE80840FEF733BA08BD10B50446DF
:1060B000FFF782F9094B236004F58053002283F82F
:1060C0000C25C3F81025A3F8142503F5A36103F2EA
:1060D0001C5300220A6020461A6010BDF488020892
:1060E000F8B507462DED048B00F58055F0EE408A9B
:1060F000B0EE608A00F16C0600F56474F9B395F8AF
:106100001435E3B395F81535CBB305F5A363D3ED9B
:10611000007A90ED287A70EE277AB6EE009A67EE54
:10612000897AB8EEC77A67EE877AF5EEC07AF1EE33
:1061300010FA64DB77EE897AFDEEE77A17EE901AB3
:10614000304608F027FD05F21C53D3ED007A97ED99
:10615000F17A78EE277AB8EEC77A67EE897A67EE39
:10616000877AF5EEC07AF1EE10FA5BDB77EE897A8A
:10617000FDEEE77A17EE901A204608F00BFDD7EDFA
:10618000287AF8EEE77A67EEA87AF5EEC07AF1EEB3
:1061900010FA5ADBB6EE007A77EE877AFDEEE77AF0
:1061A00017EE901A304608F0F5FCD7EDF17AF8EECC
:1061B000E77A67EE887AF5EEC07AF1EE10FA57DBEF
:1061C000B6EE007A77EE877AFDEEE77A17EE901A50
:1061D000204608F0DFFC05F5A363C3ED008A05F255
:1061E0001C5383ED008ABDEC048B012385F8143524
:1061F00095F8153583F0010385F81535F8BDBDEE2A
:10620000E77AF8EEC76A17EE103A77EEE67AF7EE1D
:10621000086A77EEA67A013BFDEEE77A17EE901A50
:1062200019448DE7BDEEE77AF8EEC76A17EE103A2B
:1062300077EEE67AF7EE086A77EEA67A013BFDEE96
:10624000E77A17EE901A194496E7BDEEE77AF8EE72
:10625000C76A17EE103A77EEE67AF7EE086A77EE3D
:10626000A67A013BFDEEE77A17EE901A194499E7FA
:10627000BDEEE77AF8EEC76A17EE103A77EEE67AE7
:10628000F7EE086A77EEA67A013BFDEEE77A17EEA5
:10629000901A19449CE791F82C2010B4D2B10A68E6
:1062A000C2B100F58053D3F81045A24212D0C3F812
:1062B0001025B1F90C305DF8044B00EE903AB1F9BD
:1062C0000A3000EE103AF8EEE00AB8EEC00A0121FA
:1062D000FFF706BF5DF8044B7047000010B5044699
:1062E000FEF783FF0548012100F0A8FE431E04F5D8
:1062F00080545842584184F80C0510BD00000240FB
:106300002DE9F04F2DED028B83B0044600F16C09AE
:1063100048461D4604F564780E9B00930E461746CA
:1063200008F0AEFE404608F0ABFE0EB107B165B90D
:1063300004F58054009BC4F810350023A4F81435EC
:1063400003B0BDEC028BBDE8F08F06EB8503B246CF
:10635000BB460193B7EE088AF6EE008AD4ED287AA0
:10636000BAEC017AF8EEE77A67EE877AF5EEC07A52
:10637000F1EE10FA43DB77EEA87AFDEEE77A17EE3E
:10638000901A484608F006FCD4EDF17ABBEC017A8D
:10639000F8EEE77A67EE877AF5EEC07AF1EE10FA5A
:1063A0003EDB77EEA87AFDEEE77A17EE901A4046CC
:1063B00008F0F0FB019B9A45D0D104F5805405F11B
:1063C0008045009BC4F81035013D012306EB85068E
:1063D000A4F8143504F5A36332681A6007EB850747
:1063E00004F21C543B68236048460DF03DF94046DA
:1063F00003B0BDEC028BBDE8F04F0DF035B9BDEE3A
:10640000E77AF8EEC76A17EE103A77EEE67A5A1E88
:1064100077EE887AFDEEE77A17EE901A1144B0E72E
:10642000BDEEE77AF8EEC76A17EE103A77EEE67A35
:106430005A1E77EE887AFDEEE77A17EE901A11442D
:10644000B5E708B5FBF706F9CA20FBF72FF9C3201B
:10645000FBF710F90820FBF70DF95020FBF70AF9BC
:10646000CF20FBF723F90020FBF704F9C120FBF74D
:1064700001F93020FBF7FEF8ED20FBF717F9642057
:10648000FBF7F8F80320FBF7F5F81220FBF7F2F81A
:106490008120FBF7EFF8E820FBF708F98520FBF7F0
:1064A000E9F80020FBF7E6F87820FBF7E3F8CB20CB
:1064B000FBF7FCF83920FBF7DDF82C20FBF7DAF8C6
:1064C0000020FBF7D7F83420FBF7D4F80220FBF7C5
:1064D000D1F8F720FBF7EAF82020FBF7CBF8EA2009
:1064E000FBF7E4F80020FBF7C5F80020FBF7C2F843
:1064F000B120FBF7DBF80020FBF7BCF81B20FBF713
:10650000B9F8B620FBF7D2F80A20FBF7B3F8A220BF
:10651000FBF7B0F8C020FBF7C9F81020FBF7AAF88A
:10652000C120FBF7C3F81020FBF7A4F8C520FBF748
:10653000BDF84520FBF79EF81520FBF79BF8C72018
:10654000FBF7B4F89020FBF795F83620FBF7AEF890
:10655000C820FBF78FF8F220FBF7A8F80020FBF724
:1065600089F8B020FBF7A2F8C220FBF783F8B62029
:10657000FBF79CF80A20FBF77DF8A720FBF77AF8D9
:106580002720FBF777F80420FBF774F82A20FBF7A5
:106590008DF80020FBF76EF80020FBF76BF8002069
:1065A000FBF768F8EF20FBF765F82B20FBF77EF888
:1065B0000020FBF75FF80020FBF75CF80120FBF7F9
:1065C00059F83F20FBF756F8F620FBF76FF801204B
:1065D000FBF750F80020FBF74DF80620FBF74AF8D0
:1065E0002C20FBF763F8C820FBF77CF82620FBF78C
:1065F0005DF80120FBF73EF8E020FBF757F80F208D
:10660000FBF738F82920FBF735F82420FBF732F8A0
:106610000C20FBF72FF80E20FBF72CF80920FBF7D6
:1066200029F84E20FBF726F87820FBF723F83C20CA
:10663000FBF720F80920FBF71DF81320FBF71AF8E9
:106640000520FBF717F81720FBF714F81120FBF7CC
:1066500011F80020FBF70EF8E120FBF727F80020E7
:10666000FBF708F81620FBF705F81B20FBF702F8EC
:106670000420FAF7FFFF1120FAF7FCFF0720FAF7D2
:10668000F9FF3120FAF7F6FF3320FAF7F3FF422043
:10669000FAF7F0FF0520FAF7EDFF0C20FAF7EAFF12
:1066A0000A20FAF7E7FF2820FAF7E4FF2F20FAF78D
:1066B000E1FF0F20FAF7DEFF1120FAF7F7FFC820FD
:1066C000FBF710F82920FAF7F1FFBDE808402C206D
:1066D000FAF7ECBF054BD3F8882042F47002C3F8F8
:1066E00088204FF000629A60704700BF00ED00E024
:1066F00008B50B4B1A6842F400721A601A6842F42B
:1067000080621A601A6842F480721A60032000F0F6
:106710002FF80F20FDF7B4F9FCF756FF002008BD55
:10672000003C0240034A044B11681B780B44136081
:10673000704700BF702C002014000020014B186827
:10674000704700BF702C002038B50446FFF7F6FFF5
:10675000631C1CBF054B1B78054618BFE418FFF7E8
:10676000EDFF431BA342FAD338BD00BF1400002045
:106770000749CA6822F4E0620302120403F4E063EA
:10678000120C134343F0BF6343F40033CB607047F4
:1067900000ED00E0164B30B5DC68C4F30224C4F110
:1067A0000703251D042B28BF0423062D4FF0FF35BA
:1067B0008CBF033C002405FA03F321EA0303A54040
:1067C00022EA0502A340002843EA0203ACBF00F11D
:1067D0006040084A4FEA0313B8BF00F00F00DBB275
:1067E000AABF00F56140135480F8003330BD00BFEC
:1067F00000ED00E014ED00E0002807DB044A410949
:10680000012300F01F00834042F82130704700BF91
:1068100000E100E010B5044650B1437903F0FF02F7
:1068200013B90271FCF7F0FE01236371002010BD63
:106830000120FCE7036810B5084C0246D9B21039B4
:106840001820B1FBF0F0205CD06523F47F7020F0BD
:1068500003005F2988BF0430906510BD38890208A5
:1068600070B50446FFF76AFF0546002C60D002238E
:1068700084F835302268002384F83430136823F01C
:106880000103136022681368D8072ED413683248B6
:10689000A1691840D4E901352B43E5682B432569EC
:1068A0002B4365692B43E5690B432B43256A2B4337
:1068B0000343606A042802BFD4E90B5635432B43D7
:1068C00013605369042823F0070343EA000335D11A
:1068D000A06AE56A03438DB391B9012820D030F056
:1068E00002012BD1E90129D51DE0FFF727FF401B4D
:1068F0000528C7D920230320636584F8350070BDBF
:10690000B1F5005F16D1032818D801A151F820F085
:1069100027690008E5680008276900082169000860
:10692000B5F1C07F0AD140236365012384F8353077
:106930000120E4E70228F6D90328D3D0536120468A
:10694000FFF778FFE26D3F2393408360002001232F
:10695000606584F83530D2E73F8010F070B590F86C
:106960003440866D012C30D0012480F8344090F8FA
:106970003540012C4FF0000425D1022580F8355018
:1069800044650468256825F4802525606360836874
:10699000402B0EBFA260A160E260C26D08BFE16043
:1069A0003F239340B360236843F016032360036CD6
:1069B0001BB1236843F008032360236843F00103FD
:1069C0002360002070BD80F834400220FAE7000008
:1069D000F7B5002301935C4B856D1F68C36D2E686E
:1069E00008229A40324204460CD0016808684007E9
:1069F00008D5086820F004000860AA60626D42F0C3
:106A00000102626501229A40324208D02168496938
:106A1000090641BFAA60626D42F00202626504226B
:106A20009A40324208D021680968880741BFAA60AD
:106A3000626D42F00402626510229A40324210D028
:106A40002368196809070CD5AA601A68500337D55E
:106A50001B68190301D4236C00E0A36C0BB1204622
:106A60009847E16D20228A4032423AD02368186864
:106A7000C60636D5AA6094F83520052A1A6827D1AB
:106A800022F016021A605A6922F080025A61226CC2
:106A90000AB9A26C1AB11A6822F008021A603F23E0
:106AA0008B40AB60012384F83530002384F8343008
:106AB000236D002B45D0204603B0BDE8F0401847B9
:106AC0001A68D2055EBF1A6822F008021A60C2E78F
:106AD000500327D51B68190331D4636C0BB12046D2
:106AE0009847636D6BB3636DDA0719D522684FF46D
:106AF0001653B7FBF3F7052384F83530136823F0FA
:106B000001031360019B0133BB42019302D8136858
:106B1000DB07F7D4012384F83530002384F83430C0
:106B2000E36CC6E71A6812F4807208D1196821F084
:106B300010011960012384F8353084F83420E36BA8
:106B4000CCE703B0F0BD00BF1000002010B5044634
:106B500020B390F8393003F0FF021BB980F83820D9
:106B6000FCF76AFD022384F83930236861681A68EB
:106B700022F440320A431A605A6BA16822F00702DD
:106B80000A435A631A6CE1686FF30D020A431A64F0
:106B900000200123E06384F8393010BD0120FCE7B8
:106BA00070477047036870B55E681D68F207044659
:106BB00014D5E90512D51A6822F480721A60C26BE6
:106BC00042F00102C26301229A60042380F8393046
:106BD000002380F83830436903B19847B20616D5D0
:106BE000AB0414D523681A6822F400521A602022DC
:106BF0009A60E36B43F00203E363042384F83930C3
:106C0000002384F8383063690BB120469847300779
:106C100016D5290514D523681A6822F400621A6073
:106C200008229A60E36B43F00403E363042384F8CF
:106C30003930002384F8383063690BB12046984717
:106C400072070BD56B0509D523681A6822F4806298
:106C50001A6004229A602046FFF7A2FFB00714D5FD
:106C6000A90512D523681A6822F400721A6002225C
:106C70009A60E36BE363012384F83930002384F8DE
:106C8000383023690BB120469847F20613D5EB0440
:106C900011D523681A6822F480521A6010229A6073
:106CA000E36BE363012384F83930002384F8383040
:106CB0002046FFF776FF70BDF0B590F83820012A26
:106CC00003464FF002002BD0012283F8382083F8CE
:106CD000390003EB0112D2E90740556A174F44EA25
:106CE0000040093C012C9CBF05F07F4210434FEA55
:106CF00001161A6888BF40EA056091B9516A3940A7
:106D000001435162012C9969916103D8596A21F0BC
:106D10007F4191620122002083F8392083F83800F6
:106D2000F0BDD16939400143D1619919012C8969BC
:106D300011619CBF25F07F451562EBE7F0FFFC0079
:106D40002DE9F74FDFF8BC916C4A00230D68012450
:106D50009C4004EA0506AC4340F0B7804D68032729
:106D600005F003044FEA430807FA08FC671E012FE9
:106D70006FEA0C0C34D8876807EA0C0ECF6807FA64
:106D800008F747EA0E078760476827EA060EC5F34B
:106D900000179F4047EA0E074760C76807EA0C0ED6
:106DA0008F6807FA08F747EA0E07022CC76019D167
:106DB0004FEAD30A00EB8A0A03F0070BDAF82070D7
:106DC0004FEA8B0B4FF00F0E0EFA0BFE27EA0E0E5A
:106DD0000F6907FA0BF747EA0E07CAF8207001E0BF
:106DE000032CDAD1076804FA08F407EA0C073C43DD
:106DF00015F4403F046068D000240194D9F8444061
:106E000044F48044C9F84440D9F8444023F00307CF
:106E100007F1804704F4804407F59C37019403F0A0
:106E2000030C019CD7F808E04FEA8C0C0F2404FAFD
:106E30000CF42EEA040E324CA0424DD004F58064CE
:106E4000A0424BD004F58064A04249D004F5806490
:106E5000A04247D004F58064A04245D004F5806488
:106E6000A04243D004F58064A04241D004F5806480
:106E7000A0423FD004F58064A0423DD004F5806478
:106E8000A04214BF0A24092404FA0CF444EA0E04B4
:106E9000BC609468F74315F4801F0CBF3C4034433A
:106EA0009460D46815F4001F0CBF3C403443D46098
:106EB000546815F4003F0CBF3C40344354601468E0
:106EC000ED0354BF3C40344314600133102B7FF476
:106ED0003DAF03B0BDE8F08F0024D5E70124D3E730
:106EE0000224D1E70324CFE70424CDE70524CBE730
:106EF0000624C9E70724C7E70824C5E7003C01408A
:106F000000000240003802402DE9F04F494C0022B9
:106F10004FF0010A4FF00F084FF0030B0AFA02FC82
:106F20003CEA01030CEA01066CD122F0030505F1ED
:106F3000804505F59C3502F00307AB68BF0008FAF1
:106F400007F909EA030E3C4B984260D003F58063D1
:106F500098425ED003F5806398425CD003F580636D
:106F600098425AD003F58063984258D003F5806365
:106F7000984256D003F58063984254D003F580635D
:106F8000984252D003F58063984250D003F5806355
:106F9000984214BF0A230923BB40734513D12368C9
:106FA00023EA06032360636823EA06036360E36859
:106FB00023EA0603E360A36823EA0603A360AB6841
:106FC00023EA0903AB60056853000BFA03F3D60804
:106FD00025EA030500EB8606056002F00705376A1F
:106FE000AD0008FA05F527EA05073762C56825EA06
:106FF0000305C560456825EA0C054560856825EAF6
:10700000030383600132102A88D1BDE8F08F00238A
:10701000C2E70123C0E70223BEE70323BCE7042342
:10702000BAE70523B8E70623B6E70723B4E7082342
:10703000B2E700BF003C0140000002400369194272
:1070400014BF0120002070470AB181617047090414
:10705000FBE7436901EA030221EA030141EA024135
:107060008161704701684B6913F480634FF000023F
:1070700010D06FF480634B612023026380F83D30B1
:1070800080F83E20036C80F83C2043F00403036446
:1070900001207047184670472DE9F84606460F460E
:1070A00091461D464FEA114A3368BAF1010F0CBFF1
:1070B0005C699C6927EA0404A4B2B4FA84F4640904
:1070C000A14501D0002025E06A1CEED0FFF736FB79
:1070D000089BC01AA84201D8002DE5D13368BAF147
:1070E000010F0CBF5B699B6927EA03039BB2B3FAEC
:1070F00083F35B099945D7D100232022336386F8B7
:107100003D2086F83E30326C86F83C3042F020025A
:1071100032640120BDE8F8862DE9F04104460F46AF
:10712000164698462568686927EA000080B2C0B113
:107130006B695A0517D52B6843F400732B606FF405
:1071400080636B6120220023236384F83D2084F850
:107150003E30236C43F004032364002384F83C3066
:107160000120BDE8F081731CDDD0FFF7E7FAA0EB4A
:107170000800B04201D8002ED4D123685A6927EA0A
:10718000020292B2002ACDD000232022236384F889
:107190003D2084F83E30236C1343DDE770B5044690
:1071A0000D46164623685B691B0601D500201EE0CC
:1071B0002046FFF757FFC8B96A1CF3D0FFF7BEFAA5
:1071C000801BA84201D8002DECD123685B6913F025
:1071D0008003E7D12022236384F83D2084F83E30E9
:1071E000226C84F83C3042F020022264012070BD01
:1071F0002DE9F0431546026885B0DDE90C78994623
:10720000136843F4807313600E463B46CDF800804C
:1072100000224FF001110446FFF73EFF236838B10A
:107220001B68DB0502D54FF400732364032620E0BE
:1072300006F0FE061E611A4943463A462046FFF70D
:107240006BFFA8B9236803905A6903929B69039363
:10725000424639462046039BFFF7A0FF064660B131
:10726000236C042B01BF2268136843F4007313607E
:107270000126304605B0BDE8F083B9F1010F23685F
:1072800002D1EDB21D61F4E72A0A1A61394642467D
:107290002046FFF783FF0028E2D12368F1E700BF13
:1072A000020001002DE9FF479A46036815461A6857
:1072B00042F480621A601A68DDE90C7842F4807248
:1072C0001A600E463B46CDF8008000224FF00111B7
:1072D0000446FFF7E1FE236838B11B68DB0544BFB5
:1072E0004FF400732364032021E05FFA86F906F06F
:1072F000FE061E612B4943463A462046FFF70CFF27
:10730000A0B9236803905A6903929B69039342468C
:1073100039462046039BFFF741FF58B1236C042BED
:1073200001BF2268136843F400731360012004B0A6
:10733000BDE8F087BAF1010F23681AD1EDB24246D9
:107340001D6139462046FFF729FF02460028E5D196
:1073500021680B6843F480730B602046CDF80080F1
:107360003B464FF00111FFF797FE226860B11368AA
:10737000B4E72A0A1A61394642462046FFF70EFF53
:107380000028CBD12368D9E749F0010313610549EF
:1073900043463A462046FFF7BFFE003818BF01209B
:1073A000C5E700BF0200010070B504460D46164651
:1073B00023685B695B0701D500201EE02046FFF7CC
:1073C00051FEC8B96A1CF3D0FFF7B8F9801BA84278
:1073D00001D8002DECD123685B6913F00403E7D1D9
:1073E0002022236384F83D2084F83E30226C84F808
:1073F0003C3042F020022264012070BD70B504468A
:107400000D46164621684B6913F0400301D0002059
:1074100011E04A69D2060FD56FF010024A612022AE
:10742000236384F83D2084F83E30236C23640023DA
:1074300084F83C30012070BDFFF780F9801BA84222
:1074400001D8002DDED123685B6913F04003D9D148
:107450002022236384F83D2084F83E30236C1343BC
:10746000E4E7000070B5044608B9012070BD90F84B
:107470003D3003F0FF021BB980F83C20FCF7FEF81A
:10748000242384F83D3023681A6822F001021A6030
:107490001A6842F400421A601A6822F400421A6024
:1074A00000F056FF3F4B65689D4294BF3E4B3F4BFB
:1074B00098428CBF00230123002BD6D12268394E7D
:1074C00051683B4BB0FBF3F321F03F011943B54248
:1074D000516088BF4FF49676116A88BF734321F0DC
:1074E0003F0184BF4FF47A76B3FBF6F301330B43CD
:1074F0001362D169431E2B4821F44F41854221F08C
:10750000FF0132D86D0040F6FC70B3FBF5F3013398
:10751000034242D0C3F30B031943D161D4E90730CE
:107520001168034321F0C0010B4313609168D4E953
:10753000030321F40341034321F0FF010B43936054
:10754000D4E90530D168034321F0FF010B43D36038
:10755000136843F00103136000202023206484F8A3
:107560003D30206384F83E0080E7A06850B905EB09
:107570004505B3FBF5F30133C3F30B037BB143F4D0
:107580000043C9E719206843B3FBF0F30133C3F3A9
:107590000B0323B143F44043BEE70423BCE70123BC
:1075A000BAE700BFA08601007F841E00FF083D00EF
:1075B00040420F0010B5044698B10268242380F8B9
:1075C0003D30136823F001031360FCF7B3F800208B
:1075D000206484F83C0084F83D00206384F83E0079
:1075E00010BD0120FCE700002DE9F7430446994651
:1075F0000C9E0F469046FFF7A1F894F83D30202BE3
:10760000054603D0022003B0BDE8F08300903C495A
:10761000192301222046FFF73FFD0028F2D194F8FC
:107620003C30012BEED02068012384F83C30036805
:10763000D9075EBF036843F001030360036823F4C6
:1076400000630360212384F83D30402384F83E30FA
:10765000002323640A9B6362BDF82C306385638D2D
:107660002385284BE3624246CDE900654B46394607
:107670002046FFF7BDFD00282AD00120C3E7FFF711
:107680008DFD40B1236C042B01BF2268136843F4C5
:1076900000731360F1E7636A27681A4612F8011B4A
:1076A00039616262628D218D013A92B262857A6996
:1076B000481E80B2520720850AD548B15A783A61EF
:1076C00002336362638D013B02399BB2218563857E
:1076D000238D2A4631462046002BD0D1FFF764FE89
:1076E0000028CFD12268136843F40073136020236D
:1076F00084F83D3084F83C0084F83E0083E700BF06
:10770000020010000000FFFF2DE9F043044687B09F
:107710009946109F0D469046FFF710F894F83D30BB
:10772000202B064604D00225284607B0BDE8F0838A
:1077300000907A49192301222046FFF7ADFC00286A
:10774000F1D194F83C30012BEDD02068012384F86E
:107750003C300368DB075EBF036843F0010303604E
:10776000036823F400630360222384F83D30402340
:1077700084F83E30002323640E9B6362BDF83C30E6
:107780006385638D2385664BE3622946CDE90076E8
:107790004B4642462046FFF785FD054608B10125C8
:1077A000C2E7228D2368B2B902905A6902929A699F
:1077B0000292029A1A6842F400721A60DFF8648139
:1077C000238D002B2CD1202284F83D2084F83C30DE
:1077D00084F83E30A8E7012A0AD11A6822F48062B0
:1077E0001A6003905A6903929A690392039AE1E737
:1077F000022A0ED11A6822F480621A601A6842F4D2
:1078000000621A6004905A6904929B690493049B75
:10781000D4E705905A6905929B690593059BCDE7CE
:10782000032B56D8012B15D1324639462046FFF797
:10783000E5FD0028B3D123681A69636A1A70636A88
:1078400001336362238D013B2385638D013B9BB232
:107850006385B5E7022B00963B464FF00002414698
:10786000204619D1FFF718FC002898D123681A6820
:1078700042F400721A601A69636A1A70626A531CD1
:107880006362238D013B2385638D013B9BB263853E
:1078900023681B695370D2E7FFF7FEFB02460028FE
:1078A0007FF47DAF2368196821F48061196019693C
:1078B000636A1970636A01336362238D013B238518
:1078C000638D013B9BB26385414600963B46204653
:1078D000C8E7324639462046FFF790FD00287FF47E
:1078E0005EAF23681A69636A1A70628D616A013A31
:1078F00092B24B1C628522686362238D5069013B02
:107900009BB2400723857FF55BAF032B02BF136853
:1079100023F48063136013694B7090E7020010003A
:107920000000FFFF040001002DE9F04F044685B080
:107930001F4688469246FEF701FF94F83D30202B03
:10794000054603D0022005B0BDE8F08F00904D49F8
:10795000192301222046FFF79FFB0028F2D194F85B
:107960003C30012BEED0012384F83C302368DFF853
:1079700014B11A68D0075EBF1A6842F001021A609B
:107980001A6822F400621A60242384F83D3000262D
:107990003D4B266408F0FE08E3622268136843F456
:1079A000807313604FF001113B4600950022204682
:1079B000FFF772FB236838B11B68D90544BF4FF449
:1079C000007323640320BEE7C3F81080FEF7B6FE01
:1079D00023685A695B690546C2F34002C3F38023FA
:1079E0004FF0A00994F83D10A0291CD123684FF056
:1079F000200984F83D905A6992072BD51A682149CD
:107A000042F400721A60002203925A6903929B6941
:107A10000393039B0095192301222046FFF73CFBAB
:107A200098B101208FE71343E0D1FEF787FE401B9A
:107A3000B84200D80FB984F83D9023685A695B6951
:107A4000C2F34002C3F38023CCE784F83D9084F86E
:107A50003C0078E71A6842F400721A606FF48062A2
:107A60005A6159460095192301222046FFF714FB5D
:107A70000028D6D1013656458FD384F83D9084F83E
:107A80003C00CEE7020010000000FFFF10B590F8A8
:107A90003D30202BDCB216D1242380F83D30036822
:107AA0001A6822F001021A605A6A22F010025A6221
:107AB0005A6A114359621A6842F001021A6080F84A
:107AC0003D40002010BD0220FCE730B590F83D306D
:107AD000202BDCB216D10268242380F83D301368D5
:107AE00023F001031360556A4FF6F0732B400B43EC
:107AF0009BB25362136843F00103136080F83D406A
:107B0000002030BD0220FCE70068D20184328318D7
:107B1000F0B5C7685D684C680E6805F470455D6037
:107B2000C56806F1010CC5F30B45C7F30B472744A5
:107B3000654445EA07455D60C768CD68C7F30A0735
:107B40002F449D6805F470459D60D0F80CC08D6889
:107B5000CCF30A0C0135654445EA07459D601D6973
:107B6000D1F810C08F6925F007051D61C3F810C05A
:107B700091F8305045EA076591F8317045EA0725DC
:107B800091F8327045EA07459D615D6925F0FF0572
:107B90005D614D695D61DD6925F4E06525F00705EE
:107BA000DD61D1E907573D43DD61BCF1070F4D6A47
:107BB0009D629CBF0D4D15F80C70DD6A05F0E02547
:107BC000DD6288BF01278D6AC96AA41B7C437D439F
:107BD000033444EA0544DC621C6B6FF30A041C6343
:107BE0001963835843F001038350F0BD40890208B4
:107BF00038B5044600284ED090F8A13003F0FF02BB
:107C00001BB980F8A020FBF7B5FD022384F8A13052
:107C100023689A6922F070429A61D4E901200243F4
:107C2000E06899690243206902430A439A61D4E9F2
:107C3000051242EA01429A60D4E9071242EA01427F
:107C4000DA60D4E9091242EA01421A61D4E90B125E
:107C500042EA01425A61DA6A94F8350094F8361023
:107C600002F07F42DA62DD6A94F834202A4342EA65
:107C7000002242EA0142DA625A6B42F006025A637B
:107C80009A6942F001029A6100200123C4F8A4001D
:107C900084F8A13038BD0120FCE7704770470368C5
:107CA00070B59E6B5D6B7207044614D5690712D5DB
:107CB0005A6B22F004025A630422DA63D0F8A4302B
:107CC00043F00103C0F8A430002380F8A12080F81D
:107CD000A030FFF7E2FFB20716D5AB0714D5236833
:107CE0005A6B22F002025A630222DA63D4F8A430FB
:107CF0001343C4F8A430042384F8A130002384F88B
:107D0000A0302046FFF7C9FFF00710D5E9070ED5D0
:107D100023685A6B22F001025A630122DA630023BE
:107D200084F8A12084F8A0302046F9F7B3FA32078E
:107D300011D52B070FD523685A6B22F008025A631E
:107D40000822DA63012384F8A130002384F8A030EC
:107D50002046FFF7A3FF70BD2DE9F04190F8A03059
:107D6000012B06460F4694464FF002001FD04FF0FD
:107D7000010886F8A08086F8A10034240D4604FB93
:107D800002640FCD38340FC40FCD0FC40FCD0FC414
:107D90002B682360304662463946FFF7B5FE3368EC
:107DA0000020C3F8248086F8A18086F8A000BDE8F2
:107DB000F081000090F8A020012A03464FF0020055
:107DC00012D01A6883F8A100506B20F001005063B4
:107DD00006480164516B41F001015163002001220A
:107DE00083F8A12083F8A000704700BF006801401D
:107DF00037B500230193184B184D1A6C42F080528E
:107E00001A641B6C03F080530193019B144B0122F5
:107E10001A64FEF793FC04466B68DA030BD5104B2B
:107E20000E4D01225A64FEF789FC04466B689B03E1
:107E30000AD5002006E0FEF781FC001BB0F57A7F32
:107E4000EAD9032003B030BDFEF778FC001BB0F583
:107E50007A7FEBD9F5E700BF0038024000700040A0
:107E600000000E422DE9F341044640B30368DE07EB
:107E700010D423689D075BD42368190700F19D8007
:107E800023685A0700F1BD80A369002B40F02481CC
:107E900000202CE08D4B9A6802F00C02042A07D0D7
:107EA0009A6802F00C02082A0BD15B68590208D5C7
:107EB000864B1B689A03DCD56368002BD9D101205F
:107EC00015E06368814DB3F5803F13D12B6843F40F
:107ED00080332B60FEF732FC7C4E054633689B03F3
:107EE000C7D4FEF72BFC401B6428F7D9032002B04F
:107EF000BDE8F081B3F5A02F04D12B6843F48023B3
:107F00002B60E3E72A6822F480322A602A6822F490
:107F100080222A60002BDDD1FEF710FC06462B687C
:107F20009F03A6D5FEF70AFC801B6428F7D9DDE77E
:107F3000664B9A6812F00C0F07D09A6802F00C0298
:107F4000082A11D15B685D020ED4604A1368990754
:107F500002D5E368012BB2D11368216923F0F8033D
:107F600043EAC103136087E7E268594BB2B10122CB
:107F70001A60FEF7E3FB554D06462B689B0707D5B5
:107F80002B68226923F0F80343EAC2032B6073E7EE
:107F9000FEF7D4FB801B0228EFD9A7E71A60FEF793
:107FA000CDFB4A4E054633689F077FF565AFFEF768
:107FB000C5FB401B0228F6D998E76269444B82B1A1
:107FC0000122C3F8802EFEF7B9FB404E0546736FC1
:107FD0009B073FF555AFFEF7B1FB401B0228F6D9D2
:107FE00084E7C3F8802EFEF7A9FB384E0546736F71
:107FF0009F077FF545AFFEF7A1FB401B0228F6D98E
:1080000074E7324B1A6C12F0805228D101921A6C2C
:1080100042F080521A641B6C03F080530193019B61
:1080200001272C4D2B68D8051BD5A368274D012BA4
:1080300027D12B6F43F001032B67FEF77FFB234E05
:10804000054641F28838336F9A0739D5002F3FF43F
:108050001BAF1E4A136C23F08053136414E70027F0
:10806000DFE72B6843F480732B60FEF767FB06465F
:108070002B68D905D9D4FEF761FB801B0228F7D9FC
:1080800034E7052B04D12B6F43F004032B67D0E7B3
:108090002A6F22F001022A672A6F22F004022A675F
:1080A000002BCAD1FEF74AFB41F2883806462B6FF7
:1080B0009B07CBD5FEF742FB801B4045F7D915E760
:1080C000FEF73CFB401B4045BDD90FE7003802409E
:1080D0000000474200700040374DAA6802F00C02D1
:1080E000082A3ED0022B354B4FF000021A662BD1E6
:1080F000FEF724FB06462B6899011FD4D4E907320A
:108100001343626A43EA8213E26A43EA0263A26AA1
:108110005208013A43EA02436B60284B264D012284
:108120001A66FEF70BFB04462B689A013FF5B0AECA
:10813000FEF704FB001B0228F6D9D7E6FEF7FEFA8D
:10814000801B0228D7D9D1E6FEF7F8FA04462B683F
:108150009B017FF59DAEFEF7F1FA001B0228F6D9D0
:10816000C4E6012B3FF4ABAE6B68E26903F4800117
:1081700091427FF4A4AE216A03F03F028A427FF469
:108180009EAE616A47F6C0721A40B2EB811F7FF45F
:1081900096AEA26A520803F44031013AB1EB024FA5
:1081A0007FF48DAEE26A03F07063B3EB026F14BF2D
:1081B000012000209BE600BF00380240000047423B
:1081C000134908B58B6803F00C03042B1CD0082B53
:1081D0001CD14A684B68496813F4800314BF0D48EA
:1081E0000D48C1F3881118BF002302F03F02A1FB24
:1081F0000001F8F74DF8064B5B68C3F30143013308
:108200005B00B0FBF3F008BD0248FCE70248FAE768
:108210000038024000127A000024F4002DE9F041F9
:108220000D46044610B90120BDE8F081434B1A68A1
:1082300002F00F028A4228D321688F072DD4C80785
:1082400040D43E4B1A6802F00F02AA4265D8226859
:1082500051076BD4130707D5394A2169936823F472
:10826000604343EAC1039360FFF7AAFF344B354AEA
:108270009B68C3F30313D35CD840334B1860334B74
:108280001868FBF7FDFB0020CEE7CAB21A701B6826
:1082900003F00F038B42C6D1CEE7294B11F0040F38
:1082A0001EBF9A6842F4E0529A600E0742BF9A6875
:1082B00042F460429A609A68A06822F0F002024399
:1082C0009A60BCE762681E4B012A1CD11B6813F43C
:1082D000003FA8D01A4EB36823F003031343B360E2
:1082E000FEF72CFA41F288380746B368626803F05B
:1082F0000C03B3EB820FA4D0FEF720FAC01B40455D
:10830000F3D9032090E7911E01291B6802D813F0CE
:10831000007FDEE713F0020FDBE7EAB21A701B689A
:1083200003F00F03AB427FF47EAF90E70449E068AF
:108330008B6823F4E05303438B608BE7003C0240DF
:108340000038024028890208100000201800002090
:10835000044B054A9B68C3F38223D35C034A10682D
:10836000D8407047003802402089020810000020E1
:10837000044B054A9B68C3F34233D35C034A10683D
:10838000D8407047003802402089020810000020C1
:108390000F2303600B4B9A6802F0030242609A6855
:1083A00002F0F00282609A6802F4E052C2609B68B8
:1083B000DB0803F4E0530361034B1B6803F00F0376
:1083C0000B60704700380240003C0240036813F025
:1083D000430FF7B5044640F08880236813F00C0F74
:1083E00045D08C4B8C4D00221A67FEF7A7F9064644
:1083F0002B68990000F1CB8021684A0715D5D4E994
:108400000403D5F888201B0602F0E04243EA8013FB
:108410001343C5F88830D5F88C30226A23F4F8531A
:10842000013A43EA0223C5F88C300B0714D57A4A87
:10843000A369D2F8881020691B0701F0706143EA34
:1084400080130B43C2F88830D2F88C30616A23F471
:1084500040330B43C2F88C306E4B6F4E01221A67CB
:10846000FEF76CF9054633689F0040F1978023685A
:10847000980634D500230193674B684D1A6C42F07F
:1084800080521A641B6C03F080530193019B2B688C
:1084900043F480732B60FEF751F906462B68D8052C
:1084A00040F183805C4DA26A2B6F13F4407340F05F
:1084B0008380A36A03F44072B2F5407F564A40F0CD
:1084C0009E80916823F0704021F4F81120F44070F0
:1084D00001439160116FC3F30B030B4313672368D0
:1084E000DB0600F1908000204FE04A4B4A4E00220C
:1084F0009A66FEF723F9054633681F013FD42168C9
:10850000C80741BFD4E901231B0743EA8213C6F819
:1085100084308A0715D5404AE368D2F8840065683C
:108520001B0600F0E04043EA85130343C2F88430A1
:10853000D2F88C00E36920F01F00013B0343C2F82E
:108540008C304B060AD5E36862681B0643EA821347
:10855000A26843EA0273304AC2F884302D4B2E4E93
:1085600001229A66FEF7EAF8054633681F013FF5D7
:1085700034AFFEF7E3F8401B0228F6D904E0FEF71B
:10858000DDF8401B0228B7D9032003B0F0BDFEF789
:10859000D5F8801B02287FF62BAFF5E7FEF7CEF863
:1085A000401B02287FF65FAFEEE7FEF7C7F8801B9F
:1085B00002287FF673AFE7E702F4407293423FF47C
:1085C00078AF2B6F134A0121C2F8401E23F4407389
:1085D0000021C2F8401E2B672B6FD9077FF569AFCA
:1085E000FEF7ACF841F2883706462B6F9A073FF545
:1085F00060AFFEF7A3F8801BB842F6D9C4E79168D4
:1086000021F4F81165E7064B94F82C20C3F8E0211B
:1086100069E700BF00004742003802400070004098
:108620000010474238B50D460446C8B190F82C30CA
:1086300003F0FF021BB980F82D20FBF7A5F90223F8
:1086400084F82C30211D206800F008FD6268206845
:10865000294600F039FD012384F82C30002038BD74
:108660000120FCE770B590F82C30022B05460E4631
:10867000D8B212D000F0FB04012C0FD1022385F8F0
:108680002C30286800F056FD3368022B06BF052306
:1086900085F82C3085F82C40002070BD0120FCE7C7
:1086A00038B590F82C30022B0446D8B20DD094F88F
:1086B0002C30012BDDB209D10223206884F82C3044
:1086C00000F05CFD84F82C50002038BD0120FCE750
:1086D0002DE9F3471F46894690460446FEF72EF8DB
:1086E0000A9D3D442D1AFEF729F8264B1E68C6F355
:1086F000CB366E43824601962268936839EA0303BB
:108700000CBF01230023434501D100202EE07B1C38
:10871000F3D0FEF713F8A0EB0A00A84229D3236890
:108720005A6822F0E0025A606268B2F5827F0AD18C
:10873000A268B2F5004F02D0B2F5806F03D11A687B
:1087400022F040021A60A26AB2F5005F07D11A68EF
:1087500022F400521A601A6842F400521A6001238F
:1087600084F85130002384F85030032002B0BDE873
:10877000F087019B1BB1019B013B0193BCE71D46A8
:10878000BAE700BF10000020F0B585B00B4600929C
:108790000E461746022101220446FFF799FF0546BF
:1087A00028B1636D43F020036365032515E0124B88
:1087B0001868124BB0FBF3F04FF47A7358436368B8
:1087C0000390B3F5827F0BD1009733462A46802170
:1087D0002046FFF77DFF0028E3D1284605B0F0BD15
:1087E000039B002BF9D0039B013B039323689B68F9
:1087F0001B06F5D4F1E700BF1000002000366E0123
:1088000037B50B464168B1F5827F044608D0009227
:1088100001210022FFF75CFFD0B9002003B030BD7A
:108820008168B1F5004F02D0B1F5806F07D125689E
:108830002868B1F5806F20F04000286004D00092D5
:10884000802100222046E5E7009201210022F9E77D
:10885000636D43F0200363650320DFE710B5044632
:10886000002855D0436A002B4ED14268B2F5827F72
:1088700000D0C3610023A36294F8513003F0FF02DB
:1088800023B984F850202046FBF748F82168A068F7
:10889000A269022384F851300B6823F040030B6077
:1088A000636800F4044003F482730343E06800F457
:1088B00000600343206900F002000343606900F098
:1088C0000100034302F400700343E06900F0380044
:1088D0000343206A00F080000343A06A00F40050C4
:1088E00003430B60636A120C03F0100302F00402EE
:1088F0001A434A60CB6923F40063CB610020012353
:10890000606584F8513010BD0023C0E90433B1E73D
:108910000120F8E72DE9F74304461F460D4690462F
:10892000FDF70CFF94F85130012B8146D8B240F08E
:108930009F80002D74D0B8F1000F71D094F85030A2
:10894000012B00F09580032384F8513000236365E8
:10895000C4E91033A4F83680A363A387E387A36830
:10896000266884F85000B3F5004F2563A4F83480DE
:1089700007D1336823F040033360336843F4804306
:1089800033603368E2685B065EBF336843F04003E0
:108990003360B2F5006F636845D113B1B8F1010FD0
:1089A00007D135F8023BF3602563E38E013B9BB2B0
:1089B000E386E38E9BB2D3B94A4639462046FFF799
:1089C000E3FE002851D1A36833B901932368DA6824
:1089D00001929B680193019B012384F85130606DE3
:1089E0000023C01A84F8503018BF012018E0226814
:1089F0009368980705D5236B33F8021BD160236376
:108A0000D3E7FDF79BFEA0EB0900B842D1D3791C58
:108A1000CFD0012384F85130002384F85030032054
:108A200003B0BDE8F08313B1B8F1010F08D12B7882
:108A30003373236B01332363E38E013B9BB2E386E5
:108A4000E38E9BB2002BB7D023689A68920703D5B8
:108A5000226B12781A73ECE7FDF770FEA0EB0900A9
:108A6000B842EDD37B1CEBD0D3E720236365AAE7A4
:108A70000220D5E72DE9F74304460D4691461E46F0
:108A8000DDF82880FDF75AFE94F851306268012B1A
:108A90000746D9B20AD0B2F5827F40F0E580A368DC
:108AA000002B40F0E180042940F0DE80002D4BD007
:108AB000B9F1000F48D0002E46D094F85030012B69
:108AC00000F0D280012384F8503094F85130C4F87B
:108AD0003890042B1CBF052384F8513000236365B4
:108AE000C4E910332368E687E6861968A687490635
:108AF00058BF1968256358BF41F04001A68658BF8A
:108B00001960E168B1F5006F55D10AB1012E07D1A6
:108B100035F8022BDA60E38E2563013B9BB2E386D6
:108B20000125E38E9BB28BB9E38F9BB273B93A46B2
:108B300041462046FFF728FE002800F081802023D0
:108B40006365002384F85030012031E021688B6890
:108B50009A070DD5E38E9BB253B145B1236B33F821
:108B6000022BCA602363E38E013B9BB2E3860025A0
:108B70008A6812F001020CD0E38F9BB24BB1A36B59
:108B8000C96823F8021BA363E38F013B9BB2E38711
:108B90001546FDF7D3FDC01B4045C2D3B8F1FF3FDA
:108BA000BFD0012384F85130002384F850300320D3
:108BB00003B0BDE8F0830AB1012E08D12A781A73F8
:108BC000236B01332363E38E013B9BB2E3860125D4
:108BD0002DE0226893689B070ED5E38E9BB25BB1B4
:108BE0004DB1236B1B781373236B01332363E38E27
:108BF000013B9BB2E38600252268916811F00101D8
:108C00000DD0E38F9BB253B1A36BD2681A70A36BE4
:108C10000133A363E38F013B9BB2E3870D46FDF76E
:108C20008DFDC01B404502D3B8F1FF3FB9D1E38EA3
:108C30009BB2002BCDD1E38F9BB2002BC9D176E73D
:108C4000A36833B901932368DA6801929B680193A2
:108C5000019B012384F85130606D0023C01A84F811
:108C6000503018BF0120A3E70220A1E72DE9F74308
:108C70001E4690F85130012B044689461746DDB256
:108C800004D00225284603B0BDE8F0830029F9D0BE
:108C9000002AF7D04368B3F5827F0BD183684BB9C4
:108CA000042380F85130134600960A46FFF7E2FE8F
:108CB0000546E7E7FDF742FD94F85030012B80466A
:108CC000DFD0A268C4F838900123002584F8503022
:108CD000B2F5004F4FF0040384F85130C4E9105549
:108CE00065652368E787A7872563A586E58607D19D
:108CF0001A6822F040021A601A6822F480421A6050
:108D00001A6855065EBF1A6842F040021A60E368AE
:108D1000F3B1E38F9BB2FBB123689A68D2073CD5CD
:108D2000DA68A36B23F8022BA363E38F013B9BB2AA
:108D3000E387EEE723689A68D0071ED5A26B1B7BFA
:108D40001370A36B0133A363E38F013B9BB2E387F3
:108D5000E38F9BB2002BEDD1424631462046FFF710
:108D60004FFD18BB012384F85130656D0023ED1AC7
:108D700084F8503018BF012584E7FDF7DFFCA0EB35
:108D80000800B042E4D3711CE2D0012384F85130D2
:108D9000002384F85030032574E7FDF7CFFCA0EBE7
:108DA0000800B042B5D3731CB3D0EEE7202363654F
:108DB000D8E7704790F83D30012B30D1022380F87E
:108DC0003D300368DA6842F00102DA60154A9342E6
:108DD0001AD0B3F1804F17D0A2F57C42934213D042
:108DE00002F5806293420FD002F5806293420BD06D
:108DF00002F57842934207D002F57052934203D0B5
:108E0000A2F59432934204D19A6802F00702062A2E
:108E100003D01A6842F001021A6000207047012056
:108E2000704700BF000001407047704770477047AF
:108E3000036870B5DD681E69B10704460DD5AA0741
:108E40000BD56FF002021A61012202779B699B0722
:108E500069D0FFF7EAFF00232377710710D56A076F
:108E60000ED523686FF004021A61022222779B69F3
:108E700013F4407F20465CD0FFF7D7FF0023237711
:108E800033070FD528070DD523686FF008021A6144
:108E900004222277DB699907204650D0FFF7C5FFEF
:108EA00000232377F20610D5EB060ED523686FF06A
:108EB00010021A6108222277DB6913F4407F2046F2
:108EC00043D0FFF7B2FF00232377F00708D5E90767
:108ED00006D523686FF001021A612046F8F704FCFA
:108EE000320608D52B0606D523686FF080021A617A
:108EF000204600F0B2F8700608D5690606D523684A
:108F00006FF040021A612046FFF791FFB20622D5AA
:108F1000AB0620D523686FF0200220461A61BDE819
:108F2000704000F099B8FFF77FFF2046FFF77EFF03
:108F300091E7FFF779FF2046FFF778FF9EE7FFF7FD
:108F400073FF2046FFF772FFAAE7FFF76DFF204689
:108F5000FFF76CFFB7E770BD274A0368904212D055
:108F6000B0F1804F0FD0A2F57C4290420BD002F5B9
:108F70008062904207D002F58062904203D002F5F1
:108F80007842904208D14A6823F070031343CA68BC
:108F900023F44073134316E0184A9042F7D002F5C9
:108FA00080629042F3D002F580629042EFD0A2F549
:108FB00098329042EBD002F580629042E7D002F501
:108FC00080629042E3D04A6923F0800313438A68A9
:108FD000C2620A688262084A904203D002F5806247
:108FE000904201D10A690263026842F00402026001
:108FF00001224261036070470000014000400140CF
:1090000010B5044630B390F83D3003F0FF021BB9B1
:1090100080F83C20FFF7CDFE0223206884F83D3025
:10902000211DFFF799FF012384F84630002084F8C2
:109030003E3084F83F3084F8403084F8413084F882
:10904000423084F8433084F8443084F8453084F862
:109050003D3010BD0120FCE7704770472DE9F0411D
:10906000D1E90738D1E9012CD1E90376D1E90554DA
:10907000D1F824E0096843EA080381B943EA0E0302
:10908000134343EA0C033B43016833432B4323431D
:109090006FF30E010B4303600020BDE8F08101680F
:1090A00043EA0E0321F4F8410B43036042EA0C0348
:1090B00041683B4333432B4321F4FF42234322F0D7
:1090C0007F0213434360E7E7CB6803F1FF3C4B6942
:1090D000F0B54C688F680E698D690968013B1B0506
:1090E000013C013F013E013D24013F0236042D06B3
:1090F000013943EA0C335AB90B43234382683B439B
:1091000033432B4302F07042134383600020F0BDD1
:10911000826822F4700222F470421343836044EAAE
:109120000703C2680B4333432B4302F070421343DF
:10913000C360EBE770B5044615460269D1E900301B
:109140000343C8686FF3150243EA402313438A6858
:10915000013A43EA42132361FDF7F0FA0646A0699B
:1091600010F0200003D06B1CF9D00DB9032070BDA6
:10917000FDF7E4FA801BA842F1D9F7E743696FF3E2
:109180004D0343EA410343610020704708B54FF0A7
:10919000E0231B6901F0F2FE012803D0BDE808407E
:1091A00000F068BC08BD0000EFF305832BB9064B47
:1091B000186828B901221A6070476FF005007047DF
:1091C0004FF0FF30704700BF3433002008B501F086
:1091D000D5FE38B1022804D0034B1868431E58420C
:1091E000584108BD0320FCE73433002010B5EFF3ED
:1091F00005845CB9084B1A68012A0AD1074AD4775A
:1092000002221A6001F032FC204610BD6FF005000A
:10921000FBE74FF0FF30F8E73433002000ED00E0CB
:10922000F0B587B0144600220B460592EFF3058295
:10923000FAB9F0B154B3A56925B1691E372902D92D
:10924000002017E018256268D207F9D466699EB13C
:10925000B208D4E9027C216887B1BCF15F0F08D95C
:10926000246934B12EB1CDE90147009501F097FB97
:109270000590059807B0F0BD8022EAE7BCF1000F29
:10928000F7D12469002CF4D10C4601E01825802286
:1092900005A9CDE9005192B2214601F0B8FB0128A1
:1092A0001CBF00230593E4E708B5EFF3058222B95C
:1092B00008B101F039FD002008BD6FF00500FBE7A3
:1092C000F8B50546EFF3058717B100242046F8BD31
:1092D00020B346683307F8D4D0E9021306F001063C
:1092E00099B14F2BF1D9BEB1042000F0CBFE04465A
:1092F0000028EAD02D6837462946204601F08AF931
:10930000002FE3D044F00104E0E7002BDDD12EB1C3
:10931000042000F0EBFEEAE70120E6E7012000F080
:10932000E5FE04460028D0D0002DE5D00026E1E778
:1093300038B503460C4620F0010003F00102EFF3BC
:10934000058595B9012B13D962B101F0F5F8012813
:1093500001D1002038BD002C14BF6FF001006FF068
:109360000200F7E701F02BF8F1E76FF00500F1E7F5
:109370006FF00300EEE7024608B520F0010002F0AE
:109380000103EFF3058179B9012A10D93BB100F04F
:109390008EFE01280CBF00206FF0020008BD1A46A7
:1093A000194600F0BDFDF4E76FF00500F6E76FF039
:1093B0000300F3E7F7B504460E461546EFF30582C2
:1093C00042B938B1884205D355B1D5E902372BB13E
:1093D0004F2F22D80024204603B0F0BD002FF9D132
:1093E000012C0CD02046314600F07CFD04460028BC
:1093F000F0D085B92946204601F00CF9EBE70322AD
:109400000021012000F025FD0EE01A4600F048FD85
:1094100004460028DED02D68ECE70128F5D10321B1
:109420000091114600F0C7FC04460028D2D0002E5F
:10943000DFD000231A46194600F072FD0128D8D06B
:10944000204601F011F9C5E713B50C4628B3EFF338
:109450000583CBB109BB01AA019101F08EF8012867
:1094600003D06FF0020002B010BD019B0BB90020C9
:10947000F9E74FF0E0234FF08052C3F8042DBFF31B
:109480004F8FBFF36F8FF2E700F099FF0128EED006
:10949000002CE6D06FF00100E5E76FF00300E2E793
:1094A00007B518B3EFF30583CBB1002301A90193EE
:1094B00000F096FE012804D06FF0020003B05DF8C2
:1094C00004FB019B4BB14FF0E0234FF08052C3F8F7
:1094D000042DBFF34F8FBFF36F8F0020EEE71A46C6
:1094E000194600F01DFD0128F7D0E5E76FF00300F5
:1094F000E4E7F7B505460E461446EFF305871FB1BE
:109500000025284603B0F0BD0028F9D00029F7D087
:10951000DAB1D2E9023283B14F2AF1D92269002AA5
:10952000EED066694D43AE42EAD3009700F043FCAB
:1095300005460028E4D0246811E0002AE0D1236920
:10954000002BDDD16369002BDAD128460022314699
:1095500000F07FFC05460028D2D0002CEBD121463C
:10956000284601F057F8CCE773B51C46EFF30586A3
:10957000DEB138B331B32BBB01AA019300F0D3FDA8
:10958000012803D06FF0020002B070BD019B0BB93F
:109590000020F9E74FF0E0234FF08052C3F8042D8C
:1095A000BFF34F8FBFF36F8FF2E758B151B133461E
:1095B000224600F0B5FC0128EAD0002CE2D06FF082
:1095C0000100E1E76FF00300DEE737B51C46EFF37B
:1095D0000583DBB130B329B324BB01AA019400F0A9
:1095E000CCFF012803D06FF0020003B030BD019B17
:1095F0000BB90020F9E74FF0E0234FF08052C3F899
:10960000042DBFF34F8FBFF36F8FF2E750B149B115
:10961000224600F036FE0128EBD0002CE3D06FF09C
:109620000100E2E76FF00300DFE70000034B036097
:10963000034B0B6080231360704700BFD4320020BF
:10964000D4300020034B0360034B0B604FF4807356
:109650001360704774300020742C002010B5104B3C
:109660001A461B688342FBD354681119884201BF14
:109670004168104609195160446801198B420CD1A8
:10968000084909688B4203D0596821444160196830
:109690000160904218BF106010BD1946F8E700BF86
:1096A000503300204C3300202DE9F041044601F0F6
:1096B00023FA4249424D0B680BBB424A56071FBF73
:1096C000D01D20F0070002F58032131A0CBF4FF4B2
:1096D0008033024613443C4E083B23F0070300202E
:1096E00070603260C3E90000981AC2E900300B6074
:1096F000364B1860364B18604FF000432B602E68D5
:10970000264255D1002C46D004F1080360071CBF47
:1097100023F007030833002B4AD02D4F3C689C42AE
:1097200046D3294A15686868984204D2D5F800C023
:10973000BCF1000F15D10968A94239D02968D2F8C7
:1097400000801160C21A102A12D9E81841070BD004
:109750004FF0500383F31188BFF36F8FBFF34F8F28
:10976000FEE72A466546DEE742606B60FFF776FF5C
:109770006A681649A41A1643164A08683C60002312
:109780002B6013686E60844203F1010338BF0C60E4
:10979000136008F1080401F053FA63070AD04FF090
:1097A000500383F31188BFF36F8FBFF34F8FFEE732
:1097B0000024F0E72046BDE8F08100BF4C330020D4
:1097C0003833002058330020503300204433002029
:1097D000483300204033002010B5044690B31A4AA5
:1097E00050F8043C1268134208D14FF0500383F341
:1097F0001188BFF36F8FBFF34F8FFEE750F8081C3F
:1098000041B14FF0500383F31188BFF36F8FBFF363
:109810004F8FFEE723EA020340F8043C01F06CF9A5
:109820000A4A54F8043C1168A4F108000B44136080
:10983000FFF714FF064A1368BDE8104001331360B8
:1098400001F0FEB910BD00BF3833002048330020BE
:109850003C33002000F108034FF0FF32C0E902233F
:109860004360036100230360704700230361704776
:1098700043684B609A688A60516099600368086128
:1098800001330360704730B50C68631C0AD103696B
:109890005A684A6091608B605960036808610133BF
:1098A000036030BD00F10802134652681568A542F6
:1098B000FAD9EDE7D0E9011203698A60516059686D
:1098C000814208BF5A60002202611A68013A1A6098
:1098D0001868704708480068006880F308884FF0EF
:1098E000000080F3148862B661B6BFF34F8FBFF3F8
:1098F0006F8F00DF00BF000008ED00E0DFF80C0014
:10990000016841F4700101607047000088ED00E0DB
:1099100082B0002301930D4B1B68013308D04FF038
:10992000500383F31188BFF36F8FBFF34F8FFEE7B0
:109930004FF0500383F31188BFF36F8FBFF34F8F46
:10994000019B002BFCD002B0704700BF1C00002020
:109950004FF0807340F8043C074B40F80C3C21F07A
:1099600001016FF0020340F8081C40F8202C40F879
:10997000243C4438704700BF1199000800000000E3
:10998000074B19680868B0E8F04F80F30988BFF307
:109990006F8F4FF0000080F311887047AFF30080A5
:1099A000983801204FF0500383F31188BFF36F8F75
:1099B000BFF34F8F0A4A13680133012B13600ED196
:1099C0004FF0E023D3F8043DDBB243B14FF0500336
:1099D00083F31188BFF36F8FBFF34F8FFEE770479C
:1099E0001C000020084A136843B94FF0500383F36A
:1099F0001188BFF36F8FBFF34F8FFEE7013B1360FA
:109A00000BB983F3118870471C0000200000000090
:109A1000EFF30980BFF36F8F154B1A681EF0100F1C
:109A200008BF20ED108A20E9F04F10602DE90900F1
:109A30004FF0500080F31188BFF34F8FBFF36F8F4B
:109A400001F096F94FF0000080F3118809BC196805
:109A50000868B0E8F04F1EF0100F08BFB0EC108A95
:109A600080F30988BFF36F8F704700BFAFF30080AA
:109A70009838012008B54FF0500383F31188BFF3E5
:109A80006F8FBFF34F8F01F045F828B14FF0E023FF
:109A90004FF08052C3F8042D002383F3118808BDD2
:109AA0004FF0E022002313619361054B4FF47A716C
:109AB0001B68B3FBF1F3013B53610723136170474C
:109AC000100000204FF0E02337B5D3F8001D384ACE
:109AD000914208D14FF0500383F31188BFF36F8F89
:109AE000BFF34F8FFEE7D3F8002D324B9A4208D1D7
:109AF0004FF0500383F31188BFF36F8FBFF34F8F85
:109B0000FEE72D4B1A78D2B20192FF221A701B7811
:109B10002A4ADBB28DF803309DF8033003F050037E
:109B20001370274A072313609DF803101368090672
:109B30000AD4032B11D04FF0500383F31188BFF3E5
:109B40006F8FBFF34F8FFEE7013B13609DF803302B
:109B50005B00DBB28DF80330E6E74FF4407313602F
:109B6000019B154A4FF0E024DBB21370D4F8203D7E
:109B700043F47003C4F8203DD4F8203D43F0704313
:109B8000C4F8203DFFF78CFF0E4B00251D60FFF74A
:109B9000B5FED4F8343F43F04043C4F8343FFFF7F8
:109BA00099FE01F0E5F8FFF7B3FE284603B030BD9B
:109BB00071C20F4170C20F4100E400E05C3301202C
:109BC000583301201C000020EFF305830F2B0ED922
:109BD000114A9B5C114A12789A4208D94FF05003FF
:109BE00083F31188BFF36F8FBFF34F8FFEE74FF002
:109BF000E0230B4AD3F80C3D126803F4E063934270
:109C000008D94FF0500383F31188BFF36F8FBFF370
:109C10004F8FFEE7704700BFF0E300E05C330120A8
:109C20005833012010B50446FFF7BCFEA46BFFF7C4
:109C3000D9FEB4FA84F0400910BD70B51646026C26
:109C4000856B044642B906689EB9806801F0E4F964
:109C5000A6600135A56370BD6EB940681CF065FB58
:109C60006368226C1344A2686360934224BF236834
:109C700063600020EDE7C0681CF057FB226CE368CE
:109C800051429B1A2268E36093423EBFA3685B186F
:109C9000E360022EEDD10DB1013DEAE72846D8E799
:109CA000034610B41A6C08466AB1DC68996814441B
:109CB0008C4228BF1968DC6028BFD960D9685DF87C
:109CC000044B1CF032BB5DF8044B704770B5044682
:109CD000FFF768FE94F8455004F124066DB2002D9C
:109CE00001DD636AB3B9FF2384F84530FFF77AFEDC
:109CF000FFF758FE94F8445004F110066DB2002DA1
:109D000001DD23697BB9FF2384F84430BDE870404E
:109D1000FFF768BE304601F09DF808B101F022F966
:109D2000013D6DB2DBE7304601F094F808B101F077
:109D300019F9013D6DB2E2E738B50D46044640B968
:109D40004FF0500383F31188BFF36F8FBFF34F8F32
:109D5000FEE7FFF727FED4E90F31226862604B432C
:109D6000D0185B1A1A44A060FF230020A063E260B1
:109D700084F8443084F84530A5B9236973B104F1FF
:109D8000100001F067F848B14FF0E0234FF0805227
:109D9000C3F8042DBFF34F8FBFF36F8FFFF722FE81
:109DA000012038BD04F11000FFF754FD04F1240038
:109DB000FFF750FDF2E737B50D461C4640B94FF0AE
:109DC000500383F31188BFF36F8FBFF34F8FFEE70C
:109DD00043B94FF0500383F31188BFF36F8FBFF384
:109DE0004F8FFEE74AB191B94FF0500383F31188CA
:109DF000BFF36F8FBFF34F8FFEE741B14FF05003BA
:109E000083F31188BFF36F8FBFF34F8FFEE75023AB
:109E10000193019B502B08D04FF0500383F311881E
:109E2000BFF36F8FBFF34F8FFEE70121002D08BFF7
:109E30002246C4E90F0584F8461022602046019BA3
:109E4000FFF77AFF9DF8183084F84C30204603B0B5
:109E500030BDF8B50D461746064640B94FF05003E1
:109E600083F31188BFF36F8FBFF34F8FFEE7484333
:109E70005030FFF719FC044670B1002380F84630DB
:109E800065B100F15003C4E90F652360012120464C
:109E9000FFF752FF84F84C702046F8BD0346F2E706
:109EA00013B513460C4640B94FF0500383F31188A5
:109EB000BFF36F8FBFF34F8FFEE7884208D24FF09A
:109EC000500383F31188BFF36F8FBFF34F8FFEE70B
:109ED0000222009200221146FFF76DFF00B1846359
:109EE00002B010BD10B50C4640B94FF0500383F3DB
:109EF0001188BFF36F8FBFF34F8FFEE7884208D200
:109F00004FF0500383F31188BFF36F8FBFF34F8F70
:109F1000FEE702220021FFF79CFF00B1846310BD21
:109F20002DE9FF410F4601921E46044640B94FF00D
:109F3000500383F31188BFF36F8FBFF34F8FFEE79A
:109F400051B9036C43B14FF0500383F31188BFF351
:109F50006F8FBFF34F8FFEE7022E0BD1E36B012B08
:109F600008D04FF0500383F31188BFF36F8FBFF316
:109F70004F8FFEE701F002F8054620B300254FF0B1
:109F80000008FFF70FFDA26BE36B9A4227D232461F
:109F900039462046FFF751FE636A1BB104F12400E5
:109FA00000F058FF48B14FF0E0234FF08052C3F863
:109FB000042DBFF34F8FBFF36F8FFFF713FD012009
:109FC00004B0BDE8F081019B002BD8D04FF05003C6
:109FD00083F31188BFF36F8FBFF34F8FFEE7022E1D
:109FE000D5D0019B1BB9FFF7FDFC0020E8E715B9B0
:109FF00002A800F06FFFFFF7F5FC00F07DFDFFF712
:10A00000D1FC94F84430FF2B08BF84F8448094F8C6
:10A010004530FF2B08BF84F84580FFF7E3FC01A91A
:10A0200002A800F063FF38BBFFF7BCFCA26BE36B38
:10A030009A420ED1FFF7D6FC019904F1100000F00E
:10A04000D1FE2046FFF742FE00F0FAFD48B101259F
:10A0500097E7FFF7C7FC2046FFF738FE00F0F0FD5A
:10A06000F5E74FF0E0234FF08052C3F8042DBFF323
:10A070004F8FBFF36F8FEAE72046FFF727FE00F010
:10A08000DFFDB2E713B500220B4600901146012018
:10A09000FFF791FE044638B1002383600360C3607C
:10A0A0001A461946FFF73CFF204602B010BD38B5EE
:10A0B000044640B94FF0500383F31188BFF36F8F0C
:10A0C000BFF34F8FFEE7856800F052FF85420BD14A
:10A0D000E368013BE3600BB1012038BD1A46194625
:10A0E0002046FFF71DFFF7E70020F6E770B50646AC
:10A0F0005020FFF7D9FA044698B100250121C0E9A4
:10A100000F1580F846500060FFF716FE84F84C608B
:10A11000A5602560E5602B462A4629462046FFF7C4
:10A12000FFFE204670BD2DE9F843894617461E46BE
:10A13000044640B94FF0500383F31188BFF36F8F8B
:10A14000BFF34F8FFEE751B9036C43B14FF050039B
:10A1500083F31188BFF36F8FBFF34F8FFEE7022E9B
:10A160000BD1E36B012B08D04FF0500383F3118820
:10A17000BFF36F8FBFF34F8FFEE7FFF725FDEFF3C0
:10A1800011884FF0500383F31188BFF36F8FBFF333
:10A190004F8FA26BE36B9A4201D3022E1ED194F82B
:10A1A0004550A36B6DB2324649462046FFF745FD48
:10A1B0006B1C0ED1636A3BB104F1240000F04AFE2F
:10A1C00010B10FB101233B60012088F31188BDE875
:10A1D000F88301356DB284F84550F5E70020F4E7C7
:10A1E00070B50D46044640B94FF0500383F3118813
:10A1F000BFF36F8FBFF34F8FFEE7036C43B14FF098
:10A20000500383F31188BFF36F8FBFF34F8FFEE7C7
:10A21000036853B9836843B14FF0500383F3118847
:10A22000BFF36F8FBFF34F8FFEE7FFF7CDFCEFF368
:10A2300011864FF0500383F31188BFF36F8FBFF384
:10A240004F8FA26BE36B934219D994F845100132FA
:10A25000FF294BB2A2630DD1636A3BB104F1240024
:10A2600000F0F8FD10B10DB101232B60012086F341
:10A27000118870BD01335BB284F84530F6E70020E9
:10A28000F5E72DE9FF410E460192044640B94FF033
:10A29000500383F31188BFF36F8FBFF34F8FFEE737
:10A2A00051B9036C43B14FF0500383F31188BFF3EE
:10A2B0006F8FBFF34F8FFEE700F060FE054618B3C7
:10A2C00000254FF00008FFF76DFBA76B47B3314641
:10A2D0002046013FFFF7E4FCA763236973B104F153
:10A2E000100000F0B7FD48B14FF0E0234FF080526E
:10A2F000C3F8042DBFF34F8FBFF36F8FFFF772FBCF
:10A30000012004B0BDE8F081019B002BD9D04FF0B3
:10A31000500383F31188BFF36F8FBFF34F8FFEE7B6
:10A32000019B1BB9FFF75EFB0020EAE715B902A805
:10A3300000F0D0FDFFF756FB00F0DEFBFFF732FB2D
:10A3400094F84430FF2B08BF84F8448094F84530DB
:10A35000FF2B08BF84F84580FFF744FB01A902A842
:10A3600000F0C4FD00BB2046FFF75CFCB0B10199D2
:10A3700004F1240000F036FD2046FFF7A7FC00F0B2
:10A380005FFC48B94FF0E0234FF08052C3F8042D32
:10A39000BFF34F8FBFF36F8F012594E72046FFF780
:10A3A00095FC00F04DFCF7E72046FFF78FFC00F02E
:10A3B00047FC2046FFF736FC0028EDD0B4E7F0B5A7
:10A3C00085B00446019140B94FF0500383F31188E2
:10A3D000BFF36F8FBFF34F8FFEE7056C45B14FF0B2
:10A3E000500383F31188BFF36F8FBFF34F8FFEE7E6
:10A3F00000F0C4FD064620B32E460027FFF7D2FA30
:10A40000A36B53B3013BA363236813B900F094FE1D
:10A41000A060236973B104F1100000F01BFD48B186
:10A420004FF0E0234FF08052C3F8042DBFF34F8F5D
:10A43000BFF36F8FFFF7D6FA012005B0F0BD3546A8
:10A44000DBE7019B002BFAD04FF0500383F3118818
:10A45000BFF36F8FBFF34F8FFEE7019B53B9002D02
:10A4600066D04FF0500383F31188BFF36F8FBFF3B3
:10A470004F8FFEE716B902A800F02CFDFFF7B2FAE5
:10A4800000F03AFBFFF78EFA94F84430FF2B08BF38
:10A4900084F8447094F84530FF2B08BF84F8457069
:10A4A000FFF7A0FA01A902A800F020FD50BB20464A
:10A4B000FFF7B8FB00B323683BB9FFF773FAA06856
:10A4C00000F06CFD0546FFF78DFA019904F12400B8
:10A4D00000F088FC2046FFF7F9FB00F0B1FB48B91B
:10A4E0004FF0E0234FF08052C3F8042DBFF34F8F9D
:10A4F000BFF36F8F012681E72046FFF7E7FB00F0EF
:10A500009FFBF7E72046FFF7E1FB00F099FB2046B1
:10A51000FFF788FB0028EDD065B1FFF743FA616AC9
:10A5200019B1236B1968C1F13801A06800F0B6FDBC
:10A53000FFF758FA002080E770B50D46044640B991
:10A540004FF0500383F31188BFF36F8FBFF34F8F2A
:10A55000FEE7866800F00CFD864204D1E368013313
:10A56000E360012070BD29462046FFF728FF002840
:10A57000F8D0E3680133E360F4E72DE9F843894656
:10A580009046044640B94FF0500383F31188BFF35F
:10A590006F8FBFF34F8FFEE751B9036C43B14FF09C
:10A5A000500383F31188BFF36F8FBFF34F8FFEE724
:10A5B000FFF70AFBEFF311874FF0500383F3118885
:10A5C000BFF36F8FBFF34F8FA56B0DB394F844604B
:10A5D000494676B22046FFF763FB013D731CA56335
:10A5E00011D1236953B104F1100000F033FC28B1FC
:10A5F000B8F1000F02D00123C8F80030012087F322
:10A600001188BDE8F883013676B284F84460F5E736
:10A610002846F4E730B5074A002352F8335002EBDE
:10A62000C3041DB942F83310606030BD0133082BFC
:10A63000F3D1FAE76033012010B5094A002352F83C
:10A64000331081424FEAC30406D1064A002142F882
:10A6500033102244516010BD0133082BEFD1FAE7CB
:10A66000643301206033012010B540B94FF050032E
:10A6700083F31188BFF36F8FBFF34F8FFEE7FFF7B0
:10A68000DBFF90F846301BB9BDE81040FFF7A4B8D7
:10A6900010BD70B504460D461646FFF783F994F8D1
:10A6A0004430FF2B04BF002384F8443094F8453035
:10A6B000FF2B04BF002384F84530FFF793F9A36B09
:10A6C0002BB93246294604F1240000F0A5FB2046B0
:10A6D000BDE87040FFF7FABA2DE9F0410446FFF7F4
:10A6E00061F9304B304E1A68304F01321A603568CC
:10A6F000002D4BD134601B68012B1FD1B84640465A
:10A700000135FFF7A7F8382D08F11408F7D1DFF865
:10A71000C480274D4046FFF79DF82846FFF79AF87A
:10A720002448FFF797F82448FFF794F82348FFF7E9
:10A7300091F8234BC3F80080224B1D60224A136816
:10A7400001331360214A63641168E36A14208B4269
:10A7500000FB037004F1040188BF1360FFF788F861
:10A76000FFF740F91A4B1B6873B13368DA6AE36A82
:10A770009A4209D24FF0E0234FF08052C3F8042DE3
:10A78000BFF34F8FBFF36F8FBDE8F081104B1A6896
:10A79000E36A002AD2D13268D26A9A4298BF346002
:10A7A000CCE700BFC43301209838012038340120A1
:10A7B00010340120F4330120E0330120C83301209C
:10A7C0000C34012008340120A8330120BC330120BF
:10A7D000B833012024340120F8B5154B154D1C6801
:10A7E0000646286804300F46FFF764F8731C07D14B
:10A7F00037B129681048BDE8F8400431FFF738B890
:10A800002B68A4195C6007D30C4B18682968BDE855
:10A81000F8400431FFF737B8094B1868296804314C
:10A82000FFF731F8074B1A68A24288BF1C60F8BDD9
:10A83000C033012098380120C8330120083401209A
:10A840000C340120A4330120064A13681968064B12
:10A8500019B94FF0FF321A6070471268D268D26897
:10A860005268F8E70C340120A433012010B590F8A9
:10A870005D3004463BB9006BFEF7AEFF2046BDE8F5
:10A880001040FEF7A9BF012BF9D0022B08D04FF0E2
:10A89000500383F31188BFF36F8FBFF34F8FFEE731
:10A8A00010BD000080B5134C134F144D236873B9CD
:10A8B000134B1B68012BF8D94FF0E0234FF0805267
:10A8C000C3F8042DBFF34F8FBFF36F8FEDE7FFF792
:10A8D00069F8FB68DE68301DFEF7ECFF2B68013B72
:10A8E0002B602368013B2360FFF77CF83046FFF7BD
:10A8F000BDFFDBE7DC330120E0330120C43301205E
:10A90000383401202DE9F047DDE9099496003246FC
:10A9100007460D46206BA52198461BF07AFC236B59
:10A92000043E1E4426F00706B5B36B1E04F1330245
:10A930000F3513F8011F02F8011F09B1AB42F8D11E
:10A94000002384F84330089D372D28BF37254FF06A
:10A95000000AE562E564201DC4F850A0FEF785FFFB
:10A96000C5F1380504F11800FEF77FFFC4F858A0C0
:10A970002461A5616462C4F854A084F85CA04246D6
:10A9800039463046FEF7E4FF2060B9F1000F01D0F0
:10A99000C9F80040BDE8F08784F83450D3E770B5BB
:10A9A00086B0DDE90B5445B94FF0500383F31188AD
:10A9B000BFF36F8FBFF34F8FFEE744B94FF05003E3
:10A9C00083F31188BFF36F8FBFF34F8FFEE76026CD
:10A9D0000596059E602E08D04FF0500383F3118832
:10A9E000BFF36F8FBFF34F8FFEE72563022584F817
:10A9F0005D5004AD01950A9D02940095059EFFF7F8
:10AA000081FF2046FFF768FE049806B070BD2DE96F
:10AA1000F043074685B09000884616469946FEF7F3
:10AA200043FE054620B94FF0FF3005B0BDE8F08386
:10AA30006020FEF739FE044698B1002380F85D30AF
:10AA40000D9B056301930C9B0290009332464B468D
:10AA500041463846FFF756FF2046FFF73DFE0120EE
:10AA6000E3E72846FEF7B8FEDDE7000010B588B042
:10AA7000002407AA06A905A8CDE90544FEF7D6FDDE
:10AA8000059B0293069B079A16491748CDE9004398
:10AA90002346FFF784FF18B300F0ACFB012814D164
:10AAA0004FF0500383F31188BFF36F8FBFF34F8FC5
:10AAB0000E4B4FF0FF321A600D4B18600D4B1C60AF
:10AAC00008B0BDE81040FEF7FDBF013008D14FF0DF
:10AAD000500383F31188BFF36F8FBFF34F8FFEE7EF
:10AAE00008B010BD1F800208A5A80008A4330120EB
:10AAF000B8330120C0330120024A136801331360C8
:10AB0000704700BFA0330120014B1868704700BF99
:10AB1000C03301203F4B1B682DE9F74F002B72D14A
:10AB20003D4B1C6801341C60BCB93C4B1A68126870
:10AB300042B14FF0500383F31188BFF36F8FBFF31F
:10AB40004F8FFEE7364A1968106818601160354A61
:10AB5000136801331360FFF777FE334D334E2B68D4
:10AB6000334F9C424FF0000B12D23A68D26A142144
:10AB70004A43B258022A2F4A126828BF4FF0010BED
:10AB8000002A18BF4FF0010B584603B0BDE8F08F04
:10AB9000DFF88890DFF8A4A0D9F8002012681AB96D
:10ABA0004FF0FF322A60E0E7D9F80020D268D2F8EF
:10ABB0000C80D8F804108C4201D22960D5E708F146
:10ABC000040318460193FEF775FED8F8281019B152
:10ABD00008F11800FEF76EFED8F82C00DAF8001025
:10ABE0001423884288BFCAF80000019903FB006063
:10ABF000FEF73EFE3868D8F82C10C26A914228BF92
:10AC00004FF0010BC8E70C4A1368013313604FF093
:10AC1000000BB9E7A0330120C03301200C34012020
:10AC200008340120AC330120A43301203834012042
:10AC300098380120B0330120B4330120BC33012007
:10AC40002DE9F041304C236843B94FF0500383F3B2
:10AC50001188BFF36F8FBFF34F8FFEE7FEF7A2FEA1
:10AC60002368013B236024682CB10024FEF7BAFE60
:10AC70002046BDE8F081254B1B68002BF5D0244D04
:10AC8000244EDFF8A0801DE0EB68DC68271D04F18E
:10AC90001800FEF70FFE3846FEF70CFEE36A326836
:10ACA0001420934200FB0380394688BF3360FEF7CF
:10ACB000DFFD194BE26A1B68DB6A9A4202D3174B2D
:10ACC00001221A602B68002BDED10CB1FFF7BCFD0E
:10ACD000134D2C6844B1114E0127FFF71BFF00B143
:10ACE0003760013CF9D12C600C4B1B68002BBCD0A9
:10ACF0004FF0E0234FF08052C3F8042DBFF34F8F85
:10AD0000BFF36F8F0124B1E7A0330120C4330120CA
:10AD1000F4330120BC33012098380120B0330120E6
:10AD2000B43301203834012008B550B94FF0E02386
:10AD30004FF08052C3F8042DBFF34F8FBFF36F8FD6
:10AD400008BD0A4B196841B14FF0500383F31188D5
:10AD5000BFF36F8FBFF34F8FFEE7FFF7CDFEFFF717
:10AD60003BFDFFF76DFF0028E0D0E9E7A0330120AD
:10AD7000174B1A68174B70B512B101221A6070BDDB
:10AD8000154D1A602A681549142606FB02F3C818E7
:10AD9000CC588CB144680833646844600B449C42CE
:10ADA00004BF63684360142303FB02114B68D96836
:10ADB0000B4B19602A60E2E742B94FF0500383F36E
:10ADC0001188BFF36F8FBFF34F8FFEE7013ADCE7C7
:10ADD000A0330120B0330120BC33012038340120DE
:10ADE0009838012010B50C4640B94FF0500383F35A
:10ADF0001188BFF36F8FBFF34F8FFEE7054B1968C4
:10AE00001831FEF740FD20460121BDE81040FFF754
:10AE1000E3BC00BF9838012038B50D46144640B950
:10AE20004FF0500383F31188BFF36F8FBFF34F8F41
:10AE3000FEE7074B19681831FEF71AFD002C214672
:10AE40000CBF28464FF0FF30BDE83840FFF7C4BCC8
:10AE50009838012038B5C368DC6844B94FF0500316
:10AE600083F31188BFF36F8FBFF34F8FFEE704F1B9
:10AE700018052846FEF71EFD104B1B68DBB9251D83
:10AE80002846FEF717FD0E4AE36A11688B4288BF19
:10AE900013600C4A1420294600FB0320FEF7E8FC4F
:10AEA000094BE26A1B68DB6A9A4283BF074B0120A9
:10AEB0001860002038BD06482946EFE7A03301207E
:10AEC000BC3301203834012098380120B0330120F0
:10AED000F4330120034B1B680360034B1B68436082
:10AEE000704700BFAC330120C033012070B50C4661
:10AEF000054640B94FF0500383F31188BFF36F8FBD
:10AF0000BFF34F8FFEE741B94FF0500383F3118831
:10AF1000BFF36F8FBFF34F8FFEE7FEF743FD0F4B7D
:10AF2000196823685A1C10D00D482E6800686A689A
:10AF3000864201D08A420FD9881A83420AD95B1A05
:10AF4000134423602846FFF7C5FF0024FEF74AFD9F
:10AF5000204670BD002323600124F7E7C0330120A1
:10AF6000AC330120014B01221A607047B03301203D
:10AF7000014B1868704700BF98380120054B1B68CB
:10AF800033B1054B1868B0FA80F0400940007047B3
:10AF900001207047B8330120A0330120F8B50446E2
:10AFA00038B31A4DC36A2A68D26A934226D282699C
:10AFB000174E002AA1BF2A68D26AC2F13802826104
:10AFC000142202FB036342699A4213D1071D3846DB
:10AFD000FEF770FC2B680F4ADB6A1168E3621420ED
:10AFE0008B4200FB0360394688BF1360FEF740FCCC
:10AFF0000120F8BD2B68DB6AC362F9E72B68C06CDF
:10B00000DB6A98422CBF00200120F2E7983801202B
:10B0100038340120BC33012038B508B9002038BDD0
:10B020001B4B1C68844208D04FF0500383F31188F7
:10B03000BFF36F8FBFF34F8FFEE7236D43B94FF020
:10B04000500383F31188BFF36F8FBFF34F8FFEE779
:10B05000E16AE26C013B91422365DFD0002BDDD138
:10B06000251D2846FEF726FCE36CE362C3F1380297
:10B07000A261084A11688B4288BF1360064A1420F7
:10B0800000FB03202946FEF7F3FB0120C7E700BFC2
:10B0900098380120BC3301203834012070B50446B3
:10B0A000002841D0026D42B94FF0500383F311885C
:10B0B000BFF36F8FBFF34F8FFEE7C36C994238BF6A
:10B0C0001946C36A8B422FD0012A2DD1174A126824
:10B0D000824208D14FF0500383F31188BFF36F8F82
:10B0E000BFF34F8FFEE78269114DC162002A4FF016
:10B0F000140202FB03534269A4BFC1F1380181610C
:10B100009A4211D1061D3046FEF7D4FB094AE36A84
:10B11000116814208B4200FB03503146BDE870409B
:10B1200088BF1360FEF7A4BB70BD00BF9838012034
:10B1300038340120BC330120044B1A681AB1196855
:10B140000A6D01320A651868704700BF98380120FF
:10B15000914208B5416000610AD8D21A83699A42C7
:10B160000DD2084B011D1868FEF78DFB002008BDAD
:10B170009A4201D2994202D2034B011DF3E701200A
:10B18000F5E700BF983901209C390120F7B5114C33
:10B19000FEF708FC2568BDB90F4F104E3846FEF784
:10B1A00059FB3046FEF756FB0D4B0E4A1F600E4B07
:10B1B00010211E600A200D4B0095FEF7FCFD20605B
:10B1C00010B10B49FFF726FA03B0BDE8F040FEF7D7
:10B1D00009BC00BF94390120B4390120A0390120F5
:10B1E0009C390120EC380120983901209C3801203D
:10B1F0002480020810B588B0FFF7C8FF124B1B6807
:10B20000B3B1002407AA06A905A8CDE90544FEF7B5
:10B2100019FA059B0293069B019302230093079A58
:10B220000A490B482346FFF7BAFB0A4B186040B99E
:10B230004FF0500383F31188BFF36F8FBFF34F8F2D
:10B24000FEE7012008B010BD9439012029800208D2
:10B2500055B30008903901207FB5164604461A46BA
:10B2600040B94FF0500383F31188BFF36F8FBFF3E2
:10B270004F8FFEE70D4D286880B10529CDE90016F6
:10B2800002940DDCFFF77AFE0023022808BF089A1B
:10B29000286818BF1A466946FEF742FE04B070BD22
:10B2A00000236946FEF73FFFF8E700BF943901200D
:10B2B0002DE9F347DFF898800646FFF725FCD8F81C
:10B2C00000308342054609D91F4F3B681A686AB9A6
:10B2D0001E4A116839601360012300E000232846EC
:10B2E0003360C8F8005002B0BDE8F087DB68DC6866
:10B2F000D3F8009004F1040A5046FEF7DBFA236A03
:10B300002046984794F828305B07DED5A3694B4464
:10B31000994506D23868636024615146FEF7B3FA56
:10B32000D3E7002300934A4619462046FFF794FFCF
:10B330000028CAD14FF0500383F31188BFF36F8FF9
:10B34000BFF34F8FFEE700BF9C39012098390120E1
:10B350008C3901202DE9F0436E4D6F4E89B02B687A
:10B36000D3F80080B8F1000F35D0DB68D3F8008047
:10B370000024FFF7C1FB04A8FFF79AFF049B814656
:10B38000002B69D1002C4CD1404550D3FFF758FC1D
:10B390002B68DB68DF68381DFEF78CFA97F82830D9
:10B3A00058071AD5B96943464A4641443846FFF71B
:10B3B000CFFEB0B100942346424621463846FFF7FF
:10B3C0004BFF70B94FF0500383F31188BFF36F8FB9
:10B3D000BFF34F8FFEE70124CBE723F0010387F88B
:10B3E00028303B6A384698473068002204A9FEF7A7
:10B3F00048FF0028B3D0049B0698002B2FDB069C47
:10B400006369002B32D103A8FFF752FF049B024669
:10B41000092BE9D8DFE803F02E2E2E575E762E2E6C
:10B42000575E3E4B1B681C68B4FA84F464093068AC
:10B430002246A8EB0901FFF72CF9FFF701FC0028D1
:10B44000D2D14FF0E0234FF08052C3F8042DBFF368
:10B450004F8FBFF36F8FC7E7FFF7F2FBC4E7059B82
:10B4600007999847049B002BBEDBC8E7201DFEF719
:10B4700021FAC8E794F82830A16943F0010384F861
:10B480002830059B20461944FFF762FE0028ABD008
:10B49000236A2046984794F828305907A4D5A26912
:10B4A000059900230A44009319462046FFF7D4FE6D
:10B4B000002899D14FF0500383F31188BFF36F8FA9
:10B4C000BFF34F8FFEE794F8283023F0010384F890
:10B4D000283089E794F8283043F0010384F82830B5
:10B4E0000599A16141B94FF0500383F31188BFF36F
:10B4F0006F8FBFF34F8FFEE7034601442046FFF7EF
:10B5000027FE71E794F828309A07DED42046FEF72C
:10B5100063F969E79C3901209439012098390120A9
:10B520008088704770B5036805465B6A0C46002149
:10B5300098472B6806461B6A28469847A41BA4B266
:10B54000B4FBF0F070BD00238380704710B5036832
:10B5500081885B6A04469847A3880133A38010BDA5
:10B5600003685B6A18477047024A026000228280C3
:10B57000704700BF50890208836A002003E05A1A0E
:10B5800050429B6950410BB10028F8D0704700230E
:10B5900048618B61836A0BB9816270471A469B6967
:10B5A000002BFBD191617047002203E09969816211
:10B5B000C3E90522836A002BF8D170470023836218
:10B5C00070472DE9F0411F4690F824300D4616468D
:10B5D00003B13860846A23E094F82530FBB1B4F9F4
:10B5E000040085421BDB238981B213FA80F000B28C
:10B5F000854214DAB4F90600864210DB638982B210
:10B6000013FA80F000B2864209DA2368B21A691A86
:10B61000D3F8248012B23B4609B22046C047A46941
:10B62000002CD9D1BDE8F0810022028042808280C6
:10B63000C280704770B50D46846A164606E02368DE
:10B6400020465B6D324629469847A469002CF6D106
:10B6500070BD38B50D46846A05E02B6821469B68AD
:10B6600028469847A469002CF7D138BD704710B51B
:10B670002C2104461AF07DFB204610BD836AABB135
:10B680008B4207D19A6900215961826202B97047E1
:10B69000996170471A469B698B4205D199699161FE
:10B6A0000022C3E905227047002BF3D17047836A5B
:10B6B00030B40D46044611461BB9036830BC1B6EFE
:10B6C00018470DB1AB4203E09361A26204E09D42D2
:10B6D00004D19A698A6199614C6102E09B69002BEF
:10B6E000F5D130BC70472DE9F04300238D6A03800B
:10B6F00043808380C3801F469E4619469C461A4657
:10B700001E461C463BE0B5F90890B9F1000F35DD47
:10B71000B5F90A80B8F1000F30DD002CB5F90460EE
:10B72000B5F9063001DD002A04DC31461F464246E9
:10B730004C461FE0B1428C46A8BFB4469F42BE466D
:10B740002144A8BF9E463A444E44434409B212B233
:10B7500036B21BB2B142ACBFCCEB0104CCEB060459
:10B760009A42ACBFCEEB0201CEEB03010AB224B287
:10B770007746614601239E469C461E46AD69002DD4
:10B78000C1D103B14780BEF1000F00D00180BCF1F0
:10B79000000F00D0C28006B18480BDE8F0830000B5
:10B7A0002DE9F04F694C9FB02468289D94F84D8096
:10B7B000039300242C80299D2C801C60CDE901126C
:10B7C0000646FFF7FEFEB8F1030F40F3BC8031469A
:10B7D0000AA807F0DFFF039BD3F80090B9F1000F30
:10B7E00021D049460EA807F0D5FF019BBDF928409E
:10B7F000BDF93820BDF93A101C44BDF93C3003EBCB
:10B80000D37302EB6303E41A029ABDF92A3013449E
:10B81000BDF93E2002EBD27201EB62029B1A5B4340
:10B8200004FB043401E04FF0FF34494F0323B8F127
:10B830000C0FDCBF08F1FF32B2FBF3F300930FCF24
:10B840000EAD0FC50FCF0FC50FCF0FC597E80F0077
:10B8500085E80F00C246002707F00105009BBAFBF0
:10B86000F3F30EAA9BB2013702EB45154FF0000B24
:10B870000493049B296811FB03F18BB20593019B90
:10B8800013FA81F1B6F9043009B2994250DB3289DA
:10B8900013441BB299424BDA049B6A6812FB03F211
:10B8A00093B20693029B13FA82F2B6F9063012B2F3
:10B8B0009A423DDB708903441BB29A4238DA002376
:10B8C0000993304609ABFFF77CFE099981B34945DE
:10B8D0002ED00CA8079107F05DFFBDF93400019A46
:10B8E000BDF930C0BDF92830029900EBD0700CEBE7
:10B8F000600013441A1ABDF93600BDF92A30BDF9AB
:10B9000032C000EBD0700B440CEB60001B1A5B43A1
:10B9100002FB0233A342079909D20398099A0260F5
:10B92000289A05981080299A069810801C46894606
:10B930000BF1010BBBF1040F05F1080599D1009B38
:10B940009F42C24488D11FB0BDE8F08FD839012092
:10B95000B8710208F0B5B1F900208E88B0F900C0C6
:10B96000164436B2B44504DA858865442DB2AA423D
:10B9700005DB0023038043808380C38027E0B1F987
:10B980000270CC88B0F902303C4424B2A342F0DA11
:10B99000C4881C4424B2A742EBDA6245B8BF6246B1
:10B9A000BB42B8BF3B46AE42D4BFC2EB0607C2EBB8
:10B9B000050787804D88C9880280294409B2A142C1
:10B9C000D4BFC3EB0105C3EB0405C5804380F0BDC4
:10B9D0002DE9F34190F82530A3B3846A94B3B1F90B
:10B9E0000060B1F90250B1F90470B1F9068094F821
:10B9F000253023B3211D6846ADF80060ADF8025034
:10BA0000ADF80470ADF80680FFF7A4FFBDF904306F
:10BA1000002B14DDBDF90630002B10DDBDF8003021
:10BA2000A2889B1AADF80030E288BDF802309B1A5C
:10BA3000ADF80230236869469B6820469847A469A0
:10BA4000002CD4D102B0BDE8F08173B590F8253058
:10BA50000D46164643B3846A34B394F825300BB3CD
:10BA6000286869686B4603C3211D6846FFF772FFAB
:10BA7000BDF90430002B15DDBDF90630002B11DDBA
:10BA8000BDF80030A2889B1AADF80030E288BDF8FE
:10BA900002309B1AADF8023023683246DB6D6946EE
:10BAA00020469847A469D7E702B070BD13B5036874
:10BAB000D3F8B4400023CDE900336B46A04702B071
:10BAC00010BD012380F84F3080F87130704701239A
:10BAD00080F84F3080F871307047436801225A7205
:10BAE000406803681B691847406803689B681847EB
:10BAF00030B58BB004689DF8585009959DF85450A6
:10BB000008959DF850500795BDF84C5006959DF846
:10BB1000485005959DF844500495BDF84050039554
:10BB2000BDF83C500295BDF83850CDE900351346BC
:10BB3000246C0022A0470BB030BD0000044B1B78E2
:10BB400023B190F8720080F0010070470120704727
:10BB5000CC39012010B50446406803689B689847BB
:10BB600094F8713013B1012384F8723010BD10B510
:10BB70000446F4F711FFF4F7EBFD60680368DB6837
:10BB80009847E06803689B689847236820469B6F46
:10BB9000BDE81040184708B503680446D3F8843060
:10BBA00098472368DB6F2046984794F84C30022B67
:10BBB00001D0F4F73DFF23685B6FF4E77FB50368BE
:10BBC000604ED3F8C03004469847002800F0A980A2
:10BBD00094F84C30022B02D00120F4F737FD94F892
:10BBE0006E3084F86F3094F87D30002584F86E5004
:10BBF00084F84F5033B123682046D3F8D4309847A7
:10BC000084F87D5094F84E30626883F001035372DB
:10BC10000125357006F0BAFB03685B6B984794F812
:10BC20006F300BB984F86F5006F0B0FB03685B69A6
:10BC30009847206E03681B69984794F86F3094F812
:10BC40007020013BDBB284F86F300AB1002BEBD1DE
:10BC50003D4A94F96C10137801335BB2994213702A
:10BC600014DCE06800231370036803AADB6802A9F0
:10BC70009847236830B1DDE90212D3F8CC30204672
:10BC8000984703E0D3F8D0302046984760690023F6
:10BC90008DF8073058B103680DF10701DB6898474C
:10BCA00028B1206E9DF807100368DB68984704F1FF
:10BCB000200018F031FB94F8743043B32069036816
:10BCC0001B699847A36F054603B91FE01F4AC31AB3
:10BCD00093421CD9206903689B699847A36F64222B
:10BCE000EB1AB3FBF2F3B0FBF3F3002B04DD632B91
:10BCF00004DCD31ADBB202E0134600E00023206923
:10BD000084F86D3003680021DB699847A5672368D4
:10BD10002046D3F8E030984706F038FB03689B6B69
:10BD2000984723682046D3F8C430984794F84C309D
:10BD3000022B02D00120F4F7B3FC0023337004B0CF
:10BD400070BD00BFC9390120C839012000E1F505E7
:10BD500010B50446F4F750FE636800229A7210BDD5
:10BD60000166203018F0D6BA10B586B0044604A893
:10BD7000CDE9041206F00CF9049BADF80C300DF17E
:10BD80000E01059BADF80E3003A806F059F994F8A2
:10BD90007310BDF80C20BDF80E3004F1200049B13D
:10BDA0000093B4F864101346B4F8682018F0C2FA8F
:10BDB00058B104E018F000FB012384F87330BDF99A
:10BDC0000C306366BDF90E30A36606B010BD10B529
:10BDD000002B49D081EA0200C40709D50B44013A7F
:10BDE00003E012F8010F01F8010B8B42F9D83BE098
:10BDF000D00742BF12F8010B01F8010B03F1FF332A
:10BE0000012B17D981EA0204A407104629D023F098
:10BE100001040C4403E0128821F8022B02308C420A
:10BE20000246F8D803F0010304E032F8020B21F8CF
:10BE3000020B023B23F00300084403E0246841F8AE
:10BE4000044B043288421446F8D803F003030B4431
:10BE5000013A03E012F8010F01F8010B8B42F9D807
:10BE600002E09007E1D1E5E7012010BD10B590F8A0
:10BE70007330044653B1B0F86830B0F86420012143
:10BE8000203018F099FA002384F8733010BD0000B8
:10BE90002DE9F043054685B000200390A8690DF117
:10BEA0000C0C0668CDF804C0BDF830C0CDF800C059
:10BEB000366899460C461746B047134E8046A6F89A
:10BEC0000090F8F7E5FA03681B6B984710B101285A
:10BED00007D00EE03288039B07FB0242A3EB42032C
:10BEE00006E0338807FB0344039B04EB44041B1B5D
:10BEF0002B64E86920B1036832881B68296C984775
:10BF0000404605B0BDE8F083D03901202DE9F0416D
:10BF10001A4B076C1C8890F88130B4FBF3F40D4683
:10BF20000646F8F7B5FA03681B6B9847012809D055
:10BF300002280FD0A0B9124B1B886C435C43A7EBBF
:10BF400044070DE00E4B1B886C435C4304EB440438
:10BF50003F1B05E00A4B1B8865435D43A7EB850744
:10BF6000F069376438B10368054A1B68128839469E
:10BF7000BDE8F0411847BDE8F08100BFCE3901208F
:10BF8000D0390120F0B58BB0164604460D461F4649
:10BF9000F8F77EFA03681B6B98479DF854202368D6
:10BFA0000790CDE908020D4A128806929DF85020AC
:10BFB00005929DF84C200492BDF848200392BDF8EC
:10BFC00044200292BDF84020CDE9007229461F6C42
:10BFD000002233462046B8470BB0F0BDD0390120CF
:10BFE0002DE9F0431F460368D3F84080144B8BB013
:10BFF000B3F8009016460D460446F8F749FA036870
:10C000001B6B98479DF85830CDE908030223CDE912
:10C010000693012305939DF854300493BDF85030E6
:10C020000393BDF84C300293BDF848300022CDE9AF
:10C030000073294633462046C0470BB0BDE8F08365
:10C04000D03901202DE9F0431F460368D3F85C8006
:10C05000114B87B0B3F800900D4616460446F8F72A
:10C0600017FA03681B6B98479DF84430CDF80C9085
:10C07000CDE904039DF840300293BDF83C300193B4
:10C08000BDF83830009332463B4629462046C0472B
:10C0900007B0BDE8F08300BFD039012010B5074BD1
:10C0A0001B7804463BB103685B6B9847236C834263
:10C0B00001D1606C00E0206C10BD00BFCC390120C4
:10C0C0002DE9F04F04468FB010460D4691461E46AE
:10C0D00009F052FE002800F0D0802368DFF8ACA100
:10C0E000DB6ADFF8AC81664FDFF89CB120469847E9
:10C0F000236820461B6B9847BAF800300193B8F8C4
:10C10000003002933B88039307A8BBF800300493E8
:10C11000ADF81C9009F0C8FE388007A809F0F8FEB9
:10C12000584B1B7880B2ABF800001BB93B88AAF8CB
:10C13000003002E0AAF800003888A8F8000048465D
:10C14000D4E9108709F018FEC4E910000146E0693F
:10C1500020B10368BAF800201B68984700221146F6
:10C160002846B5F90490B5F906A0F8F7F7FA0123C7
:10C1700095F825B085F82530B6F90420B6F90630D3
:10C18000002A05F104020ADD002B08DD6868516809
:10C190000AAB03C331460AA8FFF7DCFB03E068687B
:10C1A00051680AAB03C3364B0021B3F90020364B6C
:10C1B0000C91DDE90A01B3F90030ADF8363008AB77
:10C1C00083E8030018460CA9ADF83420FFF7C2FB42
:10C1D000236D0BB9002019E007A809F0DDFF064622
:10C1E000206D03681B6B98478642F3D1F8F750F92E
:10C1F000036806469B6B059307A809F0CDFF059BD6
:10C2000001463046984780F00100C0B284F85C00D7
:10C210002A686B69059300266E612846926808A912
:10C220009047059B6B61494684F85C60284685F819
:10C2300025B05246154EF8F791FA019B3380144B06
:10C24000029A1A800E4B039A1A800F4B049A1A8096
:10C25000C4E9108723682046DB6A98472368204694
:10C260001B6B9847E56945B12B6820461F68FFF7AF
:10C2700015FF328801462846B8470FB0BDE8F08F59
:10C28000D4390120CA390120D2390120D039012006
:10C29000CE3901202DE9F0418AB01F464FF480636A
:10C2A000CDE90131BDF84030ADF81830BDF844306B
:10C2B000ADF81A300024BDF84830BDF84C80ADF818
:10C2C0001C301546064604948DF82040FFF7E6FE24
:10C2D00008FB075500EB450005907068ADF81E801F
:10C2E0008DF82140ADF822408DF82440036801A963
:10C2F0005B6898470AB0BDE8F0812DE9F0438BB048
:10C30000002498464FF40063BDF8509004940F4603
:10C310001546CDE901340646FFF7C0FE09FB085576
:10C32000BDF84830ADF8183000EB45000590BDF879
:10C330004C307068ADF81A30ADF81C40ADF81E9066
:10C34000049708948DF82440036801A95B68984716
:10C350000BB0BDE8F083000010B59DF80C000B2871
:10C360009CBF064C245CBDF8080088BF002402FB7B
:10C370000010E40804FB003010BD00BF0C8A020866
:10C380002DE9F0438DB004469DF86C509DF8640093
:10C39000BDF868909DF870800B2D1E469DF86030AA
:10C3A00013D0022D08D1FF2B04D1002814BF402048
:10C3B00020200BE0402009E0FF2B04D1002814BF0F
:10C3C0000420012002E0042000E080200592BDF856
:10C3D0005420ADF82020BDF85820ADF82220CDE93A
:10C3E0000301BDF85C20ADF82420002720468DF81D
:10C3F00028300697FFF752FEBDF85020034631461D
:10C40000CDE900982046FFF7A7FF9DF8743007900C
:10C410006068ADF826908DF829508DF82A808DF847
:10C420002B308DF82C70036803A95B6898470DB01A
:10C43000BDE8F0832DE9F04F8DB015469DF860A062
:10C44000BDF864709DF86860BDF85890BAF1FF0FB0
:10C450000CBF022208229B460023CDE9032380461D
:10C460000C460693FFF71AFECDE9007603465A46BE
:10C4700029464046FFF770FF0790C6B9BAF1FF0F93
:10C4800015D11B4B620903EA142302F4FC62134327
:10C49000C4F3C4041C4347EA09031D43EB07A4B2D9
:10C4A0005FBF7F084FEA590904EB04440226BDF838
:10C4B0005C30ADF822309DF86C20D8F80400ADF85F
:10C4C00020900023ADF82430ADF8267006948DF846
:10C4D00028A08DF82B208DF82C308DF829608DF850
:10C4E0002A60036803A95B6898470DB0BDE8F08F28
:10C4F00000F8FFFF2DE9F3411F460B4B0D46B3F843
:10C50000008016460446F7F7C3FF03681B6B984785
:10C510003B46CDE90080324629462046FFF71CFF06
:10C5200002B0BDE8F08100BFD0390120F0B58BB07A
:10C530001E46BDF85430CDE90131BDF84030ADF8AC
:10C540001830BDF84430ADF81A30BDF84830ADF8B9
:10C550001C3000279DF850308DF8203004461546D9
:10C560000497FFF79BFD3246294603462046FFF716
:10C57000C1FF0E4B05901B88ADF81E30F7F788FF02
:10C5800003681B6B9847139B8DF822008DF82100E0
:10C59000049360689DF858308DF823308DF824702E
:10C5A000036801A95B6898470BB0F0BDD039012042
:10C5B000F0B58DB06B4683E8060000230693036850
:10C5C000BDF800605B6BBDF8027001250395044661
:10C5D00098473A46314603462046FFF78BFFA36C47
:10C5E0000793BDF80430ADF82030BDF80630ADF843
:10C5F00022300F4B04901B88ADF82430ADF8263064
:10C60000F7F746FF03681B6B9847FF238DF8290057
:10C610008DF82A0060688DF828308DF82B508DF841
:10C620002C50036803A95B689847A06C0DB0F0BD5F
:10C63000D03901202DE9F0418CB06D4685E8060027
:10C640001D46002306930368BDF800705B6BBDF8C0
:10C65000028001260396044698474246394603461F
:10C660002046FFF747FFBDF80430ADF82030BDF895
:10C670000630ADF82230114B04901B88ADF8243001
:10C68000129BADF826300795F7F702FF03681B6B86
:10C690009847FF238DF829008DF82A0060688DF8EF
:10C6A00028308DF82B608DF82C60036803A95B6837
:10C6B000984728460CB0BDE8F08100BFD039012072
:10C6C000F0B585B002AD85E806000446BDF8086007
:10C6D000BDF80A70FFF7E2FC3A46034631462046B1
:10C6E000FFF708FF0549226809880091166F034685
:10C6F00095E806002046B04705B0F0BDD0390120CE
:10C7000070B590F872300446FBB10220F3F7F2FFE7
:10C71000002384F8723084F8713023682046D3F8FF
:10C72000C850FFF7BBFC01462046A847E56965B144
:10C730002B6820461E68FFF7B1FC044B01461A889F
:10C7400028463346BDE87040184770BDD0390120F7
:10C7500038B590F87F308B4204460D4609D0036807
:10C7600011B9D3F8D83001E0D3F8DC30984784F819
:10C770007F5038BD10B50C4B1B78044653B990F868
:10C780004C303BB9406800F031F918B16268537A17
:10C79000002BFCD0F4F728F920460021FFF7D8FF42
:10C7A0002046FFF77BFC10BDCC39012070B5044654
:10C7B000036819B9BDE87040DB6A1847002290F899
:10C7C0007F6080F87F20DB6A984763680121054617
:10C7D0009972204684F87F60FFF7BAFF284670BD43
:10C7E000D0E90320131A584258417047D0E9032377
:10C7F0009B1A002BDCBF82689B18012BCCBF00204A
:10C800000120704702694368242000FB0230704712
:10C8100003681B69184770B501230372044640681A
:10C8200003689B6998470368082B05460AD8002BC4
:10C830003CD0013B072B39D8DFE803F02D26381A0E
:10C8400038383820B3F5007F25D00AD8802B22D085
:10C8500003D8202B1FD0402B01E0B3F5807F1AD0E6
:10C8600024E0B3F5806F16D0B3F5006F0CD01DE057
:10C870002368017F9B6B2046984710E02368017F67
:10C880009B6B2046984703E023682046DB6B984764
:10C8900023685B6B05E023682046DB6B98472368C1
:10C8A0001B6B29462046BDE87040184770BD704795
:10C8B00070477047D0E903239B1A002B10B5DCBFEB
:10C8C00084681B19012B16DD4368242404FB023302
:10C8D00001F1200251F8044B43F8044B9142F9D185
:10C8E0000A781A70C3688268BFF35B8F01339A427B
:10C8F000D8BF9B1AC36010BD03698268BFF35B8F0A
:10C9000001339A42D8BF9B1A0361704770B5044641
:10C910000E46606803685B6898470028F9D10D4DA2
:10C9200028680368D3F880309847F4F76BF82868D4
:10C930000121FFF70DFF6068036831469B68984747
:10C9400023682046DB6A984728680368BDE8704082
:10C95000DB6F1847D839012008B5F4F745F8BDE872
:10C960000840F4F749B870B50446406803681B688E
:10C970009847054630B9237A23B1606803685B693C
:10C9800098472572606803681B68984728B9236830
:10C9900020465B6ABDE870401847BDE87040F4F778
:10C9A00039B810B51421044619F0E3F9204610BD3A
:10C9B00010B50446406803681B68984748B9637A15
:10C9C0003BB1237A2BB9236820465B6ABDE810404F
:10C9D000184710BD10B5044C82600022C0E9004128
:10C9E000C0E9032210BD00BF208A02084068036826
:10C9F0001B68184730B5184D9DF80C406943174D1A
:10CA000005FB0011164881EA6131414381EA214169
:10CA100008B2F72A9CBF00F00700121889B298BF2D
:10CA2000D2B2FB2B9EBFC1F3C1001B18DBB20D4875
:10CA3000F72C98BFC1F342114FEAC30398BF0919FD
:10CA400000EA022003F4FC6398BFCCB2184340EA2A
:10CA5000D40080B230BD00BF2FEBD427B16756168B
:10CA6000619FF14B00F8FFFF2DE9F04F054687B0BD
:10CA700095F81180BDF94090BDF944609DF848B02B
:10CA8000184601EB4204B8F1000F00F09F80B5F9A1
:10CA9000083095ED087AEA684B4508DBB5EEC07AB8
:10CAA000F1EE10FA40F6FC73C8BF00230BE0B5F9B5
:10CAB0000A1049450BDCB5EEC07AF1EE10FA40F6EB
:10CAC000FC73D8BF0023D2584FF0000814E0A9EB44
:10CAD000030307EE903AF8EEE77AB5EEC07A67EE18
:10CAE000877AF1EE10FAFDEEE77A17EE903AD8BFAA
:10CAF00003F2FF339B00D2582B7C4FEA122A5109D4
:10CB00000AF4784C01F4FC61C2F3C40E04EB46074E
:10CB10002BB3BBF1FF0F22D1B8F1000F04D14CEAC7
:10CB200001014EEA010117E05FFA82F85FFA8AFA22
:10CB3000C2F3074506460AE03046CDF8008053466A
:10CB40002A464946FFF756FF24F8020B0136BC423D
:10CB5000F2D3E8E124F8021BBC42FBD3E3E1120E5E
:10CB600002FB0BF2531CC2F30F2212FA83F21012D3
:10CB700082F47F4200FB0CFC4143CC4E00FB0EF0E4
:10CB8000C2F30722FF251EE0B4F800E00EEA060318
:10CB90000EF4FC6802FB03C302FB08180EF01F0E24
:10CBA000B3FBF5F3B8FBF5F8334008F4FC6843EA4F
:10CBB000080302FB0E0EBEFBF5FE0EF01F0E43EA4D
:10CBC0000E0324F8023BBC42DED3ACE1AB7C33B1B4
:10CBD000B5F9083007EE103AB8EEC77A16E007EE5E
:10CBE000909A95ED067AD5ED056AF8EEE77A77EE3C
:10CBF000C77A87EEA67AD5ED087AF5EEC07AF1EE1F
:10CC000010FA44BFD5ED077A37EE677A07EE900A3F
:10CC1000F8EEE76A0746F4EEC76AF1EE10FA79D843
:10CC2000F7EE007A77EE277A40F6FC7277EEE67A36
:10CC300006EE906AF8EEE66AEB68297CF4EEE67A96
:10CC4000F1EE10FA4ABFFDEEE77A0296CDED027AD8
:10CC5000D5ED087AF5EEC07AF1EE10FAC8BF0022E1
:10CC60009B58029A4FEA132E04EB42085A090EF41D
:10CC7000784E02F4FC62C3F3C40C61B1BBF1FF0F48
:10CC800009D14EEA020E4CEA0E0E01E024F802EB46
:10CC90004445FBD33CE01B0E03FB0BF3591CC3F3D1
:10CCA0000F2313FA81F10B1203FB0EF75A4381F4A1
:10CCB0007F4103FB0CF3DFF8F4A103970492059383
:10CCC000C1F307214FF0FF0E20E02288039B049F51
:10CCD00002EA0A0C01FB0C3C02F4FC6301FB037347
:10CCE000059FBCFBFEFC02F01F020CEA0A0CB3FB22
:10CCF000FEF303F4FC634CEA030301FB0272B2FB94
:10CD0000FEF202F01F02134324F8023B4445DCD339
:10CD1000029F0744064436B2BE4240F30481D5ED7B
:10CD2000077A06EE907A77EE277AF8EEE66AF4EE66
:10CD3000E76AF1EE10FA40F1938006EE106AB8EE61
:10CD4000C66ADFED5B5A2B7CB4EEE76AF1EE10FAAF
:10CD500058BFFDEEE77A95ED086A58BF17EE908A46
:10CD6000B5EEC06ADFED537A48BFB04676EEC76ACB
:10CD7000F1EE10FAA8EB0707D8BFF0EE657AE6EE01
:10CD8000267A04EB470723B9DFF820E14FF0FF09CB
:10CD900061E0BBF1FF0FF7D115E0BDEEE77AEB687C
:10CDA00017EE100A53F82020D3B200934946C2F37D
:10CDB0000723C2F30742FFF71DFE24F8020B95ED8F
:10CDC000087A77EE877ABC42E7D346E0BDEEE77A91
:10CDD000EB6817EE102A53F822C022884FEA1C6332
:10CDE00003FB0BF3591CC3F30F2313FA81F14FEA32
:10CDF000212A6FEA2121C9B20EEA1C2302EA0E00A1
:10CE00009BB248430AFB0300B0FBF9F000EA0E03B3
:10CE100002934FEA5C1303F4FC63184602F4FC63CC
:10CE20004B430AFB003302F01F020298B3FBF9F3F5
:10CE3000CCF3C40C03F4FC634A4303430AFB0C2207
:10CE4000B2FBF9F202F01F02134324F8023B95ED06
:10CE5000087A77EE877ABC42B8D3464563DD00E0B6
:10CE6000B846D5ED087AEA68297CF5EEC07AF1EE8D
:10CE700010FA40F6FC73D8BF0023A6EB0806D3587F
:10CE80001A0A580904EB460602F4784200F4FC60E2
:10CE9000C3F3C40781B1BBF1FF0F0DD102433A4385
:10CEA00001E024F8022BB442FBD33CE000F8FFFF82
:10CEB000FEFF7F44000000001B0E03FB0BF3591C18
:10CEC000C3F30F2313FA81F10B1281F47F4103FBAB
:10CED00007F5DFF858C05A435843C1F30721FF272D
:10CEE0001FE0B4F800E00EEA0C030EF4FC6801FB4E
:10CEF000032301FB08080EF01F0EB3FBF7F3B8FB8A
:10CF0000F7F803EA0C0308F4FC6843EA080301FBA2
:10CF10000E5EBEFBF7FE0EF01F0E43EA0E0324F872
:10CF2000023BB442DDD307B0BDE8F08F00F8FFFF4D
:10CF30007047704710B52421044618F01AFF2046A8
:10CF400010BD0000064BC1604A0903EA112302F438
:10CF5000FC621343C1F3C4010B430382704700BF5B
:10CF600000F8FFFFA0F10800ECE700BF08B5054B93
:10CF700018680368D3F8AC309847431E58425841AC
:10CF800008BD00BFD839012070470838704730B459
:10CF9000038A02930C4615469DF81030C268BDF90D
:10CFA0000C1004EB450030BCF3F758BDF3F754BD4B
:10CFB00010B51421044618F0DCFE204610BDA0F187
:10CFC0000800F5E70023C38483628385806910B17C
:10CFD00003681B691847704780ED0C0A704738B525
:10CFE0000B0E83770368DB6B04460D469847036896
:10CFF00029469B689847236820461B6C9847A06188
:10D0000038BD4177704730B50D4600F134040FCD7F
:10D010000FC40FCD0FC42B68236030BD10B5031DA6
:10D0200004460868496803C31368C4F82630536887
:10D03000C4F82A300023A36104F1340006F09EFEF8
:10D04000FF236377A3774FF07E5323630123A384E9
:10D0500010BD00002DE9F0432DED0A8B70EE417AF2
:10D0600087B0F5EE407AF1EE10FA9DF86060199FF6
:10D0700002680546F0EE409AB0EE60AAB0EE419A22
:10D08000F0EE618AF0EE42AAB0EE62BA12D170EE12
:10D09000E17AF5EE407AF1EE10FA0BD101F1804120
:10D0A0000139926A53F8211007B0BDEC0A8BBDE834
:10D0B000F0431047FF23AB77936BDFF8D4922846F9
:10D0C000984705F13408B5F90830C380F0EE4A0AF4
:10D0D000B0EE690A0446404606F0FFFE4046F0EE18
:10D0E00040CAB0EE60CA8DED000ACDED010AB0EE87
:10D0F000490AF0EE680A06F0F0FEF4EE40CAF1EEDE
:10D1000010FAB4EE60CA0CBF01230023F1EE10FA4E
:10D11000F4EE40CA63740CBF01230023F1EE10FA51
:10D12000B0EE408AF0EE60BA8DED020ACDED030A52
:10D13000A3747FD0B4EE60CAF1EE10FA7AD039EE63
:10D14000699A78EECA8A89EE2A7A4046C8EE8B7AC6
:10D15000F0EE4A0AB0EE690AEBEE070AA7EEEA0A19
:10D1600006F0BBFE99F800308DED040A30EECC7A63
:10D17000012B70EE6C7A02BFF1EE476AB0EE677A6F
:10D18000F0EE667AF5EE407AF1EE10FACDED050A92
:10D1900002D10123A3744DE0C7EE276ADFED787A50
:10D1A000C4ED056AF4EEE76AF1EE10FA0BD8DFED94
:10D1B000757AF4EEE76AF1EE10FA04DB002363619E
:10D1C0000123637436E0012B08BFB4F906209FEDFC
:10D1D0006E7A05BF07EE902AF8EEE77AF0EE4C7A09
:10D1E00077EEEC7A14BFECEEE67AECEE667A012B81
:10D1F00038EE6C8A7BEECCBAC4ED067A02BFF1EE53
:10D20000487AB0EE6B8AF0EE67BACBEEA67A38EECB
:10D21000678AC7EE087AB5EEC08AF1EE10FA84ED9F
:10D22000078AC4ED087A40F1A380B1EE488A84ED04
:10D23000078A9DE099F80020637C012A56D133B318
:10D240007BEECC7ADFED516A86EEA77AFDEEEB7AC3
:10D25000B4EEEBCA17EE903AFDEECC7A1BB217EEA5
:10D26000902AF1EE10FA12B25EBF194613460A4632
:10D2700063819B1A07EE903AF8EEE77A0023637415
:10D2800084ED087A2281C4ED077A01232CE0A37C87
:10D29000002B6DD0B4F90630DFED3C6A07EE903A12
:10D2A000F8EEE77A37EEC88A37EEEC0A78EE407A85
:10D2B000B4EEC08A86EEA77AFDEEC87AF1EE10FAD7
:10D2C00017EE903AFDEEC07A1BB217EE902A12B21A
:10D2D000DCBF194613466381D8BF0A460123637435
:10D2E00084ED087A22810023A37441E0DBB13BEE98
:10D2F000CC7ADFED266AC6EE877AB4EEEBCAC4EDCF
:10D30000087AFDEEEB7AF1EE10FA17EE903AFDEEA8
:10D31000CC7A1AB217EE903A1BB247BF23816281D2
:10D320002281638124E0A37C13B378EE6C7ADFED75
:10D33000176A86EEA77AFDEEC87AF4EEC8CA17EE31
:10D34000903AFDEEEC7A1BB217EE902AF1EE10FA4D
:10D3500012B25EBF194613460A4663819B1A07EE56
:10D36000903AF8EEE77A84ED087A2281C4ED077AE4
:10D37000E7602674AC6107B0BDEC0A8BBDE8F083B2
:10D3800017B7D13817B7D1B800008044FEFF7F44EB
:10D39000CA39012010B500212DED028BF0EE628A12
:10D3A0000446B0EE428A17F045FBF0EE687AFEEED6
:10D3B000ED7A236817EE902AF0EE487ABDEC028BE6
:10D3C000FEEEED7A20469B68BDE8104017EE901AFD
:10D3D000184710B500212DED028BF0EE638A04464C
:10D3E000B0EE438A17F0EAFBF0EE687AFEEEED7AD3
:10D3F000236817EE902AF0EE487ABDEC028BFEEE21
:10D40000ED7A20469B68BDE8104017EE901A184749
:10D4100013B50446406F06F060FDF0EE607AFEEE54
:10D42000ED7A204617EE902AF0EE407AFEEEED7A85
:10D4300017EE901A02B0BDE8104017F053BA13B5BA
:10D440000446406F06F049FDF0EE607AFEEEED7A9C
:10D45000204617EE902AF0EE407AFEEEED7A17EEB7
:10D46000901A02B0BDE8104017F089BAF0B5DDE9B6
:10D4700005070024DDF81CC03B44254626E013F8D0
:10D48000016D013E052E21D8DFE806F003030F18D9
:10D49000030325B90CEB800353F8083C0B60ECB98F
:10D4A0000CEB800050F8043C17E001381DB90CEB80
:10D4B00080052D680D608CB9012507E001381CB985
:10D4C0000CEB80042468146045B90124BB42D6D11A
:10D4D0000DB900230B600CB900231360F0BD38B503
:10D4E00004462DED0A8B0D46B0EE40BAF0EE60BA60
:10D4F000B0EE41AAF0EE61AAB0EE429AF0EE629A66
:10D50000B6EE00CA7AEEA98A3AEE098A68EE8C8AEB
:10D5100028EE0C8A3BEEE80A7BEE487A20EE000A01
:10D52000A7EEA70A17F0EAFCB5EE400AF1EE10FAF2
:10D5300010D179EE4A7A39EEEA7AB0EE4A8AF0EE04
:10D540006A8AA7EE8C8AE7EE0C8AA7EE0C8AE7EED1
:10D55000CC8A11E094ED1F7A38EE4B8A78EEEB8A94
:10D5600068EE077A87EE808A68EE877A38EE0B8A53
:10D57000C7EE808A78EEAB8A022D1CDC0135F0EE16
:10D580006A1AB0EE4A1A2946F0EE682AB0EE482A26
:10D59000F0EE6B0AB0EE4B0A2046FFF7A0FFF0EE6C
:10D5A000680AB0EE480A2046FFF749FFF0EE68AA85
:10D5B000B0EE48AAA6E7F0EE680AB0EE480A2046A8
:10D5C000FFF73DFFBDEC0A8B38BD10B52DED0A8B82
:10D5D00090F88430022B0446B0EE40CAF0EE609A18
:10D5E000B0EE419AF0EE618AB0EE42BAF0EE62BA65
:10D5F000B0EE43AAF0EE63AAB0EE448AF0EE64CA3D
:10D6000027D1F0EE620AB0EE420AFFF718FF39EEBA
:10D610004B9A7AEEECCA78EEEB8A3AEE488A29EE1B
:10D620002C9A68EE888AB4EEE89AF1EE10FA4EDB96
:10D630000121F0EE6A2AB0EE4A2AF0EE6B1AB0EE43
:10D640004B1AF0EE690AB0EE4C0A2046FFF747FF8E
:10D650003DE0012B34D131EEE26A73EE445A71EEB3
:10D66000427A73EEE46A25EEC67AA7EEA67AB5EEA4
:10D67000407AF1EE10FA23D024EE638A61EEC28A7A
:10D68000A4EE838AE1EE228A68EE677A28EE468A63
:10D69000E5EEA87AA6EEA88A87EE870AC8EE070A02
:10D6A0003CEE40CA79EEE07A90ED207A67EEA77AF8
:10D6B000ECEE0C7AB4EEE77AF1EE10FA00DB0BE058
:10D6C000F0EE6B0AB0EE4B0A2046FFF7B8FEF0EE24
:10D6D0006A0AB0EE4A0A2046FFF7B1FEBDEC0A8B9B
:10D6E00010BD000010B52DED0C8B90F88530044670
:10D6F000B0EE409AF0EE609AF0EE41AAB0EE61BA58
:10D7000003B9B3E071EE408A31EEE08AF6EE007ABA
:10D71000022B68EEA78A28EE278A0AD170EEE80A63
:10D7200030EE080AFFF78BFE7BEE680A3AEE880AB5
:10D73000A2E0FFF784FEDFED537ADFED53BA9FEDF1
:10D7400053CADFED53CA9FED53DAB0EE490AF0EE4B
:10D75000690AA8EEA70A2046E8EE270AA8EE2B0AD7
:10D76000E8EEEB0AFFF76BFEDFED4B7AB0EE490A0D
:10D77000F0EE690AA8EEA70A2046E8EE270AB1EE05
:10D7800068AAEAEE0C0AA8EE0C0AFFF758FEDFEDD5
:10D79000437AB0EE490AF0EE690AA8EEA70A2046DD
:10D7A000E8EE270AA8EE2C0AEAEE2C0AFFF747FE5D
:10D7B000DFED3B7AB0EE490AF0EE690AA8EEA70A5F
:10D7C0002046E8EE270AA8EE0D0AEAEE0D0AFFF75A
:10D7D00036FE79EE880A39EE280A70EEE80A30EE55
:10D7E000080A2046FFF72BFEDFED2E7AB0EE490A3D
:10D7F000F0EE690AA8EEA70A2046E8EE270AA8EE8E
:10D800000D0AEAEE0D0AFFF71AFEDFED277AB0EEF9
:10D81000490AF0EE690AA8EEA70A2046E8EE270AB0
:10D82000A8EE2C0AEAEE2C0AFFF709FEDFED1F7ABC
:10D83000B0EE490AF0EE690AA8EEA70A2046E8EE23
:10D84000270AA8EE0C0AEAEE0C0AFFF7F8FDDFED56
:10D85000187AB0EE490AF0EE690AA8EEA70A204647
:10D86000E8EE270AA8EE2B0AEAEE2B0AFFF7E7FDFF
:10D87000F0EE4B0AB0EE6A0A2046FFF7E0FDBDEC81
:10D880000C8B10BD0AD7233D295C8F3E9A99193F16
:10D89000CDCC4C3F8FC2753FCDCC4C3ECDCCCC3E99
:10D8A000EC51383F0AD7A33FCDCCCC3F6666E63F6C
:10D8B00048E1FA3F70B52DED088BD0ED23BA90ED1D
:10D8C00022BA30EEEB8A30EE4BAAF0EE409A28EE08
:10D8D000080A0446AAEE0A0AB0EE609A17F00EFB98
:10D8E000B5EEC00AF1EE10FA5BDD94ED1F7A94F804
:10D8F0007850C0EE077A002684F87960C8EE278A4F
:10D900008AEE278A7BEE28AA3BEEC8AA78EEA98A7F
:10D9100039EE488A8DB1C4ED24AA84ED25AAC4ED60
:10D92000268A84ED278AF0EE4A0AB0EE6A0A20467B
:10D93000FFF76EFD84F8786027E094F87A3094ED74
:10D940002A2AD4ED2B2A6BB1F0EE4A1AB0EE6A1AED
:10D95000F0EE620AB0EE420A2046FFF7C3FE84F8FA
:10D960007A5012E0D4ED291A94ED281AF0EE484AC4
:10D97000B0EE684AF0EE4A3AB0EE6A3AF0EE6B0A60
:10D98000B0EE4B0A2046FFF720FEC4ED28AA84ED36
:10D9900029AAC4ED2A8A84ED2B8AC4ED229A84ED4B
:10D9A000239ABDEC088B70BD07EE901A00EE902A0A
:10D9B0009FED050AF8EEE00AF8EEE77A60EE800ADD
:10D9C00027EE800AFFF776BF0000003D38B52DED49
:10D9D000028B90F8795004461DB3D0ED1F7A90ED7C
:10D9E000238A90ED220A78EE678A38EE278AF0EED5
:10D9F000680AFFF70DFD94ED221AF0EE481AB0EE1A
:10DA0000410AF0EE680A2046FFF76CFE94ED221AF8
:10DA1000F0EE681AF0EE480AB0EE410A2046FFF731
:10DA200061FEBDEC028B284638BD10B52DED028B92
:10DA30000446B0EE408AF0EE608AFFF7C7FFC0B937
:10DA40002046D4ED274A94ED264AD4ED253A94EDAC
:10DA5000243AD4ED2B2A94ED2A2AD4ED291A94EDF8
:10DA6000281AF0EE680AB0EE480AFFF7AEFD012072
:10DA700000E00020BDEC028B10BDD0ED251A90ED2A
:10DA8000241AD0ED2B0A90ED2A0AFFF72BBE2DE9C0
:10DA9000F04F89B01C46159F9DF850B005910023AA
:10DAA000DDE912A9804615460693079387F87AB0F8
:10DAB0006FE0013D1AF80530062B05D8DFE803F0CA
:10DAC00006041719192B4800264661E04046CDE9A7
:10DAD00001A900942B4607AA06A9FFF7C7FCDDEDB4
:10DAE000070A9DED060A3846FFF7E4FEECE7A61E9E
:10DAF00000E0661E4046CDE901A900962B4607AA24
:10DB000006A9FFF7B3FCDDED070A9DED060A3846CE
:10DB1000FFF7D0FE3CE0261F023C09EB84044046A0
:10DB2000CDE901A900962B4607AA06A9FFF79EFC9E
:10DB3000DDED072A9DED062A54ED011A14ED021AB7
:10DB4000D4ED010A94ED000A3846FFF723FC1FE0EC
:10DB5000A61F023C09EB84044046CDE901A90096CA
:10DB60002B4607AA06A9FFF781FCDDED073A9DEDDC
:10DB7000063A54ED032A14ED042A54ED011A14ED6B
:10DB8000021AD4ED010A94ED000A3846FFF721FC91
:10DB90003446059B9D428CD8BBF1000F05D038461A
:10DBA00009B0BDE8F04FFFF768BF09B0BDE8F08FDE
:10DBB000F0EE607AFEEEED7A036817EE902AF0EE52
:10DBC000407AFEEEED7A9B6817EE901A1847000037
:10DBD00010B5044B044640F8143B01F061FF2046A9
:10DBE00010BD00BFF89302082DE9F04F2DED048B16
:10DBF000D0ED0C7AF5EEC07AF1EE10FAB3B005462E
:10DC00000F4690461C464FF0000640F24C81FF2321
:10DC100000938169419B9FEDA79A021D06A816F00B
:10DC200013FDD5ED0C7AA44B0693F5EEC07AF1EE18
:10DC300010FA05F13403B6EE007A48BFF1EE677AC8
:10DC400067EE877AD5ED086A23934FF48073ADF8B9
:10DC500090300023AA7F8DF8923026EEA77A8DF8B7
:10DC60005C306B7FCDED257A534327EE267A5A1C24
:10DC70001B0A67EE277A13FA82F34FF00009A98C8A
:10DC80002896C3F3072329962A962B962C962D9631
:10DC90002E962F9630963196CDED267AADF89C10C3
:10DCA0008DF89E304E46F0EE499AB0EE498AF0EE7D
:10DCB000498ACB46D6E017F8092009F1010A062A5D
:10DCC00000F2CF80DFE802F0043C65757A88A90095
:10DCD0004E452FD20DF118094846F0EE490AB0EE34
:10DCE000690AFFF7E7FD4846FFF770FE10BBF0EE4C
:10DCF000490AB0EE690A05904846FFF796FE059A74
:10DD0000CDF80C9040F20111CDE90142ADF8901030
:10DD1000284600975B4652463146CDED289A8DED58
:10DD2000299AFFF7B4FEF0EE490AB0EE690A4846B8
:10DD3000FFF77BFE5646B0EE498AF0EE698A90E026
:10DD40004E4510D206AA1046FFF740FE06AA50B96B
:10DD500003920122CDE9014200975B464A463146D3
:10DD60002846FFF794FE04EB8B02D2ED008A92ED79
:10DD7000018ACDED288A40F201138DED298AADF894
:10DD800090300BF1020B4E46B0EE489AF0EE689AD6
:10DD900067E004EB8B02D2ED008A92ED018AB0EECF
:10DDA000680AF0EE480A06A8FFF784FD0BF1020BA3
:10DDB00057E004EB8B02D2ED008A03E004EB8B0208
:10DDC00092ED008AF0EE480AB0EE680A06A8FFF766
:10DDD00071FD0BF1010B44E04FEA8B0202F10801E7
:10DDE00002F10C0921442244A14491ED002AD9ED0D
:10DDF000002AD2ED011A92ED001A0591F0EE480AC0
:10DE0000B0EE680A06A8FFF7C5FA059999ED008AF1
:10DE1000D1ED008A0BF1040B23E04FEA8B0202F1F3
:10DE2000100102F1140921442244A14491ED003A69
:10DE3000D9ED003AD2ED032A92ED022AD2ED011A71
:10DE400092ED001A0591F0EE480AB0EE680A06A8B5
:10DE5000FFF7BFFA059999ED008AD1ED008A0BF121
:10DE6000060BD146C8457FF426AF46450DF118098B
:10DE70000FD24846FFF7AAFD58B90122CDE9014269
:10DE8000CDF80C9000975B46424631462846FFF796
:10DE9000FEFD9DF89E10484616F064FC0446484678
:10DEA000FFF796FE00E00124204633B0BDEC048B62
:10DEB000BDE8F08F000000009C8A020810B50446FF
:10DEC000FFF786FE2046B02117F053FF204610BD15
:10DED0002DE9F0472DED068BA8B09846FF230646A6
:10DEE00000930F46379B81699FED899A9246021DE8
:10DEF0000BA816F0A9FB337FDFED850A5A1E5342AB
:10DF000006F134055341B0EE600A28468DF87030B2
:10DF100005F0E3FFBA44B0EE40AAF0EE60AAF0EEDE
:10DF2000499A0024D8E017F8013B062B08D8DFE80F
:10DF300003F0040C2D43485C8E000BA816F0F0FB98
:10DF4000F0EE6A8AB0EE4A8AC2E008EB8403D3EDB1
:10DF5000009A93ED019AB0EE690AF0EE490A28465C
:10DF600005F0BBFFF0EE607AFEEEED7A0BA817EE3F
:10DF7000902AF0EE407AFEEEED7AB0EE408A17EE8F
:10DF8000901AF0EE608A16F0ADFC13E008EB840303
:10DF9000D3ED009A93ED019AB0EE690AF0EE490ACA
:10DFA000284605F09AFF0BA8B0EE408AF0EE608A92
:10DFB000FFF7FEFD02348BE008EB8403D3ED009AFB
:10DFC00003E008EB840393ED009AF0EE490AB0EE0B
:10DFD000690A284605F081FF0BA8B0EE408AF0EEF2
:10DFE000608A0134FFF7E4FD72E0A31C08EB8303B1
:10DFF00053ED010A13ED020AD3ED009A93ED019A55
:10E00000284605F06AFF28468DED070ACDED080A7F
:10E01000B0EE690AF0EE490A05F05FFFDDED081A7F
:10E020008DED090ACDED0A0AF0EE602AB0EE402A25
:10E030009DED071AB0EE408AF0EE608AB0EE4A0A13
:10E04000F0EE6A0A0BA8FFF7A5F9043440E004F1EA
:10E05000040908EB890959ED030A19ED040AD9ED01
:10E06000009A99ED019A284605F037FF28468DED74
:10E07000050ACDED060A19ED020A59ED010A05F06F
:10E080002CFF28468DED070ACDED080AB0EE690A8F
:10E09000F0EE490A05F021FFDDED082A8DED090AB1
:10E0A000CDED0A0AF0EE603AB0EE403A9DED072A57
:10E0B000DDED061A9DED051AB0EE408AF0EE608A9D
:10E0C000B0EE4A0AF0EE6A0A0BA8FFF782F90634AE
:10E0D000F0EE68AAB0EE48AABA457FF424AFB27F4A
:10E0E000737F5343591C1B0A13FA81F1C1F30721B3
:10E0F0000BA816F037FB074B0B93044610A801F052
:10E10000CFFC204628B0BDEC068BBDE8F08700BFF1
:10E1100000000000F893020810B4047F1CB15DF801
:10E12000044BFFF7D5BE5DF8044BFFF75DBD000063
:10E130002DE9F04F054685B0D0F82600DDF838A06F
:10E140000E46D5F82A10994602AB03C3BDF90C4020
:10E15000002C904602AF64DDBDF90E30002B60DD6F
:10E16000314A127812B1012A2ED05AE0BDF80A20A5
:10E170009C181FFA84FB24B221E0BDF90E30012B5C
:10E180000DD001335B10ADF80E30CDE900A74B4642
:10E19000424631462846FFF7BFFF0028EDD0BDF8C4
:10E1A0000E20BDF80A3013449BB21A4412B29442B6
:10E1B000ADF80A30BCBFABEB0303ADF80E30BDF9D0
:10E1C0000A30A342E1DB2CE0BDF808301C441FFA02
:10E1D00084FB24B221E0BDF90C30012B0DD00133BA
:10E1E0005B10ADF80C30CDE900A74B4642463146F6
:10E1F0002846FFF791FF0028EDD0BDF80C20BDF8B0
:10E20000083013449BB21A4412B29442ADF808305D
:10E21000BCBFABEB0303ADF80C30BDF90830A34233
:10E22000E1DB05B0BDE8F08FCA3901207FB5036896
:10E230000D469B6E0146044602A898472868696807
:10E240006B4603C368461946FDF784FBA06A0028A5
:10E2500064D00368211DDB68984700285ED0BDF9B3
:10E260000450BDF90630002D58DD002B56DD2C4A38
:10E27000127812B1012A29D050E0BDF802209D1871
:10E28000AEB22DB21DE0BDF90630012B0AD001332C
:10E290005B10ADF8063023686946DB6E2046984770
:10E2A0000028F0D0BDF80620BDF8023013449BB220
:10E2B0001A4412B29542ADF80230BCBFF31AADF861
:10E2C0000630BDF90230AB42E5DB27E0BDF8003097
:10E2D0001D44AEB22DB21DE0BDF90430012B0AD0B1
:10E2E00001335B10ADF8043023686946DB6E2046CD
:10E2F00098470028F0D0BDF80420BDF80030134442
:10E300009BB21A4412B29542ADF80030BCBFF31A6A
:10E31000ADF80430BDF90030AB42E5DB04B070BDB0
:10E32000CA3901201FB50368044601469B6E684642
:10E330009847A368002202A96846CDE90223FDF7A9
:10E3400009FB236869461B692046984704B010BD45
:10E35000094A02604FF4807100228184FF21C0E9E4
:10E360000122C0E90322C0E90522C0E9072280F8A2
:10E3700026108262704700BFFC8A02080163704762
:10E38000006B704741637047406B704770470846A9
:10E39000704730B50B79022B85B004460D4620D06E
:10E3A000838FC988C91A03680DF10602D3F80431B6
:10E3B00009B29847A8B12B79012B12D8D4F82401BF
:10E3C00078B10368DB68984758B1BDF90630D4F8D6
:10E3D0002401ADF808300395036802AA9B68214622
:10E3E000984705B030BD30B50D46838F4989C91AAD
:10E3F000036885B0D3F804310DF1060209B2044672
:10E400009847A0B12B7993B9D4F8280178B1036863
:10E41000DB68984758B1BDF90630D4F82801ADF84B
:10E4200008300395036802AA9B682146984705B007
:10E4300030BD10B58A42A2BF13460A461946D0F82D
:10E440002C319342044603D1D0F830318B420FD0A7
:10E45000C4E94B2104F1BC0005F006F904F13800D1
:10E4600005F002F904F1E800BDE8104005F0FCB841
:10E4700010BD10B58A42A2BF13460A461946D0F80D
:10E4800034319342044603D1D0F838318B420FD057
:10E49000C4E94D2104F1640005F0E6F804F1380008
:10E4A00005F0E2F804F19000BDE8104005F0DCB89A
:10E4B00010BD0023A0F81E31383005F0D5B82DE985
:10E4C000F041B0F91E3104460F461546002B3ED0F0
:10E4D0000368D3F830319847236806B2D3F8343153
:10E4E0002046984703B29E42D8BF1A46B4F91E018F
:10E4F000D8BF334623EAE373D8BF1646834226DAF1
:10E50000B042A8BF3046002821DB2FB9D4F84421FF
:10E5100052F8232011460DE06A4229460AE0D4F859
:10E52000446156F82360B142A8BF3146B242B8BF39
:10E53000324601338342F2DB491B2A44914206D022
:10E5400023682046D3F8BC30BDE8F0411847BDE849
:10E55000F081002806DAB0F10F0348BF00F1100384
:10E56000581170471030401170472DE9F0410E46A8
:10E5700000211180B0F91E318046174643B303686D
:10E58000D3F81C319847FFF7E4FF04B2A41B002C1A
:10E59000B8BF6442012515E0D8F800302946D3F809
:10E5A0001C3140469847FFF7D4FF03B29B1B002B5A
:10E5B000B8BF5B42A34238BF3D8005F1010538BFBB
:10E5C0001C462DB2B8F91E31AB42E5DC012000E05B
:10E5D0001846BDE8F0812DE9F84F0546B0F91E0157
:10E5E0000F469046994640B300264FF0FF3A1DE093
:10E5F0002B685946D3F81C3128469847FFF7A9FFE6
:10E600002B68C41BD3F82031594628469847FFF79A
:10E61000A0FFA0EB080024B210FB00F004FB0404F0
:10E6200054453CBFA9F800B0A2460136B5F91E31E9
:10E630000FFA86FB5B45DBDC0120BDE8F88F2DE996
:10E64000F0411E46B0F91E31069F0446904613B9AC
:10E650004FF6FF739FE0B0F91601B4F81821B4F833
:10E66000403002449B1A9AB21BB2012B06DC0023F5
:10E670003380B4F81E31013B3B80A6E0081AD4E990
:10E680004B135B1A256B4FEA401007D405EB43038D
:10E6900093FBF5F101EBD17149100AE06FF0010134
:10E6A00001FB0353591E91FBF5F101EBD1714910A8
:10E6B0004942013A05F051FDD4F82C11226B002992
:10E6C00007DB02EB410393FBF2F303EBD3735B1025
:10E6D0000AE06FF0010303FB0123013B93FBF2F31C
:10E6E00003EBD3735B105B4200EB4315B4F91631B7
:10E6F000A8EB03004FEA401ED4F83001411A07D4BA
:10E7000002EB410191FBF2F101EBD17149100AE0FA
:10E710006FF0010C0CFB0121013991FBF2F101EBCF
:10E72000D17149104942B4F818211344B4F840207B
:10E73000D21A12B2013A704605F00FFDD4F82C310E
:10E74000226B002B07DB02EB430393FBF2F303EB9B
:10E75000D3735B100AE06FF0010101FB0323013B5F
:10E7600093FBF2F303EBD3735B105B4200EB4310BC
:10E770008542C4BF2B4605462DB2C8BF18461F3080
:10E78000002DB8BF1F3540F34F106D1100283580A4
:10E79000388004DA00233B800020338016E0B4F98F
:10E7A0001E31B6F90020934202DC013B1BB2F2E7B6
:10E7B00022EAE2723280B4F91E31B7F900209342A6
:10E7C000DCBF03F1FF331AB23A800120BDE8F081CB
:10E7D0004FF480710022818405490160C0E9012263
:10E7E000C0E90322C0E90522C0E90722826270471E
:10E7F00084890208A0F81831BDF90030A0F814117E
:10E80000A0F81621A0F81A31704737B50446383001
:10E810000D46FCF7BCFEB4F9423000930022B4F977
:10E82000403011462846F6F750FD03B030BD38B5EC
:10E83000B0F91E318B420D4609DD046E05E02368F8
:10E8400020461B6F29469847A469002CF7D138BD94
:10E8500070B50646D0F8E4400D4605E02368204632
:10E860001B6F29469847A469002CF7D1D6F81041B0
:10E8700005E0236820461B6F29469847A469002CB1
:10E88000F7D170BD37B50446056E0AE0B4F94230E1
:10E89000009300222846B4F940301146F6F715FDE2
:10E8A000AD69002DF2D1D4F8E4500AE0B4F9C630D5
:10E8B000009300222846B4F9C4301146F6F705FD4E
:10E8C000AD69002DF2D1D4F88C500AE0B4F96E3065
:10E8D000009300222846B4F96C301146F6F7F5FC97
:10E8E000AD69002DF2D1D4F8B8500AE0B4F99A30ED
:10E8F000009300222846B4F998301146F6F7E5FC5B
:10E90000AD69002DF2D1D4F810510AE0B4F9F2301B
:10E91000009300222846B4F9F0301146F6F7D5FCF2
:10E92000AD69002DF2D123685B69204603B0BDE8D4
:10E930003040184730B4B0F89840A0F8C4108AB2FC
:10E94000151BA0F89450B0F86C50A0F8F0102C44AF
:10E95000121BA0F8402030BC0181FFF793BF30B4F8
:10E96000B0F8F240A0F86E108AB2151BA0F8EE5075
:10E97000B0F8C650A0F89A102C44121BA0F8422000
:10E9800030BC4181FFF77EBF2DE9F3471646BDF845
:10E990002880BDF928901D461FFA83FA12FA83F2E7
:10E9A0000389044640899B1A08EB0102801A00B2D1
:10E9B0000F4600900A4604F1380031461BB2F6F7C4
:10E9C00084FC00970022B4F90830114604F1BC0021
:10E9D000F6F77BFCB4F90A30009300223346114667
:10E9E00004F16400F6F771FC2189B4F90A30009350
:10E9F000A1EB0A012B4604F19000002209B2F6F7C0
:10EA000064FC6289CDF80090A2EB080204F1E800F2
:10EA1000B4F9083012B20021F6F757FC204602B0D4
:10EA2000BDE8F047FFF72EBF2DE9F04F044685B053
:10EA30000F46FFF7CDFE294B236004F13801FF2379
:10EA4000012684F82C30084604F1640AC4E90C66F7
:10EA5000039104F19009FFF7BBFE5046FFF7B8FEA3
:10EA600004F1BC0B4846FFF7B3FE04F1E808584632
:10EA70000025FFF7ADFE4046FFF7AAFE0399A4F874
:10EA80001C712046C4E94555C4E94955C4E94B55B4
:10EA9000C4E94D55A4F81E51A4F82051FCF777FDA8
:10EAA00059462046FCF773FD51462046FCF76FFDA2
:10EAB00049462046FCF76BFD41462046FCF767FDC2
:10EAC000204600952B462A462946FFF75DFF204643
:10EAD00084F8246005B0BDE8F08F00BF748B020895
:10EAE0000B469342114602D01A4605F036BB7047DA
:10EAF0002DE9F0410368D3F88C300D460446984761
:10EB0000A842064624D0236801462A46D4F82C01A0
:10EB1000D3F8A480FFF7E4FF2A4607463146D4F82D
:10EB20003001FFF7DDFF394602462046C0472A463E
:10EB30003146D4F83C01FFF7D3FF2A46C4F83C0124
:10EB40003146D4F84001FFF7CBFF2563C4F84001FC
:10EB5000BDE8F0812DE9F84304460D4612B965631E
:10EB6000BDE8F8830368D3F89430984700278046BF
:10EB70000AE0D4F844912A4659F826004146FFF7A6
:10EB8000AFFF49F826000137B4F91E313EB2B34257
:10EB9000EFDCE4E770B503680446D3F878310D463E
:10EBA0009847D4F848310133C4F8483123682946DE
:10EBB0002046D3F87C31BDE870401847704710B547
:10EBC0003021044617F0D5F8204610BD002806DA9B
:10EBD000B0F10F0348BF00F1100358117047103017
:10EBE000401170471F3040117047002804DD002994
:10EBF000CCBF002001207047012070472DE9F84369
:10EC0000B1F90480B1F9067003460A464046394618
:10EC1000FFF7EBFF00283CD1B3F90490B3F90610DD
:10EC20004846FFF7E2FFB2F9004050B11C80B2F94C
:10EC300002105980B2F904109980B2F90620DA80E6
:10EC400027E0B3F90000B2F90220B3F90250A04264
:10EC50008446A8BFA44695422E464844A8BF1646FF
:10EC600044440D443A4400B224B22DB212B2A3F887
:10EC700000C05E80A042ACBFCCEB000CCCEB040C1F
:10EC80009542ACBFC6EB0506C6EB0206A3F804C06E
:10EC9000DE80BDE8F88310B580EAE07381EAE174B4
:10ECA000A4EBE174A3EBE073A4139B139C42B8BFE5
:10ECB0001C46012C07DD91FBF4F190FBF4F0FFF70B
:10ECC000EAFF604313E0404301FB0101B1F5803FDF
:10ECD000B4BF4FF480434FF080430020C2188A42F3
:10ECE0009CBF9818891A9B084FEA5000F6D110BDB6
:10ECF00070B50546DDE904069042B6BF04461446E9
:10ED00001046B342CABF314619461E46002CB8BF52
:10ED10001F340029B8BF1F31FFF764FF0246304699
:10ED2000FFF760FF64114911401A121BE8802C8024
:10ED30006980AA80284670BDF7B5089C013404EBB1
:10ED4000D47402EB640603EB6407CDE90067A3EB20
:10ED50006403A2EB64020546FFF7CAFF284603B02E
:10ED6000F0BD2DE9F043436987B006460D46002B00
:10ED700072D05C6990F82C7023682046D3F81C315F
:10ED8000984723688046D3F8203129462046984783
:10ED90007F01034600974246314602A8FFF7CCFFA9
:10EDA000002D1BDD236805F1FF380FFA88F8D3F832
:10EDB0001C3141462046984723688146D3F82031CC
:10EDC00041462046984731460346009704A84A46E4
:10EDD000FFF7B2FF04A902A8FFF710FFB4F91E3134
:10EDE000013B9D4219DA236801352DB2D3F81C315D
:10EDF00029462046984723688046D3F82031294683
:10EE00002046984731460346009704A84246FFF73C
:10EE100093FF04A902A8FFF7F1FEB4F91411B4F8A6
:10EE20001A21B4F84230B4F94000ADF812100A4487
:10EE30009B1AADF81400002204A902A8ADF8102016
:10EE4000ADF81630FCF786FD336802A91B69304621
:10EE5000984707B0BDE8F0831B68FFDE2DE9F04F4F
:10EE600087B01E46BDF9403004939E420F461446BB
:10EE700070D090F82C305B01029313681046D3F8E1
:10EE80001C3131469847FFF7A1FE23684FEA40192D
:10EE9000D3F82031314620469847FFF797FE4FEAD6
:10EEA000401A52464946384615F01CFD01233546A6
:10EEB0000093049A009B954208BF4FF0FF330093E4
:10EEC0001D4423682DB2D3F81C31294620469847AB
:10EED000FFF77CFE4301019323682946D3F82031D4
:10EEE00020469847FFF772FE43010393019BCAEB4C
:10EEF0004018A3EB090B41465846FFF7CCFE0246EB
:10EF000030B341460590029805F027F900EBD07028
:10EF10004FEA60085946059A029805F01EF93B68C9
:10EF200000EBD0700AEB6002A9EB08019B684FEA86
:10EF3000600B384698473B68039A01999B685A448E
:10EF4000A1EB080138469847DDF80CA0DDF80490E5
:10EF5000AE42AEDB07B0BDE8F08F0000F0B543690C
:10EF6000A5B005460E46002B70D05C69B4F91E3181
:10EF7000012B01DC01246CE090F82C000001FFF76C
:10EF800031FE0988B28823680A4412FA80F2091A0D
:10EF90000DF10A000090D3F8247112B202AB09B24D
:10EFA0002046B8470028E5D0B4F91411B4F81A2166
:10EFB000B4F84230B4F94000ADF80E100A449B1A80
:10EFC00031460022ADF8100003A8ADF80C20ADF8D2
:10EFD0001230FCF7BFFC294605A8AE6A04F0DAFB44
:10EFE0002B6828465B6E984703AB009005AA314614
:10EFF00007A815F029FBB4F92061BDF90830BDF967
:10F000000A20002E03DDB34201DAB24201DA009297
:10F010000BE0721E12B2009207A922462846FFF7A3
:10F020001DFFBDF90A3000933346224607A9284642
:10F03000FFF714FF94F82C1007A815F093FB064B6C
:10F04000079304460CA800F02BFD02E0B3F81E3134
:10F05000FFDE204625B0F0BDF8930208B0F91C3160
:10F06000B0F91E219A4201DA08467047B0F9202112
:10F07000D0F848010844801A8A42D8BFC01A7047A5
:10F0800010B50446FFF715FA0023A4F84C3110BD63
:10F0900070B5B0F94C11B0F91E21B0F91C3104461D
:10F0A00031B1B4F91E21B4F91C319A422CDB1FE0B6
:10F0B0009A4229DB0368D3F8303198472368054624
:10F0C000D3F8343120469847064604E029B220465A
:10F0D000FFF7BEFB0135002DF8DBB4F91C5104E04D
:10F0E00029B22046FFF7B4FB0135B542F8DDD8E779
:10F0F000B4F94C112046FFF79AFBB4F94C112046A5
:10F10000BDE87040FFF7A4BB70BD2DE9F041B0F938
:10F110004C51D0F844816A1C0F46B0F91C1116B24C
:10F1200096FBF1F301FB1363A0F84C31B0F91E31EB
:10F130009D42036808BFA0F81E21D3F880312946FC
:10F1400004469847294648F82070A4F820612046D4
:10F15000FFF76DFBB4F91E21B4F91C319A4228DB8C
:10F1600029462046FFF774FB1DBBB4F91E21B4F9F4
:10F170001C319A421DDB23682046D3F83031984772
:10F1800023680646D3F8343120469847074604E002
:10F1900031B22046FFF75CFB0136002EF8DBB4F9F4
:10F1A0001C6104E031B22046FFF752FB0136BE423B
:10F1B000F8DD2846BDE8F08100207047074B828DBE
:10F1C0001B88934281BF064B1B6803EB42035878B0
:10F1D0008CBF00F003000020704700BF2C3A0120D4
:10F1E000383A0120704700002DE9F041104B818D25
:10F1F0001B888B42044618D903689F6F0D4B186813
:10F20000F6F784FB23680546DB6F204698472368A2
:10F210000646D3F8803020469847324603462946B2
:10F220002046BC46BDE8F04160470020BDE8F081C3
:10F230002C3A0120343A01202DE9F743184B818DF7
:10F240001B888B42044626D9164B1B6813F8110005
:10F2500003EB4102144B55781B6853F82080D8F813
:10F260000030D3F81C90114B1868F6F74FFB236859
:10F270000646DB6F2046984723680746D3F8803060
:10F2800020469847C5F3810500903B463246294603
:10F290004046C84700E0002003B0BDE8F08300BF4F
:10F2A0002C3A0120383A0120303A0120343A01202A
:10F2B0000EB42DE9F0472F4B1A88838D9A429DB0EA
:10F2C000044601D800274EE0DFF8ACA0DFF8AC9090
:10F2D00026AA0292DAF8002012F81320D9F800309A
:10F2E00053F82260336830469B6B984707B2054657
:10F2F00003A805F06EFA33683046DB6C9847336834
:10F3000080461B6D30469847029A259900904346E7
:10F3100003A805F0B5FAA28DDAF80030D9F800108C
:10F3200013F8120003EB42062389727894F83760D1
:10F330009B1B1BB2009351F8203094F83910C2F394
:10F34000810203A802F0B3FBB4F93420B9180029F4
:10F3500003B206DD013B13FB02F315FB00352FB2B0
:10F3600001E0002BAEDD38461DB0BDE8F04703B02C
:10F37000704700BF2C3A0120383A0120303A012072
:10F380002DE9F04FB24B0C461B88898D8B42A9B0FA
:10F39000814606D800234FF0FF32C0E90032836077
:10F3A00087E1DFF8B8B2DBF8003013F81120A94B81
:10F3B0001B6853F82250A84B1868F6F7A7FA2B6879
:10F3C00080469B6B2846984703B20393A38E18444C
:10F3D00094F839300FAF86B23846002B50D105F083
:10F3E000F8F92B682846DB6C98472B6882461B6D22
:10F3F0002846984722680590D26F2046904721689A
:10F400000490D1F8801020468847049A059B01900B
:10F41000009241465246384605F047FA94F8383093
:10F4200013F0FD0F4FF000080CBFB4F90AA0B4F9B7
:10F4300008A04746A28DDBF8003003EB42032946C3
:10F440005B7847F6FF72C3F381030FA802F033F82D
:10F45000B842B8BF384607B208F101080FA81FFA32
:10F4600088F805F0D8F9002840F0A7802A7AAAEB9E
:10F4700006030FFA83FA02FA83F3002BDADC9CE02E
:10F4800005F0A7F92B682846DB6C98472B68824665
:10F490001B6D2846984722680590D26F20469047FA
:10F4A00021680490D1F8801020468847049A059B73
:10F4B0000190009241465246384605F0F6F994F81C
:10F4C0003810B4F90A20B4F9083021B102299A465B
:10F4D00001D0134600E0924694F83720A18D94F8AD
:10F4E0003900B4F934C09A1ADBF8003003EB410359
:10F4F000597807970023C1F38101CDE90C33ADF8AA
:10F5000018308DF820108DF821000995ADF82820CD
:10F51000ADF82AA0ADF82CC0ADF82E30ADF83830DB
:10F520008DF83A3050B32B6828465B69984780467F
:10F5300020B3099803684146DB6898470746E8B15D
:10F54000437B827A5B0003F480731343ADF8383059
:10F550009DF82130062B11D1099803683A465B6C5F
:10F56000414698477A7BBB7A520002F4807213437B
:10F57000BDF8382003441344ADF838304FF000088C
:10F58000474606A802F08EF9BDF83630BB42B8BF38
:10F590003B461FB2BDF8183008F101081FFA88F881
:10F5A0005BB19DF83A3043B92A7AAAEB06030FFA09
:10F5B00083FA02FA83F3002BE3DCA28E16FB08F336
:10F5C0009B1A6E7A039A1BB29342ACBFF618B61818
:10F5D00094F8383013F0FD0F236808BFB4F90880A1
:10F5E000DB6E18BFB4F90A802046984701281FFA3D
:10F5F00086FAB9B236B204D0022894F8373007D070
:10F6000009E0A8EB070707EBD77747F34F0303E0C1
:10F610000B44A8EB03031BB2287B9AB2EB7A184485
:10F620000F1894F838100229B8B23FB218D0032945
:10F6300024D0D31A01290FFA83F82AD123893A4614
:10F64000A3EB0A033746454616460FFA83F821E036
:10F650002C3A0120303A0120343A0120383A012076
:10F66000B4F8088065899844A8EB0008A8EB020864
:10F67000A5EB0A050FFA88F82DB20BE061895D1839
:10F680002D1A3B46AD1A37462DB21E464FF00008E4
:10F6900000E00025094BA18D1868F6F737F9A9F8A5
:10F6A0000080A9F80250A9F80470A9F80660C9F80A
:10F6B0000800484629B0BDE8F08F00BF343A012069
:10F6C00010B54821044616F054FB204610BD00003A
:10F6D0002DE9F0415C4B828D1B8893428EB004462D
:10F6E00040F2AE800868594D496805AB03C32868ED
:10F6F0001146F6F70BF9B4F94230002B40DBB4F9B0
:10F700004060002E3CDB626C904239D1B4F93C1071
:10F71000BDF914E0B4F93E200E4436B2B6452CDAF9
:10F72000BDF8187077443FB2B94226DABDF916C069
:10F7300013441BB29C4520DABDF81A00604400B2A5
:10F7400082421ADA7145B8BF71466245B8BF624657
:10F75000BE42D4BFC1EB060CC1EB070C8342D4BF41
:10F76000C2EB0306C2EB0006ADF818C0ADF81A6094
:10F77000ADF81410ADF8162002E00023CDE90533F2
:10F78000BDF91830002B5BDDBDF91A30002B57DDB9
:10F790002F4FA28D3B6813F812202E4B1B6853F895
:10F7A0002260002E4CD0236894F83680DB6E204611
:10F7B0009847A28D3B68B4F9341094F838C094F897
:10F7C00037E0276B03EB420394F839205B788DF820
:10F7D0003420C3F381038DF829301F4B09961B6831
:10F7E0008DF8280093F85C208DF82AC00B97ADF8AF
:10F7F00030108DF832808DF833E00AB11E6D06B9F5
:10F800009E6807AF2146384603F0C4FFA18D2868E3
:10F81000F6F77CF823680546DB6F20469847236897
:10F820008046D3F8803020469847CDE9028009AB66
:10F830000093019597E8060005AB3046F6F718F8F7
:10F840000EB0BDE8F08100BF2C3A0120343A01200F
:10F85000383A0120303A0120D839012013B590F808
:10F86000363004465BB3174B818D1B888B4226D9FB
:10F87000B0F90830002B22DDB0F90A30002B1EDD74
:10F88000114B1868F6F742F8B4F942302268002BA1
:10F8900006DBB4F94030002B02DB636C984205D0E4
:10F8A0005369204602B0BDE810401847D4E90F0163
:10F8B0006B4683E80300126919462046904702B060
:10F8C00010BD00BF2C3A0120343A012070B5036806
:10F8D00004469B6B15469847236829462046DB6BF8
:10F8E000BDE870401847000038B50E4B828D1B886C
:10F8F0009A42044614D203685B6F98472368054612
:10F900001B6F2046984794F838302DB213F0FD0F46
:10F91000014606BF024629462A462046FFF7D6FF83
:10F9200038BD00BF2C3A012030B58B8885B0838567
:10F93000B0F90830044623B9B0F90A300BB9FFF723
:10F94000D3FF23686D4621462846D3F88430984774
:10F9500095E807003C3484E8070005B030BD00237B
:10F960008380C3800380438091F82630FF2B01BF42
:10F970000B8983804B89C3807047000037B50446EC
:10F98000086849686B4603C323686946DB6A2046FA
:10F990009847084B1B6893F85C200AB1186D00B9B2
:10F9A00098680368A26A5D6A94F826306946A84799
:10F9B00003B030BDD8390120704710B52C21044662
:10F9C00016F0D7F9204610BD90F826202AB190F8FD
:10F9D000252012B103685B69184770472DE9F04391
:10F9E0002A4A838D12889A428DB004460F464AD91E
:10F9F000274A126802EB430112F81320254B1B68BB
:10FA000053F82230002B3ED04A780793224B90F8CF
:10FA100038601B68406B256B94F839108DF82260B4
:10FA2000C2F3010CC2F381028DF8212093F85C200F
:10FA30008DF820C0CDE909508DF82C100AB11D6D4C
:10FA400005B99D6805AE2146304603F0A3FE134B71
:10FA5000A18D1868F5F75AFF23688046DB6F2046B2
:10FA6000984723688146D3F8803020469847CDE9EF
:10FA7000029007AB0093CDF8048096E806003B4661
:10FA80002846F5F7F5FE0DB0BDE8F0832C3A0120CD
:10FA9000383A0120303A0120D8390120343A012087
:10FAA000704710B53021044616F063F9204610BDAA
:10FAB00010B5044600F092FEE06000F095FEE368A9
:10FAC0002361C008002247F6FF7101386060A26020
:10FAD000198059809A80DA80636A23F0010343F029
:10FAE0000203636210BD000010B50A4B03600023DF
:10FAF000C0E90133C0E90333C0E90533C0E9073386
:10FB000043626FF00043C0E90A330446FFF7D0FFB9
:10FB1000204610BDB08F02082DE9F04F91B00F467E
:10FB20001A9902934C11009401F01F0404944C1193
:10FB30005311B4EB621F039302F01F0C40F0F080EE
:10FB40000499029A8C454FEA621E026928D1B2F9E3
:10FB500000108E4504D1B2F902108B4200F07D8472
:10FB6000D1889488214309B281B1B2F902100029E9
:10FB70000CDBC46AA14209DAD0E90141A14238BFD5
:10FB8000083201F1010138BF026181600269039B03
:10FB900053800023A2F800E09380D38000F05DBC86
:10FBA0000299B2F8048001F01F0100910499BEEBA4
:10FBB000671F4FEA671607F01F04A1EB0C010AD17B
:10FBC000009B1C44D388884401FB0434A2F80480C1
:10FBD000D48000F042BC029DED1B07D4C4F1200785
:10FBE00079434FF0010A4FF0200906E0029D61437E
:10FBF0007D1B4FF0FF3A4FF0000991FBF5F705FB35
:10FC000017110029B8BF07F1FF37B844A2F80480E4
:10FC1000B2F806804C4407FB0488A2F8068002690B
:10FC2000D488B2F8048044EA080424B2B8BF491961
:10FC300056447CB1B2F90280B8F1000F0ADBC46A05
:10FC4000A04507DAD0E901349C423CBF083202618A
:10FC5000621C82600269BDF90C3016800024B64532
:10FC600053809480D4800CEB07024ED0049CA41ADD
:10FC70003C44640194FBF5F805FB1844002CB8BF24
:10FC800008F1FF3808F10107B8BF6419491B019753
:10FC9000D0F810C0091958BF019FBCF804B048BF84
:10FCA0004746BB44ACF804B0BCF806B00BEB471BAE
:10FCB000ACF806B0D0F810C03A44BCF804B0BCF8B8
:10FCC000067047EA0B073FB258BF491B56448FB135
:10FCD000BCF902B0BBF1000F0CDBC76ABB4509DA07
:10FCE000D0E9017BBB453CBF0CF1080707610BF174
:10FCF0000107876007694FF0000CB6453E807B80A6
:10FD0000A7F804C0A7F806C0C2D1049B01699A1ADB
:10FD10008B8813448B80009B2033A3EB090398E36B
:10FD2000029BDB1B06938B1A019312D55311002BF8
:10FD3000C0F29383531A0193009B43EAE373009349
:10FD4000069B03FB0CF24FF0FF3309934FF0000AC0
:10FD500011E0C26A039B9A42C0F27F83009B9A42E1
:10FD6000BCBF531C0093069BCCF120025A430123D5
:10FD700009934FF0200A019B92FBF3F403FB142339
:10FD8000002B059304DA1A46019B1A44013C0592A4
:10FD900004EB0709E24502694FEA691E28D1B2F96E
:10FDA00000108E4505D1B2F90210039B8B4200F082
:10FDB000E080D1889488214309B281B1B2F9024030
:10FDC000002C0CDBC16A8C4209DAD0E901148C42A8
:10FDD00038BF083204F1010438BF0261846002694F
:10FDE000039BA2F800E0002153809180D180C0E005
:10FDF00009F01F03BEEB671FB2F804800A934FEAB5
:10FE0000671607F01F05AAEB0C0108D1D4881D4422
:10FE1000884401FB0544A2F80480D480A9E0002CAA
:10FE200006DB0123C5F1200708937943202305E071
:10FE30004FF0FF33089369436442002391FBF4F7CA
:10FE400004FB17110029B8BF07F1FF370793079B81
:10FE5000B844A2F80480B2F806801D4407FB058868
:10FE6000A2F806800569089BEA88B5F8048042EA92
:10FE7000080212B2B8BF09191E448AB1B5F902804E
:10FE8000B8F1000F0CDBC26A904509DAD0E9013203
:10FE90009A4238BF083502F1010238BF056182601D
:10FEA0000269BDF90C3016800025B6455380958057
:10FEB000D5800B930CEB07024DD0AAEB02053D4415
:10FEC0006D0195FBF4F804FB1855002DB8BF08F13F
:10FED000FF3808F10103B8BF2D19091B0C93D0F8A6
:10FEE00010C0089BBCF804B0491954BF0C9F47468A
:10FEF000BB44ACF804B0BCF806B00BEB471BACF845
:10FF000006B0D0F810C03A44BCF804B0BCF8067093
:10FF100047EA0B073FB258BF091B1E448FB1BCF91B
:10FF200002B0BBF1000F0CDBC76ABB4509DAD0E9B0
:10FF3000017BBB453CBF0CF1080707610BF10107D2
:10FF4000876007690B9B7B80B6454FF000033E80BE
:10FF5000BB80FB80C3D10169079B8C88CD88AAEB4D
:10FF6000020214448C800A9C2034E41A02FB0455DB
:10FF7000CD80099B039A01691A441346B1F9002008
:10FF8000724503D1B1F9022093421CD0CA888C88F3
:10FF9000224312B282B1B1F90240002C0CDBC26ADA
:10FFA000944209DAD0E90124944238BF083104F1BF
:10FFB000010438BF0161846002690021A2F800E0F9
:10FFC00053809180D180009A9A4200F04D81069A28
:10FFD000019C0199520192FBF1F104FB1122002ACC
:10FFE0000391069204DA4A1E0392069A224406926C
:10FFF000059A0199521ACAF120010C91AAEB01014C
:020000040801F1
:10000000059208914A4600E04A46DDE905140919BF
:1000100058BF019C05915DBF091B05910399039988
:1000200058BF01318944002B4FEA6918C0F2F780AC
:10003000C56A9D4240F3F3800C9F0469BA45B4F948
:10004000046024D1B4F90020424504D1B4F902205F
:100050009A4200F0E480E288324312B27AB1B4F9F5
:100060000220002A0BDB954209DDD0E901219142F3
:1000700038BF083401F1010138BF046181600269B1
:100080000021A2F8008053809180D180C7E009F060
:100090001F07B8EB621F4FEA621502F01F0C0D97A5
:1000A000B6B209D1089A08991644E288A680BC44E1
:1000B00001FB0C22E280B2E0002907DB089FCCF1B3
:1000C00020027A4301270B97202707E0089A4FF078
:1000D000FF370B9702FB0CF2494200270A9792FB6D
:1000E000F1F701FB172BBBF1000FB8BF07F1FF378A
:1000F0003E44A6800A9EB444E68807FB0C66E68070
:1001000006690B9CB6F804C02544F48844EA0C0444
:1001100024B2B8BF8B448CB1B6F902C0BCF1000F59
:100120000CDBC46AA44509DAD0E90124944238BF43
:10013000083604F1010438BF0661846004691AB20C
:100140000E9262804FF00002A280E2800C9A25801D
:10015000454507EB020654D0AAEB06043C44640173
:1001600094FBF1FE01FB1E44002CB8BF0EF1FF3ED4
:10017000ABEB01020EF10107B8BF641807920F97AD
:10018000079AD0F810C0121958BF0F9FBCF804B0DE
:10019000079248BF7746BB44ACF804B0BCF806B041
:1001A0000BEB471BACF806B0D0F810C03E440B9FD9
:1001B000BCF804B03D44BCF8067047EA0B0758BFD2
:1001C000521A3FB258BF07928FB1BCF902B0BBF1CF
:1001D000000F0CDBC76ABB4509DAD0E9017BBB45E0
:1001E0003CBF0CF1080707610BF101078760076945
:1001F0000E9A7A8045454FF000023D80BA80FA8021
:10020000BED102690A9C9188AAEB0606314491800E
:100210000D992031091BD48806FB0144D480099A2A
:10022000016913448C88CA88224312B282B1B1F9A1
:100230000240002C0CDBC26A944209DAD0E90124A6
:10024000944238BF083104F1010438BF0161846071
:1002500002694FF00001A2F8008053809180D180A4
:10026000009A9A427FF4D0AE029B02694FEA631C67
:10027000049BCAF120049C4228D1B2F900309C456D
:1002800005D1B2F902300099994200F0E680D38896
:1002900091880B431BB283B1B2F90230002B0CDB07
:1002A000C16A8B4209DAD0E901138B4238BF0832A8
:1002B00003F1010338BF026183600369009A5A8029
:1002C0000022A3F800C09A80DA80C6E0029BB2F850
:1002D00004E003F01F030193049BBCEB691F4FEA8A
:1002E000691509F01F07A3EB040309D101990F4415
:1002F000D1889E4403FB0717A2F804E0D780ACE046
:100300000299B1EB090107D4C7F1200673434FF0FE
:1003100001094FF0200807E002997B43A9EB010196
:100320004FF000084FF0FF3993FBF1F601FB163B4D
:10033000BBF1000FB8BF06F1FF36B644A2F804E0E7
:10034000B2F806E0474406FB07EEA2F806E00769AC
:10035000FA88B7F804E042EA0E0212B2B8BF8B4442
:100360004D448AB1B7F902E0BEF1000F0CDBC26A5E
:10037000964509DAD0E901329A4238BF083702F1CE
:10038000010238BF076182600269BDF900A01580D3
:100390000027AC45A2F802A09780D78034444ED005
:1003A000049B1A1B3244520192FBF1FE01FB1E22F8
:1003B000BA42B8BF0EF1FF3EABEB01030EF10106EE
:1003C000B8BF521800930296009B07699B1858BF4C
:1003D000029EB7F804B0009348BF7646B344A7F82E
:1003E00004B0B7F806B00BEB461BA7F806B03444D0
:1003F0000669F788B6F804B047EA0B0758BF5B1ADE
:100400003FB258BF00934D447FB1B6F902B0BBF183
:10041000000F0ADBC76ABB4507DAD0E901379F4204
:100420003CBF083606617E1C866006694FF00003FB
:10043000AC453580A6F802A0B380F380C4D1016931
:10044000049B8A881B1B1A448A80019A2032A2EBE3
:100450000802C88803FB0203CB8011B0BDE8F08F0F
:10046000436A9B07F7B504460E46154611D5D0E9F9
:10047000051286EA010385EA02073B4309D03346A9
:100480000095FFF749FB636AC4E9056543F0010382
:10049000636203B0F0BDF8B5436A16469A07044696
:1004A0000D4601D4FFF704FB636ADB0704D5D4E9EA
:1004B00007122046FFF7D4FF2369B3F90020B2EBFF
:1004C000651F4FEA65104FEA661103D1B3F90220A8
:1004D00091421BD0DA889F883A4312B282B1B3F9B5
:1004E0000220002A0CDBE76ABA4209DAD4E9017279
:1004F000BA4238BF083302F1010238BF2361A2605B
:1005000023690022188059809A80DA80C4E9066540
:1005100065612662F8BD2DE9F04FD1B06C4600EB65
:10052000C10126460B1A482B00F1080240F3FE8059
:100530001B1100EBC30550F83370B0F90090B0F90F
:10054000028007606F68B0F904E0B0F906C0476048
:1005500020F83390A5F80280A5F804E0A5F806C0BD
:1005600031F9065CB0F90A70BD42A1F1080306DB5F
:1005700019D1B0F908C031F9085CAC4513DD51F868
:10058000085CB0F90880B0F90CE0B0F90EC0156055
:1005900051F8045C556021F8088C21F8067C21F89C
:1005A00004EC21F802CCB0F90270B0F90A50AF4265
:1005B00006DB16D1B0F900C0B0F90850AC4510DA2E
:1005C0001568B0F9008005605568B0F904E0B0F92D
:1005D00006C0A0F8088045604781A0F80CE0A0F8AC
:1005E0000EC031F9065CB0F90270BD4206DB1BD1CA
:1005F00031F908CCB0F90050AC4515DA51F8085C77
:10060000B0F900800560B0F904E0B0F906C051F817
:10061000045C456021F8088C21F8067C21F804EC84
:1006200021F802CC00E02A46B2F90A80B0F9027043
:1006300002F10805B845AC46F5DB05D1B2F90890E2
:10064000B0F900E0F145EEDB33F906EC7745A3F1B4
:100650000803F9DB04D09D42D3F800E007D919E084
:10066000B0F90090B3F900E0F145EDDBF3E7B2F942
:1006700008C0B2F90C70B2F90E20C5F800E0D3F84A
:1006800004E0C5F804E0A3F800C0A3F802809F804E
:10069000DA80C8E71A1AA1EB050BB0F900A0C0F880
:1006A00000E05A45B0F90490B0F90680D3F804E0B0
:1006B000C0F804E0D7BF2A4602460D468446C8BFAC
:1006C0001D46C4E90025D8BF1946A3F800A05F80E5
:1006D000A3F80490A3F806800834604622E7B3F933
:1006E0001270B3F90A50AF4208DB01D008321DE0A6
:1006F000B3F910C0B3F90850AC45F7DA9D68B3F907
:100700001090B3F91480B3F916E01D6103F1080CE1
:10071000DD685D616045A3F808905F81A3F80C80F7
:10072000A3F80EE0A3F10803E0D0D8E7914202D984
:10073000A2F11003D3E7B44203D954E90201083C03
:10074000F0E651B0BDE8F08F10B5436ADA07044611
:1007500007D5D0E90712FFF783FE636A23F0010390
:100760006362636A9B0722D52369DA8899880A4302
:1007700012B282B1B3F90220002A0CDBE16A8A428C
:1007800009DAD4E90112914288BF083302F101026B
:1007900088BF2361A260A16829B16368994202D829
:1007A000E068FFF7B8FE636A23F002036362E06863
:1007B00010BD0000024B1860024B1960704700BF6B
:1007C000E0390120DC390120024A00231360024A8B
:1007D00013607047E0390120DC390120014B1868B3
:1007E000704700BFE0390120014B1868704700BF17
:1007F000DC39012010B503681B6B0C469847031BBE
:100800005842584110BD0000014B1960704700BFAD
:10081000E43901202DE9F04F9646054614460E4670
:100820001F46BEE80F0097B00DF11C0CACE80F009E
:10083000DEF80030CCF8003004F1140EBEE80F00F2
:100840000DF1300CACE80F00DEF80030CCF80030D1
:1008500004F1280EBEE80F000DF1440CBDF88880AD
:100860009DF88C90BDF890A0ACE80F00DEF8003049
:10087000CCF80030219A2B680192CDE9039A209A96
:100880000092CDF80880D3F840B007AA3B46314625
:100890002846D847A646BEE80F000DF11C0CACE870
:1008A0000F00DEF80030CCF8003004F1280EBEE86E
:1008B0000F000DF1300CACE80F003C34DEF80030D6
:1008C000CCF800300FCC0DF1440CACE80F002368DD
:1008D000CCF800302B68CDE9039A219A0192209A36
:1008E0000092CDF808801C6C07AA3B46314628468A
:1008F000A04717B0BDE8F08F2DE9F04F8DB08846C6
:10090000169C1968246892ED094AD2ED0B4AD3ED82
:10091000076ADDF86490D3ED0A1A93ED0D2AA4EB73
:10092000010C189CB4F900E0BDF870406445A8BF04
:10093000644607EE904AB8EEE75AD2ED0D7AB9F95F
:10094000002025EE044A65EE244A25EE275AF7EEEC
:10095000007A87EEA67A0EEB0106B24271EEA40A87
:1009600032EE051A36EE840A61EE871A22EE072A65
:100970002ADD951B95FBF4F707EE107AB8EEC77ADF
:10098000002FA7EE040A04FB1755E7EE240AA7EE92
:10099000051A13DD70EE446A70EEE41AF5EE406A53
:1009A000F1EE10FA18BF87EEA67A31EE452A08BF9D
:1009B000B0EE677A61EE871A22EE072A07FB04FA87
:1009C000ACEB0A0C514401E000273D46B9F8049015
:1009D0004A440EEB010912B2E1449145C4BFA2EBB7
:1009E0000E02A2EB010CBCF1000F50DD9CFBF4F1F8
:1009F00004FB11C20AB901392246C7EE803A4068A9
:100A00000B90D0F800A0179808909DF86CB018983B
:100A1000CDF824B0B0F902B05B690B985B44B0EE3E
:100A2000427A60EEA32A21EE233A72EEE16ABEEE2C
:100A3000C87AFEEEC86A079316EE90CA73EE426A51
:100A400017EE103A9CFBF4FCFEEEC86AF0EE617AF9
:100A500016EE90EAFEEEC87A9EFBF4FE0EFB05331E
:100A6000029317EE903A2E4404FB07660CFB053305
:100A7000CDE90043CDE90586CDE903CE0029D4BFF9
:100A80009146A146A9EB0503DAF80840A0470DB04E
:100A9000BDE8F08F2DE9F04F2DED088B1F46B2F920
:100AA0000630B2F904B09FED8A8AB3B00646084614
:100AB0000BEE903A0D46144605F0F6F909EE100AD1
:100AC000284605F025FA834B1B7808EE900A012B87
:100AD000B8EEC99AF8EEE88A0CD0F0EE689AF0EE1B
:100AE00068AAB0EE49BAF0EE498AB0EE48AAB0EE74
:100AF000489A07E0F0EE499AB0EE68AAF0EE48AAEC
:100B0000B0EE48BA386879680FAA03C2C2E900019A
:100B10002188BDF8443020680B44ADF8443061882A
:100B2000BDF846300B446168ADF846300DF14C0914
:100B300013AB03C3484617460DF13C0801F0AEFA6B
:100B4000B4F90410B4F90630ADF85810404615A9B0
:100B50004FF0000AADF85A30CDF854A001F0E2FA97
:100B6000384601F09BFA284605F090FA0446002822
:100B700000F0A88007EE90BAB8EEE77AF8EEEB7ACC
:100B800015AA0BA907A88DED087A8DED097ACDED90
:100B90000D7ACDED0E7A8DED078A8DED0A8A8DEDF9
:100BA0000B8A8DED0C8A01F0A1FA15AA0CA908A8F0
:100BB00001F09CFA15AA0DA909A801F097FA15AA47
:100BC0000EA90AA801F092FADDED0B7A8DED218ACB
:100BD000B0EE677ADDED087A8DED229ABEEECE7A20
:100BE000F0EE676ADDED0C7A8DED26BA17EE103A5D
:100BF000B0EE677ADDED097A1F93B0EE676ABEEE5C
:100C0000CE6ADDED0D7A344B209316EE100AB0EE6D
:100C1000676ABEEECE6ADDED0A7A259316EE101AEB
:100C2000B0EE676ABEEECE6ADDED0E7A2A9316EE5E
:100C3000102A2F939DED076A284B2D921B888DED6E
:100C4000278AFEEECE6ABEEECE7AFEEECE7ABEEEFB
:100C5000CE6ACDE928012846CDE918348DED1E6A0B
:100C6000CDED236A8DED247ACDED2E7ACDED2B8A54
:100C7000CDED2CAA8DED30AACDED319ACDF85CA04A
:100C800005F034FA1A90284605F00EF91B90284614
:100C900005F03EF91C90284605F006F94FF6FF7264
:100CA000336804929DF814210392BDF81021CDF809
:100CB0000090CDE901721D905C6C1EAA19AB17A9BA
:100CC0003046A04733B0BDEC088BBDE8F08F00BFC5
:100CD00000000000CA3901200000C842D0390120BC
:100CE0002DE9F04FD9B01F46BDF8903109939DF81A
:100CF00094310A93BDF898310F9303680E919D6C5F
:100D000014463946DDE909230646A84770600028E5
:100D100000F08B833B6812937B681393B34B94ED85
:100D2000027A1978A069D7E90223F2EE047A002941
:100D3000B4EEE77A16BF194611461346F1EE10FAE3
:100D4000CDE915321491E36A616840F26E8394ED47
:100D5000077AB4EEE77AF1EE10FA40F2668394ED8A
:100D60000C7AB4EEE77AF1EE10FA40F25E8327686F
:100D70009F4A9742C0F2598365699542C0F25583F4
:100D8000A26ADFF87CC202F51C32FF32624500F233
:100D90004C83984A974200F34883954200F3458379
:100DA000954D01F51C32FF32AA4200F23E8300F558
:100DB0001C32FF32AA4200F2388303F51C32FF32A4
:100DC000624500F23283814206DA99420EDC984293
:100DD0000FDA022501270EE0984211DC994216DA5B
:100DE00002250327A9464FF0000815E0012500273A
:100DF00008E001250227A946B8464FF0000A0DE099
:100E000000250127A946B8464FF0020A06E002274E
:100E100003254FF00009B8464FF0010A214647A8C4
:100E200004F0FEF92246534647A9CDF8009017A8D2
:100E300004F0E4FA2246534647A9CDF8008027A8DB
:100E400004F0DCFA4346224647A9CDF8009037A8C3
:100E500004F0D4FAAF42B5BF002301230D930D93E4
:100E60000E9B93E8030010AF87E80300B9BF27ADDE
:100E700017AC17AD27AC28B9604B18680368DB6A5C
:100E800098473860629B6169B3F9023063980B93AD
:100E90001944639BC088B3F902302D9A184400B2FC
:100EA00081420C900CDA994280F29480002A40F33F
:100EB00091805B1A9342A8BF134603F1FF3B05E004
:100EC000002A40F3878002F1FF3B13462C99DDEDA9
:100ED000317A9DED326A9DED347ADDED355ADDEDE6
:100EE0002E6A9DED2F5A2B98DDED304A9DED334A49
:100EF000DDED363A01F1020EDDE92779DDE929A8B9
:100F000001F1010CDE4400E0DC465044404577EE40
:100F1000867A37EE257A76EE856A4F4408DB76EEE0
:100F2000A46A77EE847A37EE237A0137A0EB0800C3
:100F30000CF1010BDE45E7D11144A1EB0C01CDE929
:100F40002CC1DDE91C1C2797DDE919BEDDE9177A04
:100F50002B90CDED2E6A8DED347ACDED317A9DED6D
:100F6000226ADDED217A9DED247ADDED255ADDED55
:100F70001E6A9DED1F5A1B98DDED204A9DED234A08
:100F8000DDED263A884603EB01095844704577EEBB
:100F9000867A37EE257A76EE856A574401F10101AB
:100FA00008DB76EEA46A77EE847A37EE237A01378F
:100FB000A0EB0E004945E8D1C4441B90ACEB010006
:100FC000CDE91C10CDED1E6A8DED247ACDED217A90
:100FD0001797D21A63690B9919440B460C99CF1ACB
:100FE0009742A8BF17460DF14808B0E0CA39012062
:100FF000018FFDFF00710200FFE10400D8390120DC
:10100000FEE10400629B2968B3F90020639BB3F9F9
:101010000030114499421BDD21680A446399898894
:101020000B441BB29A4213DC0F9A336806920A9A59
:101030000592099A0492639A0392629A0095CDE907
:10104000018210A9D3F84C9047AA23463046C847DE
:10105000D4E900231A44636994ED0A7AD4ED0B7A3B
:10106000D4ED0E6AA16894ED086A226001336361D1
:10107000A36937EE277A013BD4ED0D7AA36123698A
:1010800084ED0A7A77EEA67AD4ED076AC4ED0D7A7C
:101090000B44E168236176EE866A8B42C4ED076AF1
:1010A00015DB94ED096A76EE266A0132C4ED076A13
:1010B000D4ED0C6A226036EE877A5B1A84ED0A7AE8
:1010C00094ED0F7A236177EE277AC4ED0D7AD5E996
:1010D00000231A446B6995ED0A7AD5ED0B7AD5EDAC
:1010E0000E6AA96895ED086A2A6001336B61AB69E5
:1010F00037EE277A013BD5ED0D7AAB612B6985ED93
:101100000A7A77EEA67AD5ED076AC5ED0D7A0B441B
:10111000E9682B6176EE866A8B42C5ED076A15DBBE
:1011200095ED096A76EE266A0132C5ED076AD5EDBE
:101130000C6A2A6036EE877A5B1A85ED0A7A95ED9D
:101140000F7A2B6177EE277AC5ED0D7A013F002FDC
:101150003FF758AF0D9B3D9A13B117AD37AC01E087
:1011600037AD17AC629B6169B3F9023063980B939A
:101170001944639BC088B3F90230184400B281421D
:101180000C900CDA994280F29480002A40F391800E
:101190005B1A9342A8BF134603F1FF3B05E0002A08
:1011A00040F3878002F1FF3B13463C99DDED417A25
:1011B0009DED426A9DED447ADDED455ADDED3E6AD6
:1011C0009DED3F5A3B98DDED404A9DED434ADDEDF4
:1011D000463A01F1020EDDE93779DDE939A801F17E
:1011E000010CDE4400E0DC465044404577EE867A50
:1011F00037EE257A76EE856A4F4408DB76EEA46AF0
:1012000077EE847A37EE237A0137A0EB08000CF1F1
:10121000010BDE45E7D11144A1EB0C01CDE93CC146
:10122000DDE91C1C3797DDE919BEDDE9177A3B9033
:10123000CDED3E6A8DED447ACDED417A9DED226A89
:10124000DDED217A9DED247ADDED255ADDED1E6A76
:101250009DED1F5A1B98DDED204A9DED234ADDEDE3
:10126000263A884603EB01095844704577EE867AA2
:1012700037EE257A76EE856A574401F1010108DBE5
:1012800076EEA46A77EE847A37EE237A0137A0EB04
:101290000E004945E8D1C4441B90ACEB0100CDE9F8
:1012A0001C10CDED1E6A8DED247ACDED217A1797B5
:1012B000D21A63690B9919440B460C99CF1A9742BD
:1012C000A8BF17460DF14808A4E0629B2968B3F94E
:1012D0000020639BB3F90030114499421BDD216863
:1012E0000A44639989880B441BB29A4213DC0F9A13
:1012F000336806920A9A0592099A0492639A0392B5
:10130000629A0095CDE9018210A9D3F84C9047AAC2
:1013100023463046C847D4E900231A44636994ED54
:101320000A7AD4ED0B7AD4ED0E6AA16894ED086ABE
:10133000226001336361A36937EE277A013BD4ED64
:101340000D7AA361236984ED0A7A77EEA67AD4ED4B
:10135000076AC4ED0D7A0B44E168236176EE866A74
:101360008B42C4ED076A15DB94ED096A76EE266AB6
:101370000132C4ED076AD4ED0C6A226036EE877A3A
:101380005B1A84ED0A7A94ED0F7A236177EE277A5F
:10139000C4ED0D7AD5E900231A446B6995ED0A7AFC
:1013A000D5ED0B7AD5ED0E6AA96895ED086A2A602D
:1013B00001336B61AB6937EE277A013BD5ED0D7ACE
:1013C000AB612B6985ED0A7A77EEA67AD5ED076ACF
:1013D000C5ED0D7A0B44E9682B6176EE866A8B4287
:1013E000C5ED076A15DB95ED096A76EE266A0132CE
:1013F000C5ED076AD5ED0C6A2A6036EE877A5B1A6E
:1014000085ED0A7A95ED0F7A2B6177EE277AC5ED97
:101410000D7A013F002F3FF758AF0E9B1B6823B991
:10142000034B186803681B6B984759B0BDE8F08FF1
:10143000D839012070B504469DF81C60059861609C
:1014400000259DF810106382BDF918302580C4E98D
:10145000065521726672E0602282A382E5822584AD
:1014600084F822502EB303685B699847064600B3A0
:10147000E06803683146DB6898470546C8B1437B9E
:10148000827A5B0003F4807313432384637A062B10
:101490000FD1E06803682A465B6C314698476A7B47
:1014A000AB7A520002F480721343228C034413443B
:1014B0002384204670BD2DE9F04F87B00025CDE98B
:1014C000022301900E46A8462C462F464FF6FF6A8F
:1014D00042F20B0B24E000235445059302D05C45F7
:1014E00018BFA0460399019805AB324603F0B4FC3F
:1014F0000446C0B10A2816D0059A82B1537B92F8EF
:101500000A9094885B0003F4807349EA0309336806
:1015100041465B6C304698474844384487B20135B1
:10152000029B9D42D7DB384607B0BDE8F08F022A08
:1015300030B511D0032A1CD0012A28D18B8801880C
:10154000B0F90420448804805B1A9B1AB0F9061095
:1015500043808180C2801AE0CB8842889B1AC2886F
:101560009B1A8A8801884380521A8188521A028005
:101570000DE0CB884188B0F90620B0F90050B0F9F1
:10158000044045805B1A9B1A03808280C48030BD72
:101590002DE9F04F9FB00F921293299A299B2A9E12
:1015A00012889B880E901344306817911BB21193D8
:1015B00003689DF8ACB05B6D9DF8B8409847336800
:1015C000BDF9A0701A7BDB7A1390159216933CB18B
:1015D000337C2D9A062B14BF01230223134400E011
:1015E0002D9B10934FF00009CDF834904C46CDF868
:1015F000309026E10023CDE91C338DF86F304FF693
:10160000FF639C4206D00C9B42F20B02944218BF2F
:1016100023460C930D9B2D9932688B420EDB136889
:1016200010465B6998470446306803681DAA9D68A8
:1016300021460DF16F03A8471C900AE00DF16F03DE
:1016400001931DAB00932C981CAB594603F04CFC46
:1016500004464FF6FF639C4200F0F08042F20B0319
:101660009C4200F0EB80002C00F0F1800A2C00F08E
:10167000F2801C9B0BB19C880DE0306803681B69ED
:1016800098474FF6FF63984200F0D88042F20B0370
:10169000984200F0D380BBF1000F00D14F441C9A58
:1016A000002A00F0CA80537B92F80A905B0003F492
:1016B0008073BBF1010F49EA030904D10C9BA7EB2E
:1016C000090763B91BE00C9B83B1BBF1000F06D186
:1016D00030680C9903685B6C9847074409E03068F0
:1016E0000C9903685B6C98473F1A08E0BBF1000F48
:1016F00005D1169B119AFB1A93420DDDA6E0299B9A
:10170000BBF1010FB3F9002006D1159909EB0703CE
:101710000B449342C0F29A801C9B299A93F90910BA
:10172000B2F900805A7B9B79520102F480723944ED
:1017300013430B444345C0F28180119B99427DDAEB
:1017400030680368B845C8BFA8EB07081B6BCCBF5F
:101750001FFA88F84FF0000898471C9A92F80DC0BD
:10176000157A6346D90001F480710D431CF0400FD7
:1017700012991CBFA5F500752DB208442999ADB288
:1017800080B2B1F90210A0EB050A0FFA8AFA5145AE
:101790000EDD92F807C01B0103F480734CEA030CC2
:1017A000D44461454ADC081A05442DB28A4600E05B
:1017B00000251992139A1D9B3068002A28D118938E
:1017C0000E9B19680B6D01681493096C8847B179F9
:1017D0000B91B17B0A919DF86F100991B168189B2C
:1017E0000693ADB2CDE90285299B0493B844CDE9B7
:1017F00007010FFA88F30093199A0F9B0592CDF811
:1018000004A01A6817995B680E98149DA84715E004
:101810000E9AD2F808C0129ADCF80010CDE90472D2
:10182000B2790392B27B0292B268CDE90002299AA2
:101830008D680F996046A84700E091460D9B0133E3
:101840000D930D9B109A9342FFF6D4AE0CB9002471
:1018500012E00A2C01D10A240EE00D9D08E02C981C
:101860005946F3F7C1FF04460028F0D00A28F2D009
:101870002D9B01359D42F2DBB4FA84F040091FB084
:10188000BDE8F08F30B5C48A458B43832C44E41AFD
:10189000C482838B048B5B1A22440C44C28304836E
:1018A000838330BD2DE9F04F0446478AC068036842
:1018B00085B09B6B9847B4F91460637A06EB4006D9
:1018C000B74203F1FF33ACBF4FF000094FF00109FD
:1018D000052B04D8DFE803F023070D161B1B00259A
:1018E000A9462E461EE0B742B4BF002601260025B9
:1018F00018E0B7424D464FF00009B4BF002601265C
:101900004F4610E00025A9462E4601270BE0B742BE
:101910004FF00005B4BF002701272E4603E0002545
:10192000A94601262F464FF00008A4F81680A4F817
:101930001880CDF80480002303932388202B0DD03A
:1019400042F20B0293420AD001994FF6FF62934292
:1019500018BF19464FF0000A019102E001934FF0C1
:10196000010AE268217A606803AB03F075FA20800F
:1019700010B9A28B00235CE0638B0A2803F10103FA
:101980006383F6D0039A42B94FF6FF63984216D0AC
:1019900042F20B039842CED111E093882380537B0F
:1019A00092F80AB0E06801995B0003F480734BEA97
:1019B000030B03685B6C984783441FFA8BF2238800
:1019C000A18B202B03D042F20B00834203D1BAF14A
:1019D000000F08BF8846208BB4F810C00A4492B2AA
:1019E000A2831044B9F1000F06D1EDB1202B03D032
:1019F00042F20B018B4206D1238C03449C4505DA4D
:101A0000E38A1BB14FE0604503DC94E700231146F5
:101A100038E0E38A002B8ED00123228C84F8223018
:101A2000E38B1344E38331E060451DDD1FB10123E7
:101A30000A4611460FE0002E3FF47DAF202B3FF405
:101A40007AAF42F20B0293423FF475AFBAF1000F46
:101A500005D0012342462046FFF714FF16E0E38A33
:101A6000002B3FF468AF11E0202B3FF464AF42F24B
:101A70000B0293423FF45FAFBAF1000F3FF45BAF4C
:101A8000012342462046FFF7FDFE54E7E068036865
:101A90009B6B9847B4F914300344608AC01A608283
:101AA00005B0BDE8F08F60457FF745AFB4E7F0B50E
:101AB00005468FB017461C460E46D1B11B6820461E
:101AC0009B6B984743421BB2CDE90143BDF85020C0
:101AD000039600974FF6FF73294605A8FFF7AAFC67
:101AE000012405A8FFF7DEFEBDF8143063B1013410
:101AF000F7E703F07CFA01240A28284608BF0134DE
:101B000003F075FA0028F7D1A0B20FB0F0BD2DE9AF
:101B1000F04FE5B0DDE96E8A0A900E461C46B8F13A
:101B2000000F00F026811B68002B00F02281A37BB0
:101B3000002B00F01E8110685168A579B6F90420C9
:101B4000ADF83C200CAB03C30021B6F906300E9172
:101B50002A460EA90CA8ADF83E30FFF7E8FC0EA906
:101B60002A460846FFF7E3FC19A802F032FE206877
:101B70000368DB6C98470546206803681B6D98472F
:101B80002B4652464146009019A802F079FE206883
:101B90002379089303689B6B9847B4F90C5023682A
:101BA0008146054432A85F7A02F013FE237C7BB1A4
:101BB00020680368DB6C98478346206803681B6DC8
:101BC00098475B4600905246414632A802F058FEC4
:101BD000BDF93C300993237CE27B0393B4F90C30CC
:101BE00002932368BDF83C80019363790093A8EBCE
:101BF0000202BDF83E3092B232A910A8FFF71AFCDB
:101C0000002D04DC0DF164094FF0000B4CE0237C47
:101C10004F44002B3FD01FFA85FA23E010A8FFF7AE
:101C200041FEBDF856B007E0617919A8F3F7DCFD75
:101C30000BF1FF3B1FFA8BFBBBF1000FF4D1BDF89A
:101C40003E30A3EB0A03ADF83E30BDF84030D1443E
:101C5000ADF83A90002B00F08C809DF86230002B9C
:101C600040F08780BDF93A90BDF9323009EB0702A8
:101C70009A42D3DBC6E719A803F0B9F9002878D057
:101C80000A2808D1BDF83E3019FA85F95B1BADF87A
:101C90003A90ADF83E30BDF93A90BDF9323009EBDB
:101CA00007029A42E7DBADE7237C13B110A8FFF7E8
:101CB000F9FD089B2BB3277C642249464BA814F0FE
:101CC00034FB17B1BDF95E0007E021683B4647F6DB
:101CD000FF724BA8FFF7EFFB00B22379012B06D16F
:101CE000099B181A00EBD07040F34F020AE0022B58
:101CF00001BFE27BA8EB0202121A12B218BF002247
:101D000000E0E27B237C13B1BDF8561001E047F6FA
:101D1000FF719DF862A0BDF93A300A980294CDE9AE
:101D2000051ABDF838100B930A4412B20CAF00929A
:101D3000CDE903B9019732460021FFF729FCC0B96C
:101D40000B9BBDF83E2013FA85F31BB2521BADF876
:101D50003A30ADF83E20BAF1000F0AD12268BDF842
:101D60003210127A9B1ABDF836200A4412B29342FE
:101D70009ADD65B0BDE8F08F10B5032B18D8DFE809
:101D800003F002060C13B0F90000084411E00388C8
:101D90008188581800B2801A04E003888288981855
:101DA00000B2401A013804E0B0F90000104400E02D
:101DB000002010BD10B5032B18D8DFE803F0020691
:101DC0000A10B0F90200104411E0B0F90200084412
:101DD0000DE04388C188581800B2801A04E0438897
:101DE000C288981800B2401A013800E0002010BDE7
:101DF000014B00221A607047E43901200346C0B14C
:101E0000B0F5803F36BF030400201020B3F1807F7F
:101E10003CBF1B020830B3F1805F3CBF1B010430A4
:101E2000B3F1804F3CBF9B000230002B02DB01303E
:101E30007047202070472DE9F04F87B00446109F6F
:101E40000D461E46104602E035461C460026002C74
:101E500051D000284CD045EA06031F2B4AD845B97B
:101E600003462046002EEFD14FF0FF346FF00040C4
:101E700042E030FA05FA05D14443B4FBF7F007FB22
:101E8000104439E04FF0010808FA05F808F1FF386E
:101E900008EA000804FA05F94046B9FBF7FB0AFB1B
:101EA0000BF30393FFF7AAFF119B01462246CDE9EE
:101EB000007340462B46FFF7BEFF07FB1B92804690
:101EC0001046FFF79BFF034605A8CDE90070A9194E
:101ED0005046FFF7B0FF119B1C68059B1C44039BF9
:101EE000B4FBF7F2D3184344184407FB124403E051
:101EF000044601E000242046119B1C6007B0BDE8A9
:101F0000F08F2DE9FF410A9DB0F100081C46BFBFCC
:101F10002B685B42C8F100082B60B4BF4FF0FF365E
:101F20000126002A04DA2B685B42524276422B607B
:101F3000002C1046BABF64424FF0FF370127FFF76D
:101F40005DFF034603A8CDE900404046FFF773FF5D
:101F5000039A2B68BE42134493FBF4F2104418BF5B
:101F60004042013604FB123303D0002B06DB1A4635
:101F700009E0002BC3F1000203DB04E001381A1969
:101F800001E00138121B2A6004B0BDE8F0810000B6
:101F90002DE9F04F1F4CA569D0E9009785B00646A2
:101FA00095B3A3680DF10C0A05EBD57203EB620340
:101FB000CDF800A0E16903934FEA620B2B464A4635
:101FC0002068FFF79EFFCDF800A03A46216A8046C0
:101FD0002B466068FFF795FF6369CDF800A05B446E
:101FE0004A46616A039380442B46E068FFF789FF05
:101FF000CDF800A081463A46A16A20692B46FFF73A
:1020000080FF09EB0007C146C6E9009705B0BDE8AF
:10201000F08F00BFE8390120074B1B78012B09D155
:10202000B1F90030B0F900200380044B1B88013B5C
:102030009B1A0B80704700BFCA390120D439012098
:1020400010B5074B1B78012B08D1064B0C881B8859
:10205000B0F90020013B1B1B03800A8010BD00BFAC
:10206000CA390120D439012010B50A4B1B78012B45
:102070000ED1094BB0F9061042881B88B0F9004018
:1020800044800A449B1A0380B0F90430C3808180E5
:1020900010BD00BFCA390120D4390120084B1B787C
:1020A000012B0CD1438802880380064BB0F9041041
:1020B0001B880A449B1A4380C3888380C180704771
:1020C000CA390120D439012010B5074B1B78012BE8
:1020D00008D1B1F90030B0F9004003809388013B8A
:1020E0001B1B0B8010BD00BFCA3901200B4B1B7896
:1020F000012B11D10B6890ED007A0360B2F9043026
:10210000DFED076A07EE903AF8EEE77A77EEE67AC7
:1021100077EEC77AC1ED007A704700BFCA39012057
:1021200017B7D13838B5094B1B78012B0A460CD1AB
:10213000B0F90450038801462B44013B21F8023BCF
:10214000FFF7C2FFC3888380C58038BDCA3901202C
:10215000064BB3F90020064BA0F83421B3F9003048
:10216000A0F836310021C0F830117047D439012071
:10217000D2390120034B186810B103689B691847D6
:10218000704700BF243A01207047000007B5094B93
:10219000B3F90020084BADF80420B3F90030ADF8D6
:1021A00006300368002100919B6C6946984703B094
:1021B0005DF804FBD4390120D2390120094BB3F971
:1021C0000020094B82B0B3F90030ADF804200021A3
:1021D000ADF806300091036802AA12E906001B6CF4
:1021E00002B01847D4390120D2390120034B1868B6
:1021F00010B10368DB691847704700BF243A01201B
:10220000034B186810B103681B6A1847704700BF7A
:10221000243A01200023A0F8EC307047034B1868E3
:1022200010B103689B6A1847704700BF243A012029
:10223000704710B54FF49E71044613F09AFD204686
:1022400010BD002804DD0029CCBF0020012070470C
:102250000120704710B5B1F900408A88B0F900300C
:10226000224412B2934215DA828813441BB29C4274
:1022700010DAB1F90230C988B0F90220194409B264
:102280008A4207DAC1880A4412B29342ACBF0020E6
:10229000012000E0002010BDF8B5B1F9047004463B
:1022A0000B463846B1F90610FFF7CBFFE0B9B3F99A
:1022B0000050B4F90060B54216DBB3F90230B4F94E
:1022C0000220934210DBB4F804C03D44664436B2A9
:1022D0002DB2AE4208DBE0880B44024412B21BB2BE
:1022E0009A42B4BF00200120F8BDB0F90030002BA5
:1022F00010B504DA84882344838000230380B0F976
:102300000040B0F90430091B8B42B0F90230C8BF5D
:102310008180002B04DAC1880B44C38000234380F2
:10232000B0F90210B0F90630521A9342C8BFC28009
:1023300010BD000010B5104BB3F900200F4B0C4638
:102340002046B3F90010FFF7D0FF0D4B186890B18D
:10235000036821469B6898470A4B186818B10368C0
:1023600021469B689847084B186803682146DB693B
:10237000BDE81040184710BDD2390120D4390120E2
:10238000243A01201C3A0120D8390120014B186859
:10239000704700BF283A012010B50023A0F8A430F0
:1023A000B0F88030A0F8A63004460DE0E21892F8AC
:1023B000842022B154F8230003681B6D9847B4F8B9
:1023C000A4300133A4F8A430B4F8A430B4F8A620A3
:1023D0009A42EBD810BD0022A0F8802000F18303C0
:1023E000A33003F8012F8342FBD1704770B50B4E29
:1023F000044630680D4610B103685B699847201D9C
:10240000FFF7E9FF35602B682846DB6898472368AB
:1024100020465B6CBDE87040184700BF243A01209D
:1024200000232DE9F041B0F8A410B0F880E000F1ED
:1024300083061C461D461A461AE016F801CFBCF169
:10244000000F0CD09A4208D01FFA82F850F823707F
:1024500040F82870871887F884C0013207E0B0F888
:10246000A6709942A8BF01359F42C8BF013401330D
:102470009E45E2DCB0F8A630491B1B1BA0F8A41057
:10248000A0F8A63002E0013BA0F88030B0F8803020
:102490009342F8DCBDE8F08170B5164E0446306812
:1024A00030B1037A23B984F8383103689B681DE0A2
:1024B00094F83831104D73B968B1037A5BB128686C
:1024C00010B103681B69984730680368DB68984758
:1024D000012384F8383104342046FFF75DFF20469D
:1024E000FFF79EFF286820B103685B6ABDE8704073
:1024F000184770BD203A0120243A0120034600F11C
:10250000400100221A805A809A80DA8008338B4278
:10251000F8D1A0F840207047F8B50646194B46F8A8
:10252000043B0446A82200210025304613F071FE2A
:10253000A4F8845004F1AC00FFF7E0FF04F1EE00D2
:10254000FFF7DCFFC4E94C550F49104884F83851B7
:1025500011F05CFE0E4F0F4B08B11D8006E04FF4EA
:10256000806202201A80386001F0C4FF0A4A00230A
:1025700013600A4A3B6030461360FFF72CFF204689
:10258000F8BD00BFC08F0208CDB5E8B5C2A507F4FD
:10259000243A012020000020283A0120203A01207E
:1025A000B0F84030013B9BB28B4210B5A0F84030F0
:1025B00009D900EBC30450F8333040F8313000EB58
:1025C000C1026368536010BD37B56B4683E80600EF
:1025D000B0F84020072A044608D8511CA0F8401043
:1025E00000EBC20503CB44F83200696003B030BD94
:1025F0002DE9F04F8FB00AAB83E80600994BB3F991
:102600000020994B8346B3F900100AA8FFF76DFE2E
:10261000BDF92E10BDF92C00FFF713FE002840F085
:102620002983924B1B6893F84C30022B00F02283D5
:10263000BBF8EC400BF1AC05013C0AE005EBC40132
:102640000AA8FFF729FE18B1A1B22846FFF7A8FF94
:10265000013C611CF2D1BBF8EC3002930BEBC305DB
:102660000024DDF808802E4627467AE00AA906F104
:10267000A400FFF7EFFD00286ED0BDF928E0B6F901
:10268000A4C0BDF92A20B6F9A6A0E64533DBB6F80A
:10269000A810BDF82C306144734409B21BB29942B2
:1026A00029DBBDF82E30B6F8AA1013FA82F311FA1E
:1026B0008AF152451FFA82FE9BB21FFA8AFC89B248
:1026C00009DB5B1A1BB2002BADF82E3040F3D2822F
:1026D000ADF82A100DE009B21BB299423DDBACEB1C
:1026E0000E0C0FFA8CFCADF82EC0BCF1000F40F3BD
:1026F000C182044630E052452FDBB6F8AA30BDF85F
:102700002E1053440A441BB212B2934225DBB6F892
:10271000A820BDF82C3012FA8CF213FA8EF3E6459D
:102720001FFA8EFA1FFA8CF192B29BB209DB9B1A48
:102730001BB2002BADF82C3040F39C82ADF8282062
:10274000D7E71BB212B2934207DCA1EB0A0109B230
:10275000ADF82C100029CAE7384608F1FF38083ECA
:102760000746B8F1000F81D1002C7FF479AF2FB963
:10277000BBF8EC506C1E0BEBC505EFE1BDF9283042
:10278000BDF82C900393BDF82830079303EB09069E
:10279000B3B20493BDF92A30BDF82EA00193BDF861
:1027A0002A30059303EB0A07BBB236B206933FB259
:1027B000A8464DE00AA908F1A400FFF74BFDC8B1F7
:1027C000B8F9A410039AB8F9A6308A421DDCB8F80B
:1027D000A8200A4412B2B24217DC019999429AB277
:1027E000B8F8AA3008DC1344069AA8F8A6709B1A19
:1027F000A8F8AA30204628E013441BB2BB4224DCD0
:10280000059B9A1AA8F8AA20F4E7019A9A421CDCC0
:10281000B8F8AA2013441BB2BB4216DC039B8B42C0
:102820008AB2B8F8A83007DC1344049AA8F8A46068
:102830009B1AA8F8A830DDE713441BB29E4204DBC4
:10284000079B9A1AA8F8A820D4E7A8F1080804461C
:10285000C345AFD1002C8BD0029B5C1E0BF1AC03A7
:10286000089333E1D2390120D4390120D83901202D
:1028700005F1A40841460AA8FFF70EFD18B1089813
:10288000A1B2FFF78DFE0AA94046FFF7E3FC00283E
:1028900000F01A81B5F9A430BBF8EC20029309923C
:1028A000DDE90202B5F8A480B5F8A830B5F9A610A4
:1028B000434482429BB27FDD079A0198A2EB080C49
:1028C00088421FFA8CF20FFA83FE0FFA8CFC1FDD90
:1028D0000BEBC404A6EB0E0E0598B4F8B2608BB2F5
:1028E000C51A33441BB21FFA85F8FB1A2DB205FB3B
:1028F0000EFE0CFB03F39E4502DBA4F8B25020E071
:10290000D044A4F8B0C0ADF82E80ADF82A108FE600
:10291000764523DD0BEBC4040698B4F8B2301B1ADD
:1029200001980B449DB2091A1BB2A6EB0E0E0CFBCC
:1029300001F103FB0EFE71450ADCA4F8AE70A4F8A9
:10294000B230029BADF828304A44ADF82C206FE637
:102950005544A4F8B0C0ADF82E5069E60499099822
:102960005B1A062899B21BB20DD8D5F8A400D5F889
:10297000A810A5F8A4600CAA03C2A5F8A830ADF869
:1029800034C0134681E063454FEAC4040DDB4A447A
:1029900092B25C440299ADF82C204244ADF8281064
:1029A000A4F8AC20A4F8B03042E65C444944A4F852
:1029B000B0C0ADF82C103BE6B5F8AA20019812FA89
:1029C00081F288421FFA81F892B21FDA04981B1A2A
:1029D0000698121A01989DB2091A1BB203FB01FE58
:1029E000DDE902101FFA82FC081A12B25043E4001B
:1029F00086455C4405DCA4F8B220A4F8AE704D44D2
:102A000023E0A4F8B030A4F8AC6027E00598A0EB70
:102A1000080E18B286421FFA8EFC0FFA8EFE21DADB
:102A200004981B1ADDE9025012B21FFA83F8281A23
:102A30001BB2BA1A0EFB00F05A43E40090425C4409
:102A400006DBA4F8B2E008EB0905ADF82C50EFE581
:102A5000A4F8AC60A4F8B030ADF82A10D444ADF8B6
:102A60002EC0E5E5069B0998D21A062893B212B249
:102A700011D8D5F8A400D5F8A810A5F8A6700CAB0D
:102A800003C3A5F8AA20ADF836E013E906000898BC
:102A9000FFF79AFD18E072454FEAC4040DDBD444F9
:102AA0001FFA8CFC5C44ADF82EC0C444ADF82A106B
:102AB000A4F8AEC0A4F8B220BAE55C445344A4F82C
:102AC000B2E0ADF82E30B3E5013C083D621C7FF466
:102AD000CFAE4DE6BDF92A20B5F9A660BDF92810A4
:102AE000B5F9A470B24218D1BDF92E00B5F9AA30DB
:102AF000984212D1B5F8A830BDF82C20D81900B2F0
:102B0000884202D1ADF8287003E0114409B2B942FD
:102B100022D11344ADF82C3019E0B9421CD1BDF9D3
:102B20002C10B5F9A830994216D1B5F8AA30BDF8E5
:102B30002E10981900B2824202D1ADF82A6003E04B
:102B40000A4412B2964207D10B44ADF82E30A1B21E
:102B50000BF1AC00FFF724FD013C083D631CB9D12B
:102B6000BBF8EC70072F06D8DDE90A120BF1AC00B8
:102B7000FFF72AFD7EE00BF1AC0307F1FF396FF0A0
:102B8000004A0BEBC70700250293B7F8A820B7F857
:102B9000AA3012FB03F301934B4609F1FF39C846F3
:102BA00007F1A402B8F1FF3F18BF0299106804931F
:102BB00014BF01EBC80E0DF1280E0DF1300CBEF85C
:102BC0000610BEF80460039216FB01F65168ACE8EB
:102BD000030071460CA8FCF711F8019BBDF83410F6
:102BE000BDF836001E4411FB00F18E1B0029B8BF52
:102BF0000731B6EBE10FDDE903230BDB564503DAC2
:102C000046B1B24644461D4608F1FF3818F1020F9E
:102C1000C8D102E044461D4604E0B9F1FF3FA7F1E8
:102C20000807B2D1AFB2FD0005F1AC00002C0BF1EA
:102C3000AC06584404DA01460AA8FBF7DFFF14E0AB
:102C4000A4B2E40004F1AC015944FBF7D7FF0AAB8E
:102C500003CB5C445D44C4F8AC00C4F8B010D5F8B4
:102C6000AC00D5F8B0100AAB03C339463046FFF7C5
:102C700097FCDDE40FB0BDE8F08F00BF2DE9F04F09
:102C80000446B0F93611B0F93401A3B0FFF7D9FA10
:102C9000054638B92368D4E94C121B6C2046984786
:102CA000C4E94C55B4F8EC303BB9A74B1B6893F81A
:102CB0004C309A1E5342534100E00123A34A12684C
:102CC000B2B1A34DB5F90610B5F90400FFF7B9FA92
:102CD000064668B92846FFF7C7F9236829681B6CC0
:102CE0006A68204698472E806E80AE80EE8002E0B3
:102CF000002B00F07D83974F11A8FFF7FFFB3D8865
:102D00002E460AE004EBC60311A8D3F8AC10D3F8A2
:102D1000B020FFF759FC0136B6B2B4F8EC30B3423C
:102D2000F0D80BE004EBC5032268D3F8EE10166C64
:102D3000D3F8F2202046B0470135ADB2B4F82E31B9
:102D4000AB42EFD8804E306890F84C30012B40F009
:102D50000981814AB4F8EC1012783B88012A40F0CE
:102D60008180DFF8FC81B8F8002004F1AC009346C4
:102D700005E030F93350AB45A8BFAB4601338B4279
:102D8000F7DB0F2A8CBFD5080125ADF8342004F1FC
:102D9000AC0955E0B8F80030D1F8A8100393884783
:102DA000039B8646A3EB0E0330689BB2AAEB050E8D
:102DB000734590F8802090F86E1005DD5B4503DDCB
:102DC0004AB9002937D006E02AB921B95B45B8BF16
:102DD0005B46184600E05846604BADF83400B3F946
:102DE0000030ADF83A30AAEB00000021B7F800A09F
:102DF000ADF83610ADF8380018E009EBCA0159F803
:102E00003A0049680FAA03C20DA90FA8F8F7A2FD5E
:102E1000BDF94210BDF94000FFF713FA20B922684E
:102E20000FA9926C204690470AF1010AB4F8EC20F1
:102E30005245E2DC04E003680121D3F8A43098474E
:102E4000BDF934A03068DA450168A3DC77E030F8DA
:102E5000332035F833C0624412B29245B8BF92466F
:102E6000013305E04FF0000A04F1B20004F1AE05B1
:102E70008B42ECDB394BDFF8E8901D8800230F2DE7
:102E8000CDE90D338CBFED08012504F1AC084BE012
:102E9000D3F8A83098470BEB050C03463068634520
:102EA00090F8801090F86E2009DA534507DA69B976
:102EB00062B903680121D3F8A430984734E029B9F6
:102EC00022B95345A8BF5346184600E05046A0EB30
:102ED0000B00B9F90030ADF836B00022B7F800B0F9
:102EE000ADF83420ADF83830ADF83A0018E008EB12
:102EF000CB0258F83B0051680FAB03C30DA90FA8D4
:102F0000F8F728FDBDF94210BDF94000FFF799F927
:102F100020B923680FA99B6C204698470BF1010B41
:102F2000B4F8EC305B45E2DCBDF83A30BDF836B0C1
:102F300030689B440FFA8BFBD3450368A8DB3068ED
:102F400003685B6A6CE000BFD83901201C3A01209D
:102F5000143A012020000020CA390120D239012072
:102F6000D4390120022B40F0DB80B0F88430099383
:102F7000B0F882300893036890F88170D3F8A830D5
:102F80009847B44B1B880393B34BB3F80080B34B03
:102F90001B78012B07F1FF3518BF434681464FF0E0
:102FA00000001CBFDDF80C8003931FFA85FAEDF7D3
:102FB0004DFBB8FBF7F77D430BE0306803680A214F
:102FC000D3F89C30984730680368D3F8A830984706
:102FD0008146A945F1DB0020EDF762FB1AFB07FAF9
:102FE000BBB205931FFA8AF306934FF0000B4FEA2A
:102FF00058139B4E07935D4600E0D146454500F0CF
:10300000DF8130680368D3F8A8309847814582464D
:1030100008D9BBF1000F08D030680368D3F8B83086
:103020009847CDE1BBF1000F04D0554500D2F3E73E
:103030004FF0010BB5FBF7F18BB2581C0493059BC5
:1030400010FB03F01FFA80FEBBF1000F05D00AEB66
:1030500007024245A8BF424602E0069BAAEB0302D4
:10306000089892B2724594BFC5EB0203C5EB0E03FC
:103070008342A8BF034609981FFA83F9814505D208
:1030800015FA83FCE04501D072453ED90120CDE917
:103090000A31EDF7DBFA30680B99026809B2D2F811
:1030A000982090476D4A0A9B1278BDF90C10012AAE
:1030B0001BB24FF000000CD1A8EB0502A2EB0902F5
:1030C000ADF83C20ADF83E00ADF84030ADF8421010
:1030D00007E0ADF83C00ADF83E50ADF84010ADF85B
:1030E000423023680FA920469B6C98473068049BA8
:1030F0005942036809B2D3F898309847A94401208F
:103100001FFA89F5EDF7CCFA77E7306803689B6A18
:103110009847306807990368D3F89C3098476CE764
:10312000032B40F031814D4BB0F986801B78012B89
:1031300004F1AC0A40F01B8185E03B88B4F9AC2077
:1031400004F1B0010133039104F1B2019BB24FF0DD
:103150000009049129E025443AF933E0B5F8B010AC
:10316000B5F8AC000844039931F83310714400B24B
:1031700009B288429C4604DA86457246B8BF0246C8
:1031800011E00CD10499B5F9B20031F9331088423D
:10319000B4BF9C46CC467245B8BF724603E08A4233
:1031A000B8BF0A46CC460133E14699B28B454FEA97
:1031B000C905D0D861190FABD1F8AC00D1F8B01067
:1031C00003C3BDF94030BDF83C104345B8BFBDF95D
:1031D0003C20ADF83C200B449B1A0FA8ADF84030C2
:1031E000FEF75CFFBDF94030BDF942101846FFF70D
:1031F00028F840BB30688845ACBF89B21FFA88F117
:1032000002680091D2F894B0BDF83C10BDF83E20A1
:103210009BB2D8478346ADF842000FA8FEF724FFC3
:103220002368254420469B6C0FA99847B5F8B00049
:10323000A0EB0B0000B2A5F8B00020B91FFA89F18D
:103240005046FFF7ADF9B4F8ECB0BBF1000F7FF4D6
:1032500074AFB5E0D2390120D4390120CA39012038
:10326000D8390120B4F8B250B4F8AE3003991D44F7
:103270002DB210464FF0000924E02644B1F9AEE02B
:10328000B6F9AE307345844604DDB1F8B2507544EA
:103290002DB20CE00FD1B6F9B0E0B1F9B060B6458F
:1032A000B4BF8446CC46B1F8B26033441BB29D42F1
:1032B000A8BF1D4603E07545A8BF7546CC46013042
:1032C0000831E14683B29B454FEAC906D5D80AEBDF
:1032D00006002644B0F90610B6F9B230B0F9040081
:1032E0004345BEBFB6F8AE50ED182DB2FEF7A9FFAC
:1032F0000028B7D1B6F9AE20ADF842003E48B6F985
:10330000B0C0B6F9AC100068ADF83C10AD1A454538
:10331000ADF83E20ADF840C0A8BF4546D0F800E06B
:10332000ADB29BB29D4294BF0095009392B21FFA3A
:103330008CF3DEF8945089B2A8472368ADF84200B8
:103340009B6C0FA920469847BDF84220B6F8AE30D6
:103350001344A6F8AE30B6F8B2309B1A1BB2A6F8EA
:10336000B23023B91FFA89F15046FFF719F93A88AC
:10337000B4F8ECB0013292B204EBC2030393BBF198
:10338000000F7FF46FAF1BE03D8815E004EBC50232
:103390000FABD2F8AC00D2F8B01003C3BDF94210A5
:1033A000BDF94000FEF74DFF20B923680FA99B6CC3
:1033B000204698470135ADB2B4F8EC30AB42E5D8C1
:1033C0000E4B1B78A3B10023A4F82E310C4BEE3426
:1033D0001D8809E022AB03EBC50353E91112204617
:1033E000FFF7F2F80135ADB2BDF88430AB42F1D849
:1033F00023B0BDE8F08F00BFD8390120CC390120BF
:1034000020000020034B00221A805A809A80DA8024
:10341000704700BF143A01202DE9F04F05469FB0D8
:1034200005A8144603911E4601F0D3F92B682846DF
:10343000DB6C98472B6807461B6D284698473B4630
:1034400000903246214605A801F01AFA00263446BB
:10345000B04637464FF6FF6A42F20B0B0023544545
:10346000049302D05C4518BF2646039904AB2A4654
:1034700005A801F0F1FC044608B10A2804D1B845BA
:1034800038BFB846002713E0049A002AE6D0537BE1
:1034900092F80A9094885B0003F4807349EA030968
:1034A0002B6831465B6C284698474844384487B2BD
:1034B000002CD3D140461FB0BDE8F08F08B503689B
:1034C000DB68984728B1437B807A5B0003F4807304
:1034D000184308BD0EB4F0B59EB023AB044653F8B4
:1034E000046B039305A801F074F923682046DB6C94
:1034F0009847236805461B6D204698472B46009049
:10350000039A314605A8002501F0BAF904951CE09C
:103510000A281AD00498C0B1477B027AC079E388A0
:10352000FE0006F480763901324301F480717E0694
:1035300048BFA2F5007241EA000148BF12B20B4435
:103540009B1A1BB29D42B8BF1D4604AB2246002108
:1035500005A801F081FC0028DAD1A8B21EB0BDE8B0
:10356000F04003B07047437A8288981880B2704761
:1035700003681B6B18470EB470B59DB021AB0446B1
:1035800053F8046B029303A801F023F92368204643
:10359000DB6C9847236805461B6D204698472B46F1
:1035A000029A0090314603A801F06AF903A801F0DD
:1035B0001EFD0124034607E00A2B04BF013004B2BC
:1035C00003A801F014FD0346A0B2002BF4D11DB0F6
:1035D000BDE8704003B070470EB470B59FB023AB28
:1035E000044653F8046B039305A801F0F2F823682E
:1035F0002046DB6C9847236805461B6D204698479C
:103600002B46039A0090314605A801F039F90021B4
:1036100004AB224605A8049147F6FF7501F01CFC97
:103620001AE00A2812D0049B83B1587B1B7AE288E7
:10363000C10001F480710B43410644BFA3F5007340
:103640001BB2D31A1BB29D42A8BF1D4604AB224633
:10365000002105A801F000FC0028E2D128461FB097
:10366000BDE8704003B0704707B5036882681B6906
:103670000021CDE900126946984703B05DF804FBCC
:1036800038B50B680C46DB6805469847236820462A
:10369000DB6A29469847284638BD10B40A888488D2
:1036A00022440A80C4884A8822444A80406920B162
:1036B00003685DF8044BDB6A18475DF8044B7047FC
:1036C00070B582880B8813440B80C2884B880C46E7
:1036D00013444B800546011D2046F8F73BF9B4F929
:1036E0000430002B0BDDB4F90630002B07DD6869D0
:1036F00028B1036821469B6ABDE87040184770BD39
:1037000070B582880B8813440B80C2884B880C46A6
:1037100013444B800546011D2046F8F71BF9B4F908
:103720000430002B19DDB4F90630002B15DD686973
:1037300028B1036821461B69BDE870401847074B54
:103740001B6804339D4208D1FEF720FE0368216800
:1037500062681B6CBDE87040184770BD243A0120B8
:1037600051EA020370B504460D46164611D00368AF
:103770009B699847E388F218A388E918204612B29B
:1037800009B2F0F7EBFF236820469B69BDE8704063
:10379000184770BD10B50446084600232380638097
:1037A0000368B0F90A20B1F90810A180DB6AE28051
:1037B00021469847204610BD704710B51C2104468D
:1037C00012F0D7FA204610BD044A02600022C0E978
:1037D0000122C0E90322C0E90522704714900208C3
:1037E0002DE9F04F044685B01846138800939046A3
:1037F000E368628B0391551C03EB8203009AB0F9D6
:10380000001012F00102ADB2019218D007EE901A2A
:10381000B8EEE75A658383ED005AB0F90230628B47
:1038200007EE103AE368511CB8EEC77A618303EBE8
:103830008203002104EE901A83ED007A24E004EE66
:10384000901AB0F90420B0F9021014EE907A3A44BC
:1038500005EE102AB0F906206583B8EEC55AF6EEDB
:10386000007A0A4407EE102A25EE275AB8EEC77AE6
:1038700083ED005A638BE26827EE277A5D1C02EB2A
:103880008302658382ED007A258BA2686B1C2383FB
:1038900001235355002207EE902A06EE902A06EEE9
:1038A000102A04309A461D4694464FF0050EB6EE97
:1038B000004ABAE0009E46FA05FB0BF001060296AC
:1038C000B0F9006006EE106AB0F902601BF0010F5B
:1038D00006EE906A44D007F1010BF8EEC63AF8EE16
:1038E000E65AA4F818B0BAF1000F04D04FF002065F
:1038F00009F807601DE009F807E0B4F81A90E768D6
:10390000B8EEE73A09F1010A07EB8907A4F81AA013
:1039100087ED003A03EE102AB4F81A90E768B8EE83
:10392000C33A09F1010A07EB8907A4F81AA087ED49
:10393000003AB4F81A90E76809F1010A07EB890721
:10394000A4F81AA0C7ED003AB4F81A90E76809F194
:10395000010A07EB8907A4F81AA0C7ED005A54E042
:10396000BAF1000F04D016EE902AF0EE467A4CE041
:1039700007F1010AA4F818A009F807E0B4F81A90B2
:10398000E768F8EEE75A09F1010A07EB8907A4F89E
:103990001AA0C7ED005A05EE902AB4F81A90E7680D
:1039A000F8EEE55A09F1010A07EB8907A4F81AA015
:1039B000C7ED005AB4F81A90E76809F1010A07EB5D
:1039C000890717EE906A16EE109A4E4407EE906A39
:1039D00016EE906AF8EEE77A324467EE847A05EEE6
:1039E000902AA4F81AA0F8EEE55AC7ED007AB4F8C8
:1039F0001A90E76865EE845A09F1010A07EB890716
:103A0000A4F81AA0C7ED005AADE70135102D08BF84
:103A10000CF1010CDDF808A004BF38F81C5000952B
:103A200003F1010308BF00250430039E278BD4F85F
:103A300008909E423FF73EAF7B1CBAF1000F19D0B1
:103A4000B8EEC66AB4EE456AF1EE10FA06D1F8EEA9
:103A5000E66AF4EE476AF1EE10FA0BD0019A9BB2D7
:103A600023831AB1022309F807306FE0052309F810
:103A7000073055E09BB20525238306EE902A09F80E
:103A80000750019EE368B8EEE76AF8EEE66A7EB199
:103A9000628B511C03EB8203618383ED006A628BAE
:103AA000E368511C03EB82036183C3ED006A4DE0C0
:103AB000668B771C03EB8603678383ED006A668B56
:103AC000E368771C03EB86036783C3ED006A668BAC
:103AD000E368771C678303EB860314EE907A17EE96
:103AE000906A3E4407EE906AF8EEE77AF6EE006AD6
:103AF00067EEA67A0A44C3ED007A07EE902AF8EE44
:103B0000E77A668BE36867EEA67A03EB8603771C99
:103B10006783C3ED007A238BA2685E1C2683D5548D
:103B2000628BE368F8EEE47A551C03EB820365834D
:103B3000C3ED007A07EE901A628BE368F8EEE77A3D
:103B4000551C03EB82036583C3ED007A628BE36847
:103B5000511C03EB8203618383ED005A628BE3689F
:103B6000511C03EB8203618383ED007A05B0BDE84D
:103B7000F08F00002DE9F0478EB00446169E9DF8A8
:103B800064A01A9F894615469846EDF723FB6060AE
:103B9000B8F1000F00F0E880002800F0E58005A8EB
:103BA00000F0F9F8336830469B6D984705A8F0EEB1
:103BB000400A00F0F4F86068BAF1030F00F28F8059
:103BC000DFE80AF0020E346403682A469B6849461F
:103BD0009847DDED1B7AF8EEE70A07EE907A79E078
:103BE000B5F906106A88B9F80430ADF810100A4427
:103BF0009B1AADF80C302B88ADF80E30AB88ADF8C1
:103C00001230036803AA9B68494698479FED580AFB
:103C100005A800F0E9F8B9F904301B9A07EE907A8C
:103C20009B1A00EE103AF8EEE70A2CE0B5F9041002
:103C30002A88B9F80430B5F906C0ADF810100A4466
:103C40009B1A6A88ADF80C30B9F80630ADF812C08E
:103C500062449B1AADF80E30036803AA9B6849467C
:103C600098479FED440A05A800F0BEF8B9F9063060
:103C70001B9A9B1A00EE903AB9F90430DB1B00EE58
:103C8000103AF8EEE00AB8EEC00A25E0B5F90410E3
:103C90006B882A88ADF80C30B9F80630ADF81210F0
:103CA0000A449B1AADF80E30EB88ADF8103003686B
:103CB00003AA9B68494698479FED2F0A05A800F084
:103CC00093F8B9F90630DDED1B7ADB1B00EE903A74
:103CD000F8EEE00AB8EEE70A05A800F0D3F860684D
:103CE000036805A95B6B984760681799036841F002
:103CF0007F419B6A984760689DF860100368DB6AA3
:103D00009847606803680121DB680026984738F807
:103D1000027BA66104F1100304F1080204F114010E
:103D200004F10C00F1F714FE0DE04246204632F893
:103D3000021B01F10F03C3F3071302EB4303FFF769
:103D40004FFD01368046B742EFDC60680022036811
:103D50000192628B00921D6A228BE368A168A847DA
:103D600060680368DB6998470EB0BDE8F08700BF64
:103D70000000B442000034430000874300234FF0AA
:103D80007E52026043608360C3600261436183616D
:103D9000C3610262704708B5FFF7F0FF08BDD0EDC0
:103DA000007A67EE807AC0ED007AD0ED017A67EE96
:103DB000807AC0ED017AD0ED027A67EE807AC0EDAC
:103DC000027AD0ED037A67EEA07AC0ED037AD0EDE7
:103DD000047A67EEA07AC0ED047AD0ED057A67EE3A
:103DE000A07AC0ED057A704710B5DFED247A20EE99
:103DF000270ADFED237A2DED028BC0EE278A0446D9
:103E0000B0EE680A11F098F8B0EE408AB0EE680A99
:103E100011F0D6F8D4ED036AD4ED004A94ED047A9B
:103E200094ED015AD4ED025A60EE667A66EE886A25
:103E3000E8EE247AE0EE246AC4ED007A60EE477A78
:103E400027EE087AE8EE057AA0EE057AC4ED017A4D
:103E5000D4ED057AC4ED036A20EE676A67EE887ACE
:103E6000A8EE256AE0EE257A84ED026A84ED047AF4
:103E7000C4ED057ABDEC028B10BD00BFDB0F4940DD
:103E80000000344390ED066AD0ED007AD0ED076A69
:103E900090ED087AE6EE007AC0ED007AD0ED017A76
:103EA000E6EE807AC0ED017AD0ED027AE7EE007A94
:103EB000C0ED027AD0ED037AE6EE207AC0ED037A07
:103EC000D0ED047AE6EEA07AC0ED047AD0ED057A62
:103ED000E7EE207AC0ED057A7047D0ED017A90EDDB
:103EE000007AD0ED026A60EEA77A84B0E7EE007A3D
:103EF00090ED047A60EE870A90ED037AE7EE000A0F
:103F000090ED057A37EEA60A70EE870A04B0704786
:103F100030B58380BDF80C30C3809DF8103003723B
:103F20009DF8143043729DF818309DF81C50416183
:103F300003F07F0343EAC51383729DF82030C372F8
:103F40009DF824300373BDF82830C381BDF82C30B0
:103F50000382024B0360028330BD00BF2890020839
:103F6000F0B50346406900283DD01A8B8388CB1AF0
:103F700002F1FF3236D493420CDD0E2303FB020321
:103F80009B885B1AD31A9A422CDB002BBCBF02EB36
:103F9000D2735B1000240E251FE005FB0306B788D3
:103FA000B9421DD00BD25A1E94421BDC36F80A3C93
:103FB0005B1AD31A9A4215DB9C420EDD09E05C1CA9
:103FC000A2420FDB738ACB1A23449C420ADC9A423A
:103FD00003DA131903EBD3735B109442DDDD01E0C8
:103FE000304600E00020F0BDF8B5054617461E46F5
:103FF00009B9002423E00A29FBD04FF6FF63994258
:10400000F7D042F20B039942F3D0FFF7A9FF2B68D8
:10401000044648B91B692846984701462846FFF7D9
:104020009FFF04460028E4D02B682146DB6D28461C
:10403000984738602B682846DB6B984730702046DD
:10404000F8BD0346C0B1B0F5803F36BF0304002081
:104050001020B3F1807F3CBF1B020830B3F1805FBA
:104060003CBF1B010430B3F1804F3CBF9B000230CA
:10407000002B02DB01307047202070472DE9F74FFD
:104080000C4615461E46014608B93CE01946E4B305
:104090000846FFF7D6FF58B92046FFF7D2FF0028A1
:1040A00023460C46F2DC4FF0FF316FF000442DE068
:1040B00034FA00F805D16143B1FBF5F405FB1411A6
:1040C00024E0012301FA00FA03FA00F00138334634
:1040D0002A462040FFF7D2FFBAFBF5F9834601AB31
:1040E00005FB19A12A464046FFF7C8FF019B31682E
:1040F00008FB09F71944B1FBF5F31F445F44C419E9
:1041000005FB131102E0044600E021462046316021
:1041100003B0BDE8F08FF7B50C46011EBABF4942A7
:104120004FF0FF350125002CBCBF64426D42002AD0
:10413000BABF52426F422F46A1421E46DCBF234601
:104140000C462046D8BF194601ABFFF797FF019BED
:1041500078436B43336003B0F0BD73B5064601ABE3
:104160000D461446FFF7D7FF002E03DB14BF0122D4
:10417000002201E04FF0FF32002D03DB14BF0123CA
:10418000002301E04FF0FF33002C02FB03F303DBBD
:1041900014BF0122002201E04FF0FF325343012BF4
:1041A0000DD1019B002CB8BF6442002B04F1010427
:1041B000B8BF5B42B3EB640F0EDB01300CE05BB1C8
:1041C000019B002CB8BF6442002BB8BF5B42B3EB2D
:1041D000640FC8BF00F1FF3002B070BD002070470F
:1041E0000120704702207047704770477047704742
:1041F00010B50C21044611F0BCFD204610BD10B5D1
:104200001021044611F0B5FD204610BD10B50C215B
:10421000044611F0AEFD204610BD10B53C21044609
:1042200011F0A7FD204610BD70B5036B8AB004469F
:104230000D4613B10B79002B47D0261D314603A83C
:10424000FFF7A8FA2B79A3B92A89BDF80E30E988BF
:10425000D21ABDF80C30C91A04F13603019304F1E7
:104260003403009312B204F1300309B23046F7F779
:1042700097FA216B49B305A8FFF78CFABDF8143003
:10428000BDF80C20BDF8160029798DF82010D21A3F
:10429000EB881A44A38E1A44BDF80E30ADF82220E4
:1042A0001B1A28890344E08E03440948079000261E
:1042B000206BADF82430ADF82660036807A95B6C6D
:1042C00098472B790BB1C4E90C660AB070BD00BFEA
:1042D0009090020830B50D46016B87B0044601B3DB
:1042E00001A8FFF757FA2A89BDF804302879B5F9F3
:1042F00006108DF81000D21AA38E206BADF81210A4
:104300001A446B89BDF80650ADF814205B1BE58E8E
:104310002B44054D0395ADF81630036803A99B6C3B
:10432000984707B030BD00BFB8900208F0B50C4602
:10433000016B89B0054600296DD06846FFF72AFA5F
:10434000AA8EE388BDF9006013441BB2B34230DB90
:10435000BDF8047037443FB2BB422ADAEB8E2089A5
:10436000BDF902C0184400B2604522DBBDF806105A
:10437000614409B288421CDA6089024412B2B24236
:10438000B4F90C0007DBBA4205DA03441BB26345FB
:1043900001DB8B420DDB214B049302238DF814309B
:1043A000286B0023ADF816300693036804A95B6CF4
:1043B0009847291D02A8FFF7EDF9BDF80820E3880A
:1043C000AF8EBDF802102079B4F80AE0B5F836C017
:1043D0008DF81400921B13FA82F3FE18BDF80A3010
:1043E000286BADF816605B1A2189A48911FA83F154
:1043F0001EFA82F214FA83F361446344084CADF868
:1044000018103A440494ADF81A20ADF81C30036833
:1044100004A9DB6C984709B0F0BD00BF909002087A
:10442000A490020837B5044634F90C2F01320CD1A0
:104430008268036800216D46CDE900129B6A294617
:10444000984795E8030084E80300204603B030BD98
:1044500013B5B0F920300133044605D10146684652
:10446000FFF798F9009B2362B4F9200002B010BD59
:1044700013B5B0F922300133044605D10146684630
:10448000FFF788F9009B2362B4F9220002B010BD47
:1044900070B5144B03600023C0E90233C0E9043354
:1044A000C0E90633C0E90833C0E90B3343634FF476
:1044B00080720123028580F838300B4A0B4B426032
:1044C000B3F90060936B0A4A0446051DB2F9001067
:1044D0002846984763682846DB6B31469847204654
:1044E00070BD00BFCC90020884890208D239012037
:1044F000D439012007B5094BB3F90020084BADF8BA
:104500000420B3F90030ADF80630036800210091B3
:104510009B686946984703B05DF804FBD4390120D5
:10452000D23901202DE9F04F1546B1F90420B1F937
:104530000630002A89B080460C4640F3E980002B03
:1045400004DCE5E01D46002B00F0E2802846FFF782
:1045500069FF2146FDF77EFEEB690028F2D006AE2A
:10456000002B00F0AC802B682946DB6802A8984736
:104570002846FFF76DFFBDF80830C7182846FFF73B
:1045800077FFBDF80A303FB21844ADF8107004AFA1
:10459000039BADF81200214638460593F7F7DAF988
:1045A0002846FFF73FFF034697E8030086E803002D
:1045B00019463046F7F7CEF9BDF91830B4F90010B6
:1045C000BDF91AA0BDF91CB0BDF91E908B420BD1EC
:1045D000B4F90220524507D1B4F904205A4503D159
:1045E000B4F906204A456AD0BBF1000F02DDB9F1EB
:1045F000000F02DCEA6921465EE0B4F902201FFAEE
:104600008AF05245009012DA0193009BB4F904003D
:10461000ADF81A209A1AADF81810ADF81C00ADF8D4
:104620001E20EA6931464046FFF77CFF019BB4F942
:1046300000209A429FB20DDAADF81820BA1AADF8F0
:104640001AA0ADF81C20ADF81E90EA69314640462C
:10465000FFF768FF2288A3885F4413449AB2B9B277
:104660001BB23FB2BB420DDD531AADF81870ADF866
:104670001AA0ADF81C30ADF81E90EA6931464046EC
:10468000FFF750FFE38862881A44009B4B4491B2C5
:1046900098B212B21BB2934211DAB4F90420ADF809
:1046A0001A30B4F90070ADF818700B1AADF81C2070
:1046B000ADF81E30EA6931464046FFF733FF284621
:1046C000FFF7B0FE616802462068334603C3114617
:1046D0003046F7F73FF9BDF91C20BDF91E30002A1E
:1046E00016DD002B14DD2846FFF7B2FEBDF81830AA
:1046F0001B1A2846ADF81830FFF7BAFEBDF81A307D
:104700001B1AADF81A302B6831469B68284698472B
:1047100009B0BDE8F08F70B50C4686B0061D0023C9
:104720003146054602A80193FFF734F8BDF808307A
:104730002288BDF80A10B4F90400ADF81400D21AAA
:104740006388ADF810205B1AB4F90610ADF81610A6
:1047500001AA04A93046ADF81230F7F776F9019AAC
:104760001AB121462846FFF7DDFE06B070BD1FB521
:1047700004460A468068E1686B4603C311466846F2
:10478000F7F7E8F894F8383023B169462046FFF788
:10479000C2FF16E00434214602A8FEF7FBFFBDF875
:1047A0000030BDF808209B1AADF80030BDF80A2093
:1047B000BDF8023069469B1A2046ADF80230F7F783
:1047C00007F904B010BD0B6802469B690846111D2D
:1047D000184738B5002502230446C0E90055C0E952
:1047E0001155037445610576C5830584C586058723
:1047F000C587A0F840500E2229464C3011F009FD23
:1048000001232046A4F85A50E565A4F86030F1F77A
:104810002DF8204638BDC38E00EB4300408CB0FA23
:1048200080F04009704710B50024436813B903684D
:1048300023B34360037E3BB1436923B11A8812B1AD
:104840009A1C426107E0047643681988B1B19A1C4A
:104850000229426001D0188811E0037C012BE4D8C2
:104860005A1C0233027450F823304361002BDCD011
:104870001B88002BD9D001230376D6E7002010BD7A
:1048800030B401600021416015688560526843645E
:10489000029BC26030BC01744161017601870184D2
:1048A000A0F840108364F0F7E1BF08B410B585B0FC
:1048B000134607AA52F8044B00940392FFF7E0FF57
:1048C00005B0BDE8104001B07047F0B50446084699
:1048D000E9B104F14C050A4601F108072B461068BE
:1048E00051682E4603C60832BA423546F7D11068E1
:1048F00030609288B28094F8591094F8522049019F
:1049000001F480710A43524284F855201846F0BDE4
:1049100010B5104612680C46D26819469047002818
:1049200008BF204610BD00002DE9F04105468E4627
:1049300014461AB9A0F85A20C2652BE1517BB2F88F
:1049400004C0E7790A0102F48072174340F63A6224
:1049500094454FEAD7060B46BFB20BD840F63762F4
:10496000944555D840F63162944507D0ACF6346290
:10497000032A02E0ACF64762072A74D805F14C021C
:10498000234604F108081446186859689446ACE8B0
:104990000300083343456246F6D11868CCF800009E
:1049A0009B88ACF80430EB8E05EB4303598C40F642
:1049B0003363994211D1DEF800307046DB689847C6
:1049C000417B037ACA0002F4807213434A0644BF53
:1049D000A3F500731BB2A5F85A30B5F85A203A4433
:1049E000324413B285F8542095F85920A5F85A306E
:1049F000DB1022F0600203F06003134385F85930A6
:104A0000B5F85E2095F855309B1A85F85530C1E011
:104A100000F14C02234604F1080E14461868596848
:104A20009446ACE80300083373456246F6D1186833
:104A3000CCF800009B88ACF80430B5F85C2095F801
:104A40005910931B9BB285F8543043F3CC0321F0EB
:104A5000600103F06003D21B0B43921B85F85930B1
:104A6000A5F85C2096E0ACF61B6292B2042A37D817
:104A7000152020FA02F2D60732D505F14C02234662
:104A800004F10808144618685968164603C6083326
:104A900043453246F7D1186830609B88B3800CF1EB
:104AA000FF339BB2724621462846FFF731FF417B18
:104AB000037ACA0002F480721343480644BFA3F588
:104AC00000731BB2A5F85A3095F8593095F8562066
:104AD0005B0003F480731A43530903EB920349E02C
:104AE000DB0003F48072237A490643EA0203ACF642
:104AF000096248BFA3F5007392B248BF1BB2102AE7
:104B0000A5F85A3035D8254BD34013F0010331D0E6
:104B100005F14C0304F108069846206861681A46BE
:104B200003C20834B4421346F7D120681060A2884B
:104B30009A8095F8592095F85630520002F4807208
:104B400043EA020640F613639C451ABF0CF1FF339B
:104B50009BB240F60C63724641462846FFF7D8FEEA
:104B6000437B827A5B0003F4807313434446F31A59
:104B700000E00023A5F85E30617B237ACA0002F4CE
:104B8000807213434A0644BFA3F500731BB2DB1BBC
:104B9000A5F85C302046BDE8F08100BF01040100AB
:104BA0002DE9F04303463AB94FF40041A0F85A10FA
:104BB0004FF08021C16542E1557BD47991882E0167
:104BC00006F480763443042C40F2ED66CCBF4FEA05
:104BD000940E4FF0010EB14228464DD840F2D566F2
:104BE000B1421DD840F25666B1423FD840F24A6603
:104BF000B14229D840F21966B14232D8B1F5C26F3C
:104C0000C0F0FF803EE0012606FA01F18D4E0E4015
:104C1000002E37D18C4E0E40002E40F09180F0E0F7
:104C2000A1F2D6618EB20121B140884E0E404EBB3A
:104C3000874E14E0012606FA01F1864E314221D159
:104C400011F4907F7CD1DCE0A1F24B618EB20121A6
:104C5000B14040F2DB36314214D140F624463142B5
:104C6000F0E740F21A66B1426AD0CAE0A1F2576199
:104C700089B21D29DED9C4E0A1F6E40189B21A295E
:104C8000C1D9BEE0B3F95A6016F5004F11D1B3F99E
:104C90005C1011F5004F0CD1117AC00000F4807047
:104CA0000143680644BFA1F5007109B2A3F85A1088
:104CB0005AE003F14C0C174602F1080865463868C3
:104CC0007968E646AEE8030008374745F446F6D172
:104CD0003868CEF80000B988AEF80410B3F95E0069
:104CE00010F5004F09D0517B9279490101F4807190
:104CF0000A43A0EB520083F8550016F5004FA4B20A
:104D00000ED0A21993F8591092B283F8542042F3AE
:104D1000CC0202F0600221F060010A4383F85920BE
:104D200093F8590093F85420C10001F480710A43AC
:104D3000410644BFA2F5007212B2A3F85A205BE00C
:104D4000B3F95A10B3F95C6011F5004F10D116F5A4
:104D5000004F0DD1117AC00000F4807001436F063E
:104D600044BFA1F5007109B2091BA3F85C1066E00D
:104D700003F14C0C174602F108096546386879685A
:104D8000E046A8E8030008374F45C446F6D1386826
:104D9000C8F80000B988A8F80410B3F95E0010F54F
:104DA000004F09D0517B9279490101F480710A4387
:104DB000A0EB520083F8550016F5004F0FD0A6EB7C
:104DC0000E0293F8591092B283F8542042F3CC02A9
:104DD00002F0600221F060010A4383F8592093F841
:104DE000590093F85420C10001F480710A4346062B
:104DF00044BFA2F5007212B2121BA3F85C202A462F
:104E00001DE0117AC00000F480700143680644BFC1
:104E1000A1F5007109B2A3F85A10091BA3F85C10A0
:104E2000507B9179400100F48070014349000520D6
:104E3000B1FBF0F192F909000144A3F85E101046AD
:104E4000BDE8F083DBB19B07244E64003F5E660043
:104E500000209000DF0000222DE9F0411E46C38EA5
:104E600000EB43030446B3F822801746F0F7BCFC7E
:104E7000054608B9306034E03B680146DB683846D7
:104E80009847A8F5C063B3F5407F0246306005D26D
:104E9000434639462046FFF783FE14E0A5F56063DC
:104EA0009BB27F2B04D839462046FFF73DFD0AE030
:104EB00094F8613043B140F602139D4204D101469B
:104EC0002046FFF702FD3060336843B15A7B9B7A7E
:104ED000520002F4807213430CBF0123002384F8B4
:104EE00061302846BDE8F0812DE9F8431E46C38EA7
:104EF00000EB43030446B3F822801746F0F774FC36
:104F0000054608B9306037E03B680146D3F80890A1
:104F10003846DDE90823C847A8F5C063B3F5407FEC
:104F20000246306005D2434639462046FFF738FE38
:104F300014E0A5F560639BB27F2B04D83946204668
:104F4000FFF7F2FC0AE094F8613043B140F6021337
:104F50009D4204D101462046FFF7B7FC306033681C
:104F600043B15A7B9B7A520002F4807213430CBF08
:104F70000123002384F861302846BDE8F88338B562
:104F8000044603E00A3B04EB43035D84B4F840208D
:104F9000238F42B30A2B26D0E08F013A04EB400165
:104FA00092B24D8FA4F840205A1C411C2287E28EF9
:104FB00089B20129134488BF00F1FF309BB288BF3A
:104FC00081B2092BE187DED9DCE72046FFF72BFC15
:104FD0006B1C2387E38E1D44ADB2092D88BF0A3DAB
:104FE00004EB45056884258F0A2DEED138BD38B510
:104FF000C18E028F00EB4103013A5D8C4B1C9BB2CA
:10500000092B88BF0939044688BF8BB292B2C38688
:105010000287FFF7B4FF238C012B9CBF013323844D
:10502000E38B0BB90223E383E38B013B9BB2E38366
:1050300004EB43042846658338BD8A42F0B50D462B
:1050400008D8018F491B0187C18E294489B20929DB
:105050002BD82CE0511AC78E89B200264FF0020CD3
:105060001DE0013CA4B204873C44A4B2092C88BFD3
:105070000A3C00EB4404B4F822E0B0F840400134AC
:10508000A0F84040C48F0CB9A0F83EC0C48F013CCA
:10509000A4B2C48700EB44040136A4F83AE01FFA36
:1050A00086FE8E45048FDCD3CBE70A3989B2C186F0
:1050B0000A2410E0018F013A92B2013133F8125004
:1050C0000187C18E01B9C486C18E013989B2C186FA
:1050D00000EB41014D84002AECD1BDE8F040FFF720
:1050E0004EBF70B5002510E0C48B31F8026B013C57
:1050F0001444641BA4B2012C88BF023C00EB44049E
:10510000648BB4421BD10135ADB29542ECD1BDF8F0
:105110001020002413440DE0C68E31F814503244A0
:1051200092B2092A88BF0A3A00EB42020134528C3B
:10513000AA4204D1A2B29A42EEDB012000E0002094
:1051400070BD2DE9F74F064617460C4634F8023B72
:105150001D0B34F81520BA4221D1C3F30319C3F350
:10516000032A03F00F0BCDF8009053462A46214640
:105170003046FFF7B6FF804650B105EB0A034B44BB
:1051800004EB43035A4651463046FFF756FF08E00A
:105190000BEB050353444B4404EB4301D5E74FF0BD
:1051A0000008404603B0BDE8F08F70B51088984203
:1051B00018D8481E32F82000984213D300240FE07C
:1051C00060184010850032F82060B34202D90130E7
:1051D00084B205E001D281B202E02A44508802E0A4
:1051E0008C42EDD3002070BDF8B5466C778804463C
:1051F0007F080B2510E0E38E04EB430332465B8C03
:1052000039462046FFF7D1FF40B106EB40011A4670
:105210002046FFF796FF08B1013DECD1F8BD000034
:10522000F7B58F6A4D69CA6A4E68ED1BA6EB020698
:1052300006D033462EB16B4348BF0F331B1100E03D
:105240002B460C6801948C69A21A019CE41B06D0C1
:1052500017462AB1674348BF0F373F1100E0274682
:10526000DB1B07EE903A9FED646AF8EEE77AF7EE03
:10527000006A67EE867A034686EEA71A00F10C07ED
:10528000F1EE411AD1ED027A86EEA77A143151ED92
:10529000027AA3EC017A67EE877ABB42C3ED027A09
:1052A00051ED017A67EE877AC3ED057AEAD107EE10
:1052B000906AF8EEE73A07EE902AF8EEE76A07EE12
:1052C000904AF8EEE77A90ED027A90ED003A90ED90
:1052D000015A90ED082AD0ED070A27EE864A07EE1C
:1052E000905AF8EEE77A35EE475A66EE866A67EE30
:1052F000867A33EE477A63EE863A66EEC75A27EE31
:10530000C77AE5EE235AA5EE047A90ED046A90ED93
:10531000035A67EE214A90ED057AC0ED0A4A36EE4F
:10532000476A35EE477A70EEC20A66EEC72A27EE64
:10533000C77AE6EE232AA6EE047A90ED066A36EEE8
:10534000422A65EE815A67EEC27A62EE812AE0EE69
:10535000847A25EE654A66EEC26AA3EE224AE0EE42
:10536000A36A27EE217AB5EEC04AF1EE10FA66EE96
:10537000816A67EEA17AC0ED095AC0ED0B2A80ED73
:105380000C7A0EDC10D425EE645A47F6FF73A3EEB8
:10539000075AB5EEC05AF1EE10FAA8BF4FF4004319
:1053A00004E04FF4004301E047F6FF7366EE655AF0
:1053B000C0ED0D6AE3EE265AC363C0ED0E7AF5EE3A
:1053C000C05AF1EE10FA0EDC10D426EE646A47F6ED
:1053D000FF73A3EE276AB5EEC06AF1EE10FAA8BF1C
:1053E0004FF4004304E04FF4004301E047F6FF733D
:1053F000036403B0F0BD00BF0000803D2DE9F04123
:1054000014275F439C46D3195D6815F10F0601D43C
:10541000361109E0C5F1010616F00F0605F11E036D
:1054200018BF0126C6EB2316069C466114235C4375
:105430001319D3F804E01EF10F0301D41B1109E086
:10544000CEF1010313F00F030EF11E0818BF012364
:10545000C3EB28139B1B8361002B00F08E80D75970
:105460001459E41B06FB04F804FB05F2AEEB050E31
:10547000C2EB08120EFB0722013A02EB0E12002AC1
:105480004FEA0E1392FBF3FEC0F800E002DB03FBD1
:105490001E220BE0524292FBF3F803FB182202613A
:1054A0002AB10EF1FF3EC0F800E09A1A0261240111
:1054B000002C94FBF3F2426002DB03FB124409E090
:1054C000644294FBF3FE03FB1E4484601CB1013A6A
:1054D00042601C1B8460C360C5EB061307EE903A64
:1054E0000368DFED276A91ED0A6AD1ED095A91ED63
:1054F0000B5AC0ED095AC7EB031307EE103AF8EE4A
:10550000E77AB8EEC77A01EB8C0C67EEA67A27EE45
:10551000267ADCED006A80ED0C5AE6EE276AE5EEAD
:10552000876AC0ED076AD0ED016AF8EEE66AA5EE7B
:10553000A66AD1ED0C5A80ED086A9CED036AA5EECF
:10554000A76AE6EE855AA5EE076AC0ED0B5A80ED14
:105550000A6AD1ED0E5A9CED066A91ED0D5AA5EE40
:10556000A76AE6EE855AF0EE467AE5EE077AC0EDD8
:105570000E5AC0ED0D7A80ED0F5ABDE8F08100BFE4
:105580000000803D40B10023811E1846013331F8F0
:105590001320002AF9D180B2704730B5034659B1C3
:1055A00060B10024A0B2904208D20D5D23F81450DF
:1055B0000134002DF6D101E00846FFE730BDF0B51B
:1055C0008BB00646084600218DF824100DF1240EFC
:1055D00034461F2700E00F4694FBF3FC03FB1C44FA
:1055E00084EAE475A5EBE475ECB2092DD4BF303440
:1055F0005734E4B20EF8014D6446791E002CEAD10E
:10560000002E07DA01F128030DEB03012D2301F829
:10561000243CB91E01F128030DEB03012339FFF7E8
:10562000BCFF0BB0F0BDF0B58BB0054608460021BD
:105630008DF824101F2601A901E026463D46B5FB42
:10564000F3F703FB175C5FFA8CF4BCF1090F94BF0E
:1056500030345734E4B2AB42745406F1FF34ECD921
:105660003144FFF79AFF0BB0F0BD2DE9F04F1C4617
:1056700085B0036801930F4691469DF840109DF850
:1056800048200391824618460292FFF77BFF002FC5
:105690000CBF844600F1010CB9F1690FDDE901325C
:1056A0009DF83860DDF83C80139DDDF854B0039917
:1056B0001FFA8CFC14D008D8B9F1630F30D0B9F1BF
:1056C000640F0DD0B9F1580F07E0B9F1730F20D076
:1056D000B9F1780F02D0B9F16F0F26D184460027B7
:1056E0006CB3B8F1000F0AD1012820D11C88302CEE
:1056F0001DD10233CAF800304046444607E0C44595
:1057000015DA1FFA88F8A8EB0C04A4B2C4460026E8
:1057100015E084466CB140450EDD1FFA88F00BE0C1
:105720004FF0010C0024604607E0002407E000264B
:10573000FBE72646274602E0002426462746BDF81A
:1057400050E00EF1FF3E01B91EE0119B9C451BDAB3
:10575000A3EB0C039BB2C2B9002E4ED000284CD054
:1057600023449CB210E0013B9BB220264FF6FF7110
:105770002A68724508DA2BF81260013B2A689BB24E
:1057800001328B422A60F3D100232A68724505DA80
:1057900027B12BF812702A6801322A60302104E008
:1057A0002BF812102A6801322A608CB12A68013C59
:1057B0009645A4B2F4DC0BE0DAF80020911CCAF89C
:1057C000001011882A682BF812102A6801322A600A
:1057D00008B9202105E02A680138964580B2EBDC43
:1057E000F7E76BB12A68013B96459BB208DD2BF8C1
:1057F00012102A6801322A60F3E7002BB3D1C3E705
:1058000005B0BDE8F08F2DE9F043DDE9078EDDE955
:1058100009C6DDE90B75002414801C7088F800406F
:105820008EF800408CF800403C70046804B117E02A
:105830000C68E4B124781AE0148005E001241C709F
:1058400002E0012488F8004004680CB102340460CE
:105850000C680CB101340C600468D1F800900CB1F4
:10586000248804E0B9F1000F0CD099F80040232CF3
:10587000E7D003D834B1202CDED003E02B2CDBD0D2
:105880002D2CDBD0A4F13003092B05D92A2C4DD1C6
:1058900001238CF8003017E00123302C8CF8003005
:1058A00026D18EF8003003680BB1023303600B6819
:1058B0000BB101330B6003680C680BB11C8801E06D
:1058C000B4B124782A2C13D14FF0FF33336003682E
:1058D0000BB1023303600B680BB101330B6002683C
:1058E0000B680AB1148821E0002B5FD01C781DE002
:1058F000002333600A2212E0346802FB0433336071
:1059000003680BB1023303600B680BB101330B600A
:1059100003680C680BB11C8801E004B12478A4F181
:1059200030031FFA83FCBCF1090FE5D92E2C3DD1C1
:1059300001233B7003680BB1023303600B680BB1AA
:1059400001330B6002680B680AB1138801E073B180
:105950001B782A2B0BD14FF0FF332B6003680BB160
:10596000023303600B680BB301330B601EE00022AF
:105970002A600A2411E004FB02332B6003680BB198
:10598000023303600B680BB101330B6002680B68D4
:105990000AB1138801E003B11B782A68303B9EB23C
:1059A000092EE8D9062AA8BF06222A60BDE8F0839E
:1059B0002DE9F04FA5B0CDE90A320DF14C0B0023D3
:1059C00081468A464222194658462E9C0F9310F073
:1059D00020FCB9F1000F00F05B810AF1FF3309935D
:1059E00045E137F8022B012003E00DB12A7800E0F1
:1059F0002A4629F813200DB1013501210133012276
:105A000002E000221146104657B13E88F6B902B1B5
:105A10000F9301B10A9550B30B9728E03FBB28E0E4
:105A200055B902B10F9309B100230A93002800F081
:105A30001E8100230B931AE12E783EB902B10F9319
:105A400001B10A95C0B100230B9315E0252E00D1BA
:105A500002E0099E9E4207DC02B10F9301B10A9554
:105A60000028DBD00B97D9E7002FBAD1BDE73B88E0
:105A700004E0002D00F0FB802B780027002B00F0C5
:105A8000F6800F9E099BB34240F3F1800023CDE9DD
:105A900010330FB1BB1C0B930DB16B1C0A9311ABF0
:105AA00005930DF13903049310AB03930EAB0293EE
:105AB0000DF1370301930DF1360300930DF13A0216
:105AC0000DF135030AA90BA8FFF79DFE109BDDF829
:105AD0002880002BBEBF54F8043B23EAE3731093E5
:105AE000119B002BBEBF54F8043B23EAE3731193D0
:105AF0000B9B08930BB11B8805E0B8F1000F00F079
:105B0000A38098F80030252B10D0242B40F29C80E5
:105B1000582B0ED0A3F1630292B2152A00F29480A2
:105B20005D4921FA02F2D20703D48DE029F816303C
:105B300095E0089ACDF848B012B9B8F1000F5CD0E2
:105B40006E2B03D8632B10D00AD83FE06F3B092B94
:105B500053D8DFE803F02D525252125229525231DB
:105B6000642B0ED0692B0CD047E054F8043BADF801
:105B70004C300023ADF84E3042E054F8043B129311
:105B80003EE0AAEB060220680A2392B25946FFF7CC
:105B900016FDBDF84C302D2B02BFADF83A300DF19B
:105BA0004E03129304342BE0AAEB06020A2306E00C
:105BB000AAEB0602082302E0AAEB0602102354F81F
:105BC000040B92B25946FFF72EFD19E0AAEB06022C
:105BD00092B254F8040B10235946FFF724FD5A469D
:105BE00006E0A3F1610119299CBF203B22F8023C89
:105BF00032F8023B002BF4D102E00023ADF84C3028
:105C0000089BBDF83A100BB11A8806E0B8F1000FF6
:105C100002D098F8002000E042460FAB05939DF8B3
:105C200035300493109B03939DF838300293119BF9
:105C300001939DF837300093CDE906A99DF83930DE
:105C400012A8FFF712FD0AE0CDE90A570FB13D880F
:105C500001E005B12D7829F8165001360F960B9BFF
:105C60000BB102330B930A9B0BB101330A93DDE9AD
:105C70000A570F9A0FB1398801E035B129781346D8
:105C800019B1099991423FF7BCAE002329F81230AF
:105C9000484625B0BDE8F08F4310250007B50093B6
:105CA00013460022FFF784FE03B05DF804FB0CB43A
:105CB00007B504AB53F8042B0193FFF7EFFF03B0D4
:105CC0005DF804EB02B070470346F0B5002037E002
:105CD00093F900501C78002D01DB01332BE004F018
:105CE000E005C02D0CD15D7805F0C006802E20D1D6
:105CF000A40104F4F86405F03F052C4302331AE0D4
:105D000004F0F005E02D14D15E7806F0C005802D7A
:105D10000FD19D7805F0C007802F0AD105F03F050F
:105D2000B60145EA043506F47C663543ACB203336C
:105D300001E0013304E0013021F8024B80B20CB1E4
:105D40009042C5D3F0BD0000014B1860704700BF02
:105D50003C3A0120064B1A88824207D8054B1B8823
:105D600013449842ACBF00200120704700207047C8
:105D7000443A0120423A012008B50146FFF7EAFF04
:105D800018B1024B1B6853F8210008BD583A012096
:105D9000F0B5254D2F68002F45D0244A244C11889A
:105DA0002388244E19444A1C22F001021204120CCA
:105DB00007EB8100520002EB810230601E4807EBC6
:105DC000020CC0F800C04FF00E0C0CFB03F30333C1
:105DD00023F003031344194A1F441760184F00228D
:105DE0003A80184F3F68FB1A174F3B60174B4FF62E
:105DF000FF7C1A80134606E02F6847F82320376897
:105E000027F813C001338B42F6D1248800680023A1
:105E10000E2506E005FB030101330A7B22F0200278
:105E20000A739C42F6D8F0BD583A0120443A01204A
:105E3000423A0120543A01205C3A0120503A0120B4
:105E4000463A0120483A01204C3A0120403A0120CC
:105E5000064B1B6843B939B1054B1A80054B1960D5
:105E6000054B1860FFF794BF704700BF503A012000
:105E7000423A0120483A0120583A012070B40C46B9
:105E80001946074B1E6805461046039A2EB91D6039
:105E9000044B1C8070BCFFF7DBBF70BC704700BFB9
:105EA000603A0120443A0120124A03881288934242
:105EB00003D2114A1421126808E0104909881144DC
:105EC0008B4208DA9B1A0E4A12680E2101FB03234B
:105ED000B3F9080070474FF6FE72934208D1094BA0
:105EE0001B780BB9084B00E0084BB3F90000704772
:105EF00000207047443A0120603A0120423A0120D4
:105F00005C3A0120CA390120D0390120CE39012064
:105F1000124A03881288934203D2114A142112684C
:105F200008E01049098811448B4208DA9B1A0E4A8E
:105F300012680E2101FB0323B3F90A0070474FF6E4
:105F4000FE72934208D1094B1B780BB9084B00E055
:105F5000084BB3F90000704700207047443A012015
:105F6000603A0120423A01205C3A0120CA390120FE
:105F7000CE390120D039012030B5224A0B88128851
:105F8000934212D2204A1268142101FB03231A8A79
:105F9000B3F90C40B3F90E105B8A0480C2F30C0213
:105FA000C3F30C034180828029E018490988114419
:105FB0008B4210DA9B1A0E225343154A1168CA18F5
:105FC000CD5EB2F90240B2F90410B2F90630058094
:105FD0004480818013E04FF6FE7293420BD10D4B4B
:105FE000B3F900100C4B8180B3F90020C28000236C
:105FF0000380438004E00023038043808380C380C8
:1060000030BD00BF443A0120603A0120423A0120ED
:106010005C3A0120D4390120D2390120174A038883
:10602000128893420ED2164A1268142101FB0323F0
:106030001A8A1989C2F30C028A421DDB588AC0F3FE
:106040000C0011E00F49098811448B4212DA9A1AA8
:106050000D4B1B680E2101FB0233B3F904101A89A2
:10606000914209DBB3F906005B899842ACBF00207E
:10607000012070470020704701207047443A0120FA
:10608000603A0120423A01205C3A0120124A03881A
:1060900011888B420BD2114A126812B152F82300B8
:1060A000C0B90F4A116814225343C85870470D4AAB
:1060B00012880A44934204DA084A126852F823000C
:1060C00070474FF6FE72934203D1074B1B68986CE2
:1060D00070470020704700BF443A0120583A012021
:1060E000603A0120423A0120D8390120254B02882C
:1060F0001B889A4223D2244B1B68142101FB0233D4
:10610000586800283CD021490968002938D051F846
:106110002210002934D05A89188950435A7CDB7CDC
:10612000C2F34212C3F3421343EAC2035BB20B2B26
:1061300018BF4000033020F00300084470471449A2
:10614000098819448A421ADA12490868D31A0E21BA
:1061500001FB0300037B03F01F030B2B0BD14189D1
:1061600003894B4309490968033351F8220023F09E
:106170000303184470470D2B01D10D3070470020E8
:10618000704700BF443A0120603A0120583A01208C
:10619000423A01205C3A012010B5204A0388128857
:1061A00093421BD21E4A1268142101FB0322517C28
:1061B000D07C1C4AC1F34211C0F34210126840EA7D
:1061C000C10040B242B152F823302BB10E2823D087
:1061D0000F281DD010281DD0C0B21EE0124909881A
:1061E00011448B4209DA9A1A104B1B680E2101FBED
:1061F0000233187B00F01F000FE04FF6FE7293424F
:106200000AD1EEF745F90368BDE810401B6B18474B
:10621000012002E0022000E0002010BD443A0120ED
:10622000603A0120583A0120423A01205C3A0120AC
:106230001020704700207047024B1888400080B241
:10624000704700BFD03901207047704770477047D2
:106250007047704770477047704770477047704786
:106260007047704770477047704770477047704776
:106270007047704770477047704770477047704766
:106280007047704770477047FF2B10B5044658D0D1
:106290000B2A14D808E02D3A062A25D8DFE802F0A8
:1062A000143A334F4D4F4D000B2A00F2A080DFE827
:1062B00002F03E3A3C389E9E9E9E40424042A2F1F1
:1062C0002C03072BE7D992E04A685078137800280E
:1062D00040F08D80012B03D0022B03D0C3B187E0A7
:1062E000606A85E0606983E04A6850781378002826
:1062F0007DD1012B03D0022B03D083B178E0E0697C
:1063000076E0E06874E04A681378527813436ED1FF
:10631000606B6DE04A6813785278134367D1E06A86
:1063200066E0C06C64E0406D62E0C06B60E0406CB1
:106330005EE0C06D5CE0406E5AE0606F58E0E06E79
:1063400056E00B2A13D808E02D3A062A23D8DFE8B6
:1063500002F01337304C4A4C4A000B2A47D8DFE88A
:1063600002F03C383A36464646463E403E40A2F1B0
:106370002C03072BE8D93AE04A68507813780028B4
:1063800035D1012B03D0022B03D0BBB130E0A06A82
:106390002EE0A0692CE04A685078137838BB012BB6
:1063A00003D0022B03D083B122E0206A20E02069D1
:1063B0001EE04A6813785278134318D1A06B17E097
:1063C0004A6813785278134311D1206B10E0006DA6
:1063D0000EE0806D0CE0006C0AE0806C08E0006E5E
:1063E00006E0806E04E0A06F02E0206F00E0002075
:1063F00010BD2DE9F04F85B0DDE912850392DDE98E
:1064000014206C68DDF858C02D689DF85CE004FB32
:10641000002205EB4205DCF800200192DCF80420A4
:106420006FEA0E0704320292FFB218E10F9ABCF92C
:1064300008A0BCF90C9002F50040109A02F5004447
:106440000EE0021403D4524501DA221405D5119A44
:1064500044441044013B023502E04A4504DBF6E7C0
:10646000002BEEDC00F0C180119E5A1E06FB0206D6
:10647000361465D4564563DA08FB024212145FD421
:106480004A45C0F2B2805BE05FEA204953D4DCF8B1
:1064900008604E454FDD5FEA244A4CD4DCF80C20FE
:1064A000524548DD019A36B20AFB062616F8092045
:1064B000029E36F812A02A884FEA12294FEA1A26BD
:1064C00009F0F80906F0F80619FB07F906FB0E9922
:1064D000D6084FEADA0B06F0FC06D2000BF0FC0BF4
:1064E00016FB07F64FEACA0AD2B21FFA89F95FFA19
:1064F0008AFA0BFB0E6612FB07F2B6B20AFB0E22FB
:1065000009F1010A0AEB192A06F1010992B209EB15
:1065100016290AF47F4A4FEA5919561C6FF30A0AE2
:1065200009F4FC6906EB12264AEA0909C6F3C426F7
:1065300046EA09062E80119A023510444444013B74
:10654000002BA1DC53E0BCF90890019E22144FEA15
:10655000204A09FB0262029E12F80A2036F812A0B5
:106560002A884FEA12294FEA1A2609F0F80906F09C
:10657000F80619FB07F906FB0E99D6084FEADA0B65
:1065800006F0FC06D2000BF0FC0B16FB07F64FEAF8
:10659000CA0AD2B21FFA89F95FFA8AFA0BFB0E66B1
:1065A00012FB07F2B6B20AFB0E2209F1010A0AEB4E
:1065B000192A06F1010992B209EB16290AF47F4A59
:1065C000561C4FEA591906EB12266FF30A0A09F412
:1065D000FC694AEA0909C6F3C426119A46EA090683
:1065E00025F8026B10444444013B002BABDC00292E
:1065F0003CDD30EE040AB7EE007AC7EE007A0E9B5F
:10660000013970EEA40A31EE051A20EEA77AF0EEF9
:10661000626A61EE277AFEEEC86A77EE622ACDEDF5
:106620000F6AFEEEC82AF0EE436A37EEC33A12EE66
:10663000902ABEEEC83A92FBF3F313EE102AFEEE58
:10664000C86A11930E9B92FBF3F80E9A039BCDED53
:10665000106A18BF1346B0EE673AF0EE472A0029D9
:106660003FF7E4AE039A002A3FF7E0AE05B0BDE87D
:10667000F08F2DE9F74F119E149D7468009191469B
:10668000DDE9122004FB0022346804EB42042A688E
:1066900001926A68DDE90F7C02F1040EF7EE006AF0
:1066A0008FE00D9A0E98B5F908B0B5F90CA002F577
:1066B000004200F500400DE0161403D45E4501DAF7
:1066C000061404D53A446044013B023402E05645C6
:1066D00003DBF7E7002BEFDC3BD05E1E07FB062851
:1066E0005FEA284821D4D8451FDA0CFB0606361489
:1066F0001BD456452DDB18E05FEA224811D4AE6862
:1067000046450EDD5FEA204A0BD4E968514508DDB5
:10671000019936B20AFB061616F808603EF81660B4
:10672000268002343A446044013B002BE4DC12E052
:10673000B5F908A0019906144FEA22480AFB06168B
:106740003A4416F808603EF8166024F8026B60447C
:10675000013B002BECDC009B002B3ADD30EE040A01
:1067600070EEA40AC6EE807A0C9B31EE051A20EE7C
:10677000A77AB0EE626A61EE277ABEEEC86A77EE5B
:10678000622A8DED0D6AFEEEC82AB0EE436A37EE3E
:10679000C33A12EE902ABEEEC83A92FBF3F713EE1C
:1067A000102A92FBF3FC009BBEEEC86A013B0093EB
:1067B0008DED0E6A0C9BB0EE673A08BF4B46F0EECB
:1067C000472A009A002A3FF76CAFB9F1000F3FF754
:1067D00068AF03B0BDE8F08F2DE9F74F119D01922E
:1067E000DDE912206C68DDF850C02D689DF854E09A
:1067F00004FB002205EB4205DCF800200092DCF8E7
:1068000004206FEA0E0602F10408F6B213E10D9AB5
:10681000BCF908A0BCF90C9002F500400E9A02F5F4
:1068200000440FE0021403D4524501DA221406D5C5
:106830000F9A1044109A013B1444023502E04A4575
:1068400004DBF5E7002BEDDC00F0BA800F9F5A1E49
:1068500007FB02073F1462D4574560DA109F07FB1D
:10686000024212145BD44A45C0F2AA8057E05FEAA4
:1068700020494ED4DCF808704F454ADD5FEA244ACF
:1068800047D4DCF80C20524543DD009A3FB20AFBA6
:1068900007272A8817F809A00AEB4A0A08EB0A0713
:1068A0004FEA122B97F802907F7818F80AA00BF0A5
:1068B000F80B19FB0EF90BFB06994FEAD20BD2002D
:1068C0000BF0FC0B17FB0EF7D2B21FFA89F90BFB8A
:1068D000067712FB06F2BFB20AFB0E2209F1010A8B
:1068E0000AEB192A07F1010992B209EB17290AF4F8
:1068F0007F4A4FEA5919571C6FF30A0A09F4FC69D9
:1069000007EB12274AEA0909C7F3C42747EA090730
:106910002F800F9A1044109A02351444013B002B2B
:10692000A5DC4FE0BCF90890009F221409FB02721D
:106930004FEA204A013B12F80AA02A880AEB4A0AC9
:1069400008EB0A074FEA122B97F802907F7818F8A5
:106950000AA00BF0F80B19FB0EF90BFB06994FEA96
:10696000D20BD2000BF0FC0B17FB0EF7D2B21FFAC2
:1069700089F90BFB067712FB06F2BFB20AFB0E2267
:1069800009F1010A0AEB192A07F1010992B209EB90
:1069900017290AF47F4A571C4FEA591907EB1227A7
:1069A0006FF30A0A0F9A09F4FC694AEA0909C7F366
:1069B000C42747EA09071044109A25F8027B1444BB
:1069C000002BAFDC00293DDD30EE040AB7EE007A83
:1069D000C7EE007A0C9B013970EEA40A31EE051A5D
:1069E00020EEA77AF0EE626A61EE277AFEEEC86AC0
:1069F00077EE622ACDED0D6AFEEEC82AF0EE436A0C
:106A000037EEC33A12EE902ABEEEC83A92FBF3F389
:106A100013EE102AFEEEC86A0F930C9B92FBF3F361
:106A20000C9A1093CDED0E6A019BB0EE673A18BF39
:106A30001346F0EE472A00293FF7E9AE019A002AF3
:106A40003FF7E5AE03B0BDE8F08F00002DE9F74F4A
:106A5000119E149D74686F6800919146DDE91220C3
:106A600004FB0022346804EB42042A680192DDE949
:106A70000FCE0437F7EE006AB1E00D9A0E98B5F923
:106A800008B0B5F90CA002F5004200F500400DE099
:106A9000161403D45E4501DA061404D5624470442A
:106AA000013B023402E0564503DBF7E7002BEFDC45
:106AB0005DD05E1E0CFB06285FEA284832D4D8451C
:106AC00030DA0EFB060636142CD456454FDB29E08F
:106AD0005FEA224822D4AE6846451FDD5FEA204ABD
:106AE0001CD4E968514519DD019936B20AFB061636
:106AF000404916F8088008EB480807EB080617F825
:106B0000088096F802A07678F60001EA0A2A06F4D0
:106B1000FC664AEA060646EAD80626800234624443
:106B20007044013B002BD3DC23E0B5F908A00199A8
:106B300006140AFB06164FEA22482E4916F808806A
:106B400008EB480807EB080617F8088096F802A03B
:106B50007678F60001EA0A2A06F4FC664AEA060696
:106B600046EAD80624F8026B62447044013B002BCD
:106B7000DBDC009B002B3ADD30EE040A70EEA40A49
:106B8000C6EE807A0C9B31EE051A20EEA77AB0EEA5
:106B9000626A61EE277ABEEEC86A77EE622A8DEDF0
:106BA0000D6AFEEEC82AB0EE436A37EEC33A12EE23
:106BB000902ABEEEC83A92FBF3FC13EE102A92FB29
:106BC000F3FE009BBEEEC86A013B00938DED0E6A9A
:106BD0000C9BB0EE673A08BF4B46F0EE472A009A8E
:106BE000002A3FF74AAFB9F1000F3FF746AF03B0B5
:106BF000BDE8F08F00F8FFFF2DE9F04F85B0DDE92B
:106C0000128502929DF85C200392DDE914206C68E5
:106C1000DDF858E02E6804FB002206EB4206DEF8A1
:106C200000200092DEF8042004320192F7EE006AA0
:106C300024E10F9ABEF908C0BEF90C7002F50044B9
:106C4000109A02F500450EE0221403D4624501DAE1
:106C50002A1405D5119A45441444013B023602E03A
:106C6000BA4204DBF6E7002BEEDC00F0CF8011988F
:106C70005A1E00FB024000146BD4604569DA08FB21
:106C80000252121465D4BA42C0F2C08061E02714E7
:106C90005AD4DEF80800B84256DD5FEA254C53D4DA
:106CA000DEF80C2062454FDD009A00B20CFB00209C
:106CB000C25D019850F82200020E45D0039FB6F83D
:106CC00000907A43571CC2F30F2212FA87F2C2F3E4
:106CD0000F2A4FEA1927C0F3074C6FEA2222D2B2DB
:106CE00007F0F8071CFB0AFC07FB02CC4FEAD90BA4
:106CF000C0F307270BF0FC0B17FB0AF74FEAC90993
:106D0000C0B21FFA8CFC0BFB02775FFA89F910FB0B
:106D10000AF0BFB209FB02000CF1010202EB1C2CCD
:106D20007A1C80B202EB17220CF47F4C5209471CEC
:106D30006FF30A0C02F4FC6207EB10274CEA020224
:106D4000C7F3C42717433780119A023614444544C9
:106D5000013B002B9BDC5BE00098BEF908702A1415
:106D600007FB02024FEA244C019812F80C2050F85D
:106D70002200020E45D0039FB6F800907A43571CBC
:106D8000C2F30F2212FA87F2C2F30F2A4FEA192731
:106D9000C0F3074C6FEA2222D2B207F0F8071CFBBF
:106DA0000AFC07FB02CC4FEAD90BC0F307270BF014
:106DB000FC0B17FB0AF74FEAC909C0B21FFA8CFC9B
:106DC0000BFB02775FFA89F910FB0AF0BFB209FBEF
:106DD00002000CF1010202EB1C2C7A1C80B202EBC7
:106DE00017220CF47F4C5209471C6FF30A0C02F473
:106DF000FC6207EB10274CEA0202C7F3C4271743D3
:106E00003780119A023614444544013B002BA3DC21
:106E100000293ADD30EE040A70EEA40AC6EE807A4C
:106E20000E9B013931EE051A20EEA77AB0EE626AA8
:106E300061EE277ABEEEC86A77EE622A8DED0F6AA0
:106E4000FEEEC82AB0EE436A37EEC33A12EE902A3D
:106E5000BEEEC83A92FBF3F313EE102ABEEEC86AF8
:106E600011930E9B92FBF3F80E9A029B8DED106A24
:106E700018BF1346B0EE673AF0EE472A00293FF7F5
:106E8000D8AE029A002A3FF7D4AE05B0BDE8F08F25
:106E90002DE9F04F85B0DFF8A482139D0392DDE960
:106EA00014206C68DDF858E004FB00222C6804EB29
:106EB0004204DEF800200192DEF80420043202923F
:106EC000F7EE006A2FE10F9A1098BEF908C0BEF9DC
:106ED0000C7002F5004200F500400FE0151403D4D9
:106EE000654501DA051406D5119D2A44129D013B22
:106EF0002844023402E0BD4204DBF5E7002BEDDC60
:106F000000F0D880119E5D1E06FB0526361470D455
:106F100066456EDA129E06FB05052D1469D4BD4246
:106F2000C0F2C88065E017145DD4DEF80860BE4288
:106F300059DD5FEA204C56D4DEF80C50654552DD31
:106F4000019D36B20CFB0656F55D029E56F8256093
:106F5000350EFF2D0AD1750908EA162705F4FC65E0
:106F60003D43C6F3C406354325803CE0DDB3B4F8A9
:106F700000906FEA050A4FEA1927C6F3074C5FFA3B
:106F80008AFA07F0F8070CFB05FC07FB0ACC4FEA6E
:106F9000D90BC6F307276F430BF0FC0B1FFA8CFCD1
:106FA000F6B20BFB0A774FEAC909BFB275435FFA25
:106FB00089F90CF1010606EB1C2C09FB0A557E1C15
:106FC000ADB206EB17260CF47F4C76096F1C0CEA69
:106FD000080C06F4FC6607EB15274CEA0606C7F317
:106FE000C42737432780119D2A44129D0234284428
:106FF000013B002B97DC5FE0019EBEF90870051491
:1070000007FB05654FEA224C029E15F80C5056F816
:107010002560350EFF2D0AD1750908EA162705F4FB
:10702000FC653D43C6F3C406354325803CE0DDB333
:10703000B4F800906FEA050A4FEA1927C6F3074C27
:107040005FFA8AFA07F0F8070CFB05FC07FB0ACC8D
:107050004FEAD90BC6F307276F430BF0FC0B1FFA5F
:107060008CFCF6B20BFB0A774FEAC909BFB2754335
:107070005FFA89F90CF1010606EB1C2C09FB0A5595
:107080007E1CADB206EB17260CF47F4C76096F1C04
:107090000CEA080C06F4FC6607EB15274CEA06061A
:1070A000C7F3C42737432780119D2A44129D023419
:1070B0002844013B002B9FDC00293BDD30EE040A15
:1070C00070EEA40AC6EE807A0E9B013931EE051AE5
:1070D00020EEA77AB0EE626A61EE277ABEEEC86A49
:1070E00077EE622A8DED0F6AFEEEC82AB0EE436A93
:1070F00037EEC33A12EE902ABEEEC83A92FBF3F393
:1071000013EE102ABEEEC86A11930E9B92FBF3F3A6
:107110000E9A12938DED106A039BB0EE673A18BF7A
:107120001346F0EE472A00293FF7CDAE039A002A16
:107130003FF7C9AE05B0BDE8F08F00BF00F8FFFF14
:107140002DE9F04F85B0DDE9128502929DF85C20B3
:107150000392DDE914206C68DDF858E02E6804FB2A
:10716000002206EB4206DEF800200092DEF8042042
:107170000192F7EE006A26E10F9ABEF908C0BEF947
:107180000C7002F50044109A02F500450EE022143E
:1071900003D4624501DA2A1405D5119A45441444F2
:1071A000013B023602E0BA4204DBF6E7002BEEDCDC
:1071B00000F0D18011985A1E00FB024000146DD4DB
:1071C00060456BDA08FB0252121467D4BA42C0F26F
:1071D000C28063E020145CD4DEF80870874258DD7A
:1071E0005FEA254C55D4DEF80C20624551DD3FB2F4
:1071F000019A0CFB0700125C002A4AD0009F37F866
:107200001090039F30887A43571C120A12FA87F2B3
:107210004FEA122A4FEA102C6FEA1222D2B24FEA3A
:1072200019270CF0F80C07F0F8071CFB02FC07FB11
:107230000ACCC7084FEAD90B07F0FC0717FB02F787
:107240000BF0FC0BC0001FFA8CFC0BFB0A774FEA1B
:10725000C909C0B2BFB210FB02F05FFA89F90CF1A4
:10726000010202EB1C2C09FB0A007A1C80B202EB23
:1072700017220CF47F4C5209471C6FF30A0C02F4DE
:10728000FC6207EB10274CEA0202C7F3C42717433E
:107290003780119A023614444544013B002B99DC97
:1072A0005BE0BEF908702214281407FB0020019A45
:1072B000125C002A4AD0009F37F81090039F308854
:1072C0007A43571C120A12FA87F24FEA122A4FEA3F
:1072D000102C6FEA1222D2B24FEA19270CF0F80CE8
:1072E00007F0F8071CFB02FC07FB0ACCC7084FEAB3
:1072F000D90B07F0FC0717FB02F70BF0FC0BC000E3
:107300001FFA8CFC0BFB0A774FEAC909C0B2BFB267
:1073100010FB02F05FFA89F90CF1010202EB1C2C60
:1073200009FB0A007A1C80B202EB17220CF47F4C96
:107330005209471C6FF30A0C02F4FC6207EB10279A
:107340004CEA0202C7F3C42717433780119A02366A
:1073500014444544013B002BA3DC00293ADD30EE08
:10736000040A70EEA40AC6EE807A0E9B013931EE53
:10737000051A20EEA77AB0EE626A61EE277ABEEEB9
:10738000C86A77EE622A8DED0F6AFEEEC82AB0EE6B
:10739000436A37EEC33A12EE902ABEEEC83A92FB29
:1073A000F3F313EE102ABEEEC86A11930E9B92FB04
:1073B000F3F80E9A029B8DED106A18BF1346B0EEDB
:1073C000673AF0EE472A00293FF7D6AE029A002A24
:1073D0003FF7D2AE05B0BDE8F08F2DE9F74F119D14
:1073E0000192DDE912206C68DDF850C02D6804FBC5
:1073F000002205EB4205DCE90092F7EE006A0092FC
:1074000029E10D9ABCF908E0BCF90C7002F50040C6
:107410000E9A02F500440FE0021403D4724501DA1B
:10742000221406D50F9A1044109A013B14440235D9
:1074300002E0BA4204DBF5E7002BEDDC00F0D2807D
:107440000F9E5A1E06FB020636146ED476456CDA81
:10745000109E06FB0242121467D4BA42C0F2C280E8
:1074600063E006145BD4DCF80870B74257DD5FEACE
:10747000244E54D4DCF80C20724550DD3FB2009A03
:107480000EFB076612F80680B8F1FF0F03D139F83A
:1074900016202A8043E0B8F1000F40D02A8839F83E
:1074A00016E0170A6FEA080A5FFA8AFA4FEA1E2600
:1074B00007F0F80706F0F80617FB0AF706FB08774F
:1074C000D6084FEADE0B06F0FC06D2000BF0FC0BF0
:1074D00016FB0AF64FEACE0ED2B2BFB25FFA8EFEAC
:1074E0000BFB086612FB0AF2B6B20EFB082207F18C
:1074F000010E0EEB172E771C92B207EB16270EF437
:107500007F4E7F09561C6FF30A0E07F4FC6706EBEB
:1075100012264EEA0707C6F3C4263E432E800F9A72
:107520001044109A02351444013B002B99DC5BE0B7
:10753000BCF908702614021407FB0622009E16F8F8
:107540000280B8F1FF0F03D139F812202A8043E0FE
:10755000B8F1000F40D039F812E02A886FEA080A23
:10756000170A5FFA8AFA4FEA1E2607F0F80706F0B4
:10757000F80617FB0AF706FB0877D6084FEADE0B7A
:1075800006F0FC06D2000BF0FC0B16FB0AF64FEAE5
:10759000CE0ED2B2BFB25FFA8EFE0BFB086612FBB4
:1075A0000AF2B6B20EFB082207F1010E0EEB172EFF
:1075B000771C92B207EB16270EF47F4E7F09561CFC
:1075C0006FF30A0E07F4FC6706EB12264EEA070774
:1075D000C6F3C4263E432E800F9A1044109A0235FB
:1075E0001444013B002BA3DC00293BDD30EE040AF0
:1075F00070EEA40AC6EE807A0C9B013931EE051AB2
:1076000020EEA77AB0EE626A61EE277ABEEEC86A13
:1076100077EE622A8DED0D6AFEEEC82AB0EE436A5F
:1076200037EEC33A12EE902ABEEEC83A92FBF3F35D
:1076300013EE102ABEEEC86A0F930C9B92FBF3F375
:107640000C9A10938DED0E6A019BB0EE673A18BF4D
:107650001346F0EE472A00293FF7D3AE019A002ADD
:107660003FF7CFAE03B0BDE8F08F2DE9F04F85B006
:10767000DDE912850392DDE914206C68DDF858E03D
:107680009DF85CC02D6804FB002205EB42056FEA03
:107690000C07DEF800200292FFB214E10F9ABEF947
:1076A00008A0BEF90C9002F50040109A02F50044C3
:1076B0000EE0021403D4524501DA221405D5119AC2
:1076C00044441044013B023502E04A4504DBF6E73E
:1076D000002BEEDC00F0BD80119E5A1E06FB020658
:1076E000361463D4564561DA08FB024212145DD4A5
:1076F0004A45C0F2AE8059E0061451D4DEF80820A5
:10770000B2424DDD5FEA244A4AD4DEF80C305345DC
:1077100046DD0FFA82F90AFB0966029B2A8833F8D4
:1077200016A04FEA12294FEA1A2609F0F80906F0C6
:10773000F80619FB07F906FB0C99D6084FEADA0B95
:1077400006F0FC06D2000BF0FC0B16FB07F64FEA26
:10775000CA0AD2B21FFA89F95FFA8AFA0BFB0C66E1
:1077600012FB07F2B6B20AFB0C2209F1010A0AEB7E
:10777000192A06F1010992B209EB16290AF47F4A87
:107780004FEA5919561C6FF30A0A09F4FC6906EB13
:1077900012264AEA0909C6F3C42646EA09062E80DB
:1077A000119B1844019B02354444013B0193019B0A
:1077B000002BA1DC4FE0BEF908902614021409FB4F
:1077C0000622029E36F812A02A884FEA12294FEAB2
:1077D0001A2609F0F80906F0F80619FB07F906FB66
:1077E0000C99D6084FEADA0B06F0FC06D2000BF033
:1077F000FC0B16FB07F64FEACA0AD2B21FFA89F948
:107800005FFA8AFA0BFB0C6612FB07F2B6B20AFBB0
:107810000C2209F1010A0AEB192A06F1010992B2B8
:1078200009EB16290AF47F4A561C4FEA591906EB50
:1078300012266FF30A0A09F4FC694AEA0909C6F339
:10784000C426119A46EA090625F8026B10444444FE
:10785000013B002BAFDC00293CDD30EE040AB7EE23
:10786000007AC7EE007A0E9B013970EEA40A31EE61
:10787000051A20EEA77AF0EE626A61EE277AFEEE34
:10788000C86A77EE622ACDED0F6AFEEEC82AF0EEE6
:10789000436A37EEC33A12EE902ABEEEC83A92FB24
:1078A000F3F313EE102AFEEEC86A11930E9B92FBBF
:1078B000F3F80E9A039BCDED106A18BF1346B0EE95
:1078C000673AF0EE472A00293FF7E8AE039A002A0C
:1078D0003FF7E4AE05B0BDE8F08F2DE9F04F0E9E06
:1078E000119F7568D7F80090DDE90F0405FB0400CF
:1078F0003568944605EB4005DDE90C2EF7EE006A8D
:1079000089E00A980B9CB7F908B0B7F90CA000F50C
:10791000004004F500440DE0061403D45E4501DA8E
:10792000261404D510447444013B023502E0564548
:1079300003DBF7E7002BEFDC39D05E1E02FB060805
:107940005FEA284820D4D8451EDA0EFB06463614D6
:107950001AD456452BDB17E05FEA20480ED4BB68EB
:1079600043450BDD5FEA244B08D4FE685E45C1BF8A
:107970001BB20BFB038839F818302B8002351044FA
:1079800074440AF1FF3A00E09A46BAF1000FE3DCD2
:107990000FE0B7F908A04FEA244806140AFB08666E
:1079A000104439F8166025F8026B7444013B002B33
:1079B000EFDC002936DD30EE040A70EEA40AC6EED4
:1079C000807A0139099B31EE051AB0EE626A20EE29
:1079D000A77ABEEEC86A61EE277A77EE622A8DED4D
:1079E0000A6AB0EE436A37EEC33AFEEEC82ABEEE2C
:1079F000C83A12EE902A13EE100A92FBF3F2BEEE92
:107A0000C86A90FBF3FE8DED0B6A08BF6346B0EECB
:107A1000673AF0EE472A00293FF773AFBCF1000F39
:107A20003FF76FAFBDE8F08F2DE9F04F85B0DFF87D
:107A3000B0A2139D02929DF85C200392DDE9142010
:107A40006C68DDF858802E6804FB002206EB4206C5
:107A5000D8F800200192F7EE006A37E10F9AB8F9E2
:107A600008C0B8F90C7002F50044109A02F5004500
:107A70000FE0221403D4624501DA2A1406D5119AC4
:107A80001444129A013B1544023602E0BA4204DB68
:107A9000F5E7002BEDDC00F0E08011985A1E00FBAA
:107AA0000240001475D4604573DA129800FB02524C
:107AB00012146ED4BA42C0F2D0806AE0201462D4AC
:107AC000D8F8087087425EDD5FEA254C5BD4D8F8B1
:107AD0000C20624557DD3FB2019A0CFB070052F8BB
:107AE00020703A0E4FD003984243501CC2F30F222D
:107AF00012FA80F00012FF284FEA172208D1780905
:107B000000F4FC6002EA0A020243C7F3C40738E04B
:107B1000B6F800E06FEA00094FEA1E2BC7F3074CE6
:107B20005FFA89F90BF0F80B0CFB00FC0BFB09CC9E
:107B3000D2B24FEADE0B42430BF0FC0B1FFA8CFC77
:107B4000FFB20BFB09224FEACE0E92B278435FFAE6
:107B50008EFE0CF1010707EB1C2C0EFB0900571CD5
:107B600080B207EB12270CF47F4C7F09421C0CEA11
:107B70000A0C07F4FC6702EB10224CEA0707C2F379
:107B8000C4223A433280119A1444129A02361544A0
:107B9000013B002B92DC62E0B8F908702814221433
:107BA00007FB0022019850F822703A0E4FD003983C
:107BB0004243501CC2F30F2212FA80F00012FF2839
:107BC0004FEA172208D1780900F4FC6002EA0A02A1
:107BD0000243C7F3C40738E0B6F800E06FEA0009D3
:107BE0004FEA1E2BC7F3074C5FFA89F90BF0F80B2D
:107BF0000CFB00FC0BFB09CCD2B24FEADE0B42437C
:107C00000BF0FC0B1FFA8CFCFFB20BFB09224FEAB6
:107C1000CE0E92B278435FFA8EFE0CF1010707EBAD
:107C20001C2C0EFB0900571C80B207EB12270CF42A
:107C30007F4C7F09421C0CEA0A0C07F4FC6702EB3C
:107C400010224CEA0707C2F3C4223A433280119A49
:107C50001444129A02361544013B002B9CDC002987
:107C60003BDD30EE040A70EEA40AC6EE807A0E9B6D
:107C7000013931EE051A20EEA77AB0EE626A61EEA4
:107C8000277ABEEEC86A77EE622A8DED0F6AFEEEA5
:107C9000C82AB0EE436A37EEC33A12EE902ABEEE1F
:107CA000C83A92FBF3F313EE102ABEEEC86A1193A2
:107CB0000E9B92FBF3F30E9A12938DED106A029BCA
:107CC000B0EE673A18BF1346F0EE472A00293FF797
:107CD000C5AE029A002A3FF7C1AE05B0BDE8F08FED
:107CE00000F8FFFF2DE9F74F119D0192DDE9122009
:107CF0006C68DDF850E0DFF8808204FB00222C681D
:107D000004EB4204DEF800200092F7EE006A29E15D
:107D10000D9A0E98BEF908C0BEF90C7002F500422B
:107D200000F500400FE0151403D4654501DA051491
:107D300006D50F9D2A44109D013B2844023402E0E1
:107D4000BD4204DBF5E7002BEDDC00F0D2800F9E96
:107D50005D1E06FB052636146ED466456CDA109E51
:107D600006FB05052D1467D4BD42C0F2C28063E056
:107D700016145BD4DEF80870B74257DD5FEA204C7A
:107D800054D4DEF80C50654550DD3FB2009D0CFB2D
:107D9000076655F82660350EFF2D0AD1750908EAE9
:107DA000162705F4FC653D43C6F3C406354325801C
:107DB0003CE0DDB3B4F800906FEA050A4FEA1927FA
:107DC000C6F3074C5FFA8AFA07F0F8070CFB05FCCC
:107DD00007FB0ACC4FEAD90BC6F307276F430BF01A
:107DE000FC0B1FFA8CFCF6B20BFB0A774FEAC909B1
:107DF000BFB275435FFA89F90CF1010606EB1C2C42
:107E000009FB0A557E1CADB206EB17260CF47F4C1D
:107E100076096F1C0CEA080C06F4FC6607EB1527C4
:107E20004CEA0606C7F3C427374327800F9D2A4430
:107E3000109D02342844013B002B99DC5BE0BEF925
:107E400008700614151407FB0655009E56F82560A9
:107E5000350EFF2D0AD1750908EA162705F4FC65D1
:107E60003D43C6F3C406354325803CE0DDB3B4F89A
:107E700000906FEA050A4FEA1927C6F3074C5FFA2C
:107E80008AFA07F0F8070CFB05FC07FB0ACC4FEA5F
:107E9000D90BC6F307276F430BF0FC0B1FFA8CFCC2
:107EA000F6B20BFB0A774FEAC909BFB275435FFA16
:107EB00089F90CF1010606EB1C2C09FB0A557E1C06
:107EC000ADB206EB17260CF47F4C76096F1C0CEA5A
:107ED000080C06F4FC6607EB15274CEA0606C7F308
:107EE000C427374327800F9D2A44109D023428441D
:107EF000013B002BA3DC00293BDD30EE040A70EED1
:107F0000A40AC6EE807A0C9B013931EE051A20EEE8
:107F1000A77AB0EE626A61EE277ABEEEC86A77EEA3
:107F2000622A8DED0D6AFEEEC82AB0EE436A37EE86
:107F3000C33A12EE902ABEEEC83A92FBF3F313EE68
:107F4000102ABEEEC86A0F930C9B92FBF3F30C9AB7
:107F500010938DED0E6A019BB0EE673A18BF134681
:107F6000F0EE472A00293FF7D3AE019A002A3FF7E7
:107F7000CFAE03B0BDE8F08F00F8FFFF2DE9F04F62
:107F800085B0DFF8F4A2139D02929DF85C20039265
:107F9000DDE914206C68DDF858802E6804FB0022AF
:107FA00006EB4206D8F80820013222F001020092C6
:107FB000D8F800200192F7EE006A50E10F9AB8F964
:107FC00008C0B8F90C7002F50044109A02F500459B
:107FD0000FE0221403D4624501DA2A1406D5119A5F
:107FE0001444129A013B1544023602E0BA4204DB03
:107FF000F5E7002BEDDC00F0F98011985A1E00FB2C
:108000000240001400F1828060457FDA129800FB84
:10801000025212147AD4BA42C0F2E88076E02014F8
:108020006ED4D8F8082082426ADD2F1468D4D8F8BC
:108030000C20BA4264DD009A07FB02077A08019817
:10804000805CFF0755BF00F00F0200F0F00202EB6A
:10805000021202EB1012D2B2002A51D0039842430E
:10806000501CC2F30F2212FA80F0824A00121768E5
:10807000FF284FEA172208D1780900F4FC6002EAD1
:108080000A020243C7F3C40738E0B6F800E06FEA1B
:1080900000094FEA1E2BC7F3074C5FFA89F90BF072
:1080A000F80B0CFB00FC0BFB09CCD2B24FEADE0B49
:1080B00042430BF0FC0B1FFA8CFCFFB20BFB0922B6
:1080C0004FEACE0E92B278435FFA8EFE0CF10107B2
:1080D00007EB1C2C0EFB0900571C80B207EB122784
:1080E0000CF47F4C7F09421C0CEA0A0C07F4FC6775
:1080F00002EB10224CEA0707C2F3C4223A43328053
:10810000119A1444129A02361544013B002B86DC66
:108110006EE0009F20142A1407FB02025008019F02
:10812000385CD20755BF00F00F0200F0F00202EBFE
:10813000021202EB1012D2B2002A51D0039842432D
:10814000501CC2F30F2212FA80F04A4A001217683C
:10815000FF284FEA172208D1780900F4FC6002EAF0
:108160000A020243C7F3C40738E0B6F800E06FEA3A
:1081700000094FEA1E2BC7F3074C5FFA89F90BF091
:10818000F80B0CFB00FC0BFB09CCD2B24FEADE0B68
:1081900042430BF0FC0B1FFA8CFCFFB20BFB0922D5
:1081A0004FEACE0E92B278435FFA8EFE0CF10107D1
:1081B00007EB1C2C0EFB0900571C80B207EB1227A3
:1081C0000CF47F4C7F09421C0CEA0A0C07F4FC6794
:1081D00002EB10224CEA0707C2F3C4223A43328072
:1081E000119A1444129A02361544013B002B90DC7C
:1081F00000293BDD30EE040A70EEA40AC6EE807A58
:108200000E9B013931EE051A20EEA77AB0EE626AB4
:1082100061EE277ABEEEC86A77EE622A8DED0F6AAC
:10822000FEEEC82AB0EE436A37EEC33A12EE902A49
:10823000BEEEC83A92FBF3F313EE102ABEEEC86A04
:1082400011930E9B92FBF3F30E9A12938DED106A2D
:10825000029BB0EE673A18BF1346F0EE472A00299A
:108260003FF7ACAE029A002A3FF7A8AE05B0BDE8D2
:10827000F08F00BFE439012000F8FFFF2DE9F04F37
:1082800085B08846139C0392DDE914216068DDF80F
:1082900058C0DFF8D8E200FB0122206800EB420062
:1082A000DCF80820013222F001020192DCF8002003
:1082B0000292F7EE006A4BE10F9A1099BCF9087030
:1082C000BCF90C6002F5004201F500410FE0141406
:1082D00003D4BC4201DA0C1406D5119C2244129C32
:1082E000013B2144023002E0B44204DBF5E7002BFD
:1082F000EDDC00F0F280119D5C1E05FB04252D14C1
:108300007ED4BD427CDA129D05FB0414241477D47C
:10831000B442C0F2E28073E015146BD4DCF808407C
:10832000AC4267DD0E1465D4DCF80C40B44261DD6C
:10833000019C06FB04567408029D2C5DF60755BF90
:1083400004F00F0404F0F00504EB041405EB14151D
:1083500054BFE5B2EDB2FF2D0DD1DEF80050824CD6
:1083600004EA15266C0904F4FC643443C5F3C4051F
:108370002C4304803EE0002D3CD0DEF80040B0F8F5
:1083800000906FEA050A4FEA1926C4F307475FFA1F
:108390008AFA06F0F80617FB05F706FB0A774FEA9C
:1083A000D90BC4F3072616FB05F60BF0FC0BBFB286
:1083B0000BFB0A664FEAC909E4B2B6B214FB05F436
:1083C0005FFA89F97D1C05EB172709FB0A44751C28
:1083D000A4B205EB162507F47F476D09661C6FF301
:1083E0000A0705F4FC6506EB14263D43C6F3C426D4
:1083F0002E430680119C2244129C02302144013BF2
:10840000002B89DC6BE0019E14140D1406FB05455E
:108410006C08029E345DED0755BF04F00F0404F0B4
:10842000F00504EB041405EB141554BFE5B2EDB2EE
:10843000FF2D0DD1DEF800504B4C04EA15266C09D7
:1084400004F4FC643443C5F3C4052C4304803EE0CB
:10845000002D3CD0DEF80040B0F800906FEA050A2D
:108460004FEA1926C4F307475FFA8AFA06F0F806BE
:1084700017FB05F706FB0A774FEAD90BC4F307266B
:1084800016FB05F60BF0FC0BBFB20BFB0A664FEABE
:10849000C909E4B2B6B214FB05F45FFA89F97D1C90
:1084A00005EB172709FB0A44751CA4B205EB16253A
:1084B00007F47F476D09661C6FF30A0705F4FC6536
:1084C00006EB14263D43C6F3C4262E430680119CBA
:1084D0002244129C02302144013B002B93DCB8F172
:1084E000000F3DDD30EE040A70EEA40AC6EE807A7D
:1084F0000E9BB8F1010831EE051A20EEA77AB0EE16
:10850000626A61EE277ABEEEC86A77EE622A8DED66
:108510000F6AFEEEC82AB0EE436A37EEC33A12EE97
:10852000902ABEEEC83A92FBF3F313EE102ABEEE89
:10853000C86A11930E9B92FBF3F30E9A12938DED82
:10854000106A039BB0EE673A18BF1346F0EE472A55
:10855000B8F1000F3FF7B0AE039A002A3FF7ACAE78
:1085600005B0BDE8F08F00BF00F8FFFFE43901203F
:1085700070472DE9F04389B0054607A80E46174617
:10858000ADF81C30FDF782FD2B68044607A8D3F830
:108590001C90FDF789FC804607A8FDF7B9FC009404
:1085A000CDE901803B4604A832462946C84720460B
:1085B00009B0BDE8F08300002DE9FF4700230093D8
:1085C0003C4B1B780BB93C4A00E03C4AB2F9002016
:1085D000ADF804200BB9394B00E0374BB3F900304C
:1085E00008684968ADF8063002AC02AB03C36946BF
:1085F0002046F9F797FD6846F9F750FDBDF80830B9
:10860000BDF800202E4E1344ADF80830BDF802200E
:10861000BDF80A3030681344ADF80A300368DB6BEC
:108620009847C30706D53068036894E806001B6EB8
:1086300098473BE03068BDF90E500368BDF90C90D7
:108640005B6BDFF874809847BDF90820BDF80A100D
:10865000BDF8043013FB012300EB430730680368C7
:10866000DB6A9847B8F80010BDF90A20BDF9083058
:1086700001FB023300EB4304694304EB41054FEA7D
:1086800049090DE0D2F838A04B463A462146D0477A
:10869000B8F8003004EB4304BDF9043007EB43079E
:1086A0003068AC420268EDD3136B984704B0BDE864
:1086B000F08700BFCA390120D0390120CE3901200E
:1086C000D83901202DE9F04F8BB00D469DF8506050
:1086D0009DF854801446002E00F0D3802068616815
:1086E000694F06AA03C21868596803C206A8F9F7B9
:1086F000D5FC214608A8F9F715FDBDF92020BDF9E4
:108700002230BDF81C103868BDF924A0BDF92690B0
:1087100011FB032105EB4105BDF818100A44ADF823
:108720002020BDF81A201344ADF822300368DB6B1B
:108730009847FF2E05D1B8F1000F1CD110F0010FA2
:1087400001E010F0040F16D0386800220368039689
:10875000CDE90482BDF81C2002921FFA89F2019231
:108760001FFA8AF200929C6CBDF82020BDF82230DE
:108770002946A04785E03868DFF810810368DB6A86
:108780009847B8F80030BDF92210BDF92020FF2E1F
:1087900003FB012200EB420409FB03F34FEA4A0901
:1087A00059D0C6F1FF0704EB430EBFB24BE004EB18
:1087B000090BA44639E0BCF8000035F8023B020A78
:1087C000190A02F0F80201F0F80112FB07F201FBAE
:1087D0000622C108DC0801F0FC0104F0FC0411FBD6
:1087E00007F104FB061189B2DB0092B2DCB2C300D0
:1087F000481C00EB1120DBB2511C01EB122113FBD2
:1088000007F304FB0633400901F47F419BB26FF389
:108810000A0100F4FC6040EA0102591C01EB132339
:10882000C3F3C42313432CF8023BDC45C3D3B8F88D
:108830000040BDF91C30A4EB0A04A3EB0A030CEBC7
:10884000440405EB43057445B1D30F4B1868036826
:108850001B6B984715E004EB43060DE0D3F838A0F6
:108860002A464B462146D047B8F8003004EB430473
:10887000BDF91C3005EB43053868B4420368EDD3FD
:10888000E3E70BB0BDE8F08FD8390120D0390120E3
:108890002DE9F04F8DB08146BDF858809DF85CB051
:1088A00028F00205082D0C4616461F4600F0D2811E
:1088B000B8F1000F40F02283BBF1FF0FCF4D1CD168
:1088C0002046FDF7E3FB019028680368DB6A9847C0
:1088D00071680546306808AB03C308A8F9F7DEFBEA
:1088E000386879680AAB03C33146C54E0AA8F9F760
:1088F00019FC3378012B0CD107E028680368D3F802
:10890000AC3098470128DBD0F1E22046FDF700FBB0
:1089100002E02046FDF7C8FA33780090012B20468C
:1089200002D1FDF7C1FA01E0FDF7F2FA009BBDF9B3
:108930002220DFF8D8921C04BDF92430B9F80010C9
:10894000013B012B38BF0123013CB4FBF3F4BDF91B
:108950002630013B012B4FEA004000F1FF3038BFC9
:108960000123B0FBF3F30293BDF92A30BDF92000D7
:108970001A44BDF92830034401FB0233BBF1FF0F59
:1089800005EB430500F057816300049304EB4403B7
:10899000079304EB8403069306236343DFF868829E
:1089A00005934FF0000ACCE0BDF92A70029BBDF997
:1089B000286057445F43009B3F0C5F43019B664325
:1089C00003EB470700224AE0079A4346B21808F52E
:1089D0008071300C264437F810001880300C1033AA
:1089E00037F8100023F80E0C101B000C37F810009D
:1089F00023F80C0C100C224437F8100023F80A0C52
:108A0000100C224437F8100023F8080C100C37F82B
:108A1000100023F8060C06980644300C264437F85C
:108A2000100023F8040C300C264437F8100023F80B
:108A3000020C059899420244CBD140464FF4807114
:108A4000E8F70BF85B46802241464846E8F746F8CF
:108A50006C4A6D4B984508BF1346039A9846BDF97A
:108A60002C0002F18003834205EB42090393ABDD46
:108A700082425DDAA0EB020C434626442CF0070C40
:108A8000002532E04FEA114E360C37F81EE023F88D
:108A900010EC37F8166023F80E6C049E8E19310C1A
:108AA000264437F8111023F80C1C310C264437F8F3
:108AB000111023F80A1C310C264437F8111023F842
:108AC000081C310C264437F8111023F8061C310C11
:108AD000264437F8111023F8041C310C083537F8F8
:108AE000111023F8021C04990E446545A6EB0401FD
:108AF00003F11003C6D106E00B0C214437F8133004
:108B000028F81530013553199842F5DC6E004046BF
:108B10003146E7F7A2FF5B462A4641464846E7F75B
:108B2000DDFF394B374A984508BF1346B144984694
:108B3000364B1888BDF92C30C01A09EB40050AF1F4
:108B4000010ABDF92E309A45FFF62EAFC7E1BDF9F7
:108B50002A20029B3A445A43009B120C5A43019B21
:108B600003EB4202BDF9283003FB044328464FF0D3
:108B700000080EEB030534E0300C1B0C32F810003B
:108B800021F8100C32F8133021F80E3C0EEB0603DE
:108B9000180C08F1080832F8100021F80C0C280C09
:108BA000254432F8100021F80A0C280C32F8100085
:108BB00021F8080C03980344180C234432F81000E1
:108BC00021F8060C180C234432F8100021F8040C8C
:108BD000180C734432F8100021F8020C0498054474
:108BE0000846BDF92CB008F1070AD345A3EB0406EB
:108BF00000F11001C446BFDC12E000BFD8390120EB
:108C0000CA3901200001002000020020D0390120D3
:108C1000330C0CF1010C32F8133020F8023B2644DF
:108C2000BDF92C106145F3DCB9F800305B1A00EB9C
:108C30004305013708E004EB44030393C4EBC4038A
:108C400000274FEA440E0493BDF92E309F42FFF6F1
:108C50007EAF46E1AE4D28680368D3F8AC30984744
:108C6000012840F044813068716808AB03C308A84C
:108C7000F9F714FA386879680AAB03C33146A54E90
:108C80000AA8F9F74FFA3378012B204602D1FDF7F5
:108C90003FF901E0FDF708F933780090012B2046F9
:108CA00002D1FDF701F901E0FDF732F9009B9A4F7F
:108CB0001E04BDF92430013B012B38BF0123013EC6
:108CC000B6FBF3F6BDF92630013B012B4FEA00401D
:108CD00038BF01230138B0FBF3F320460393FDF7BF
:108CE000D5F9049028680368DB6A9847BDF92A30F3
:108CF000BDF92220BDF920401A44884B1988BDF9DE
:108D00002830234401FB023300EB43087300029335
:108D100006EB4603079306EB86030693062373438D
:108D200005934FF0000AD5E0BDF92A50039BBDF929
:108D3000284055445D43009B2D0C5D43049B7443C8
:108D400003EB850500224AE0079A3B46A21807F587
:108D50008070210C344455F821101960210C203307
:108D600055F8211043F81C1C911B090C55F82110D3
:108D700043F8181C110C324455F8211043F8141C08
:108D8000110C324455F8211043F8101C110C55F801
:108D9000211043F80C1C06990C44210C344455F85E
:108DA000211043F8081C210C344455F8211043F8D5
:108DB000041C059998420A44CBD138464FF480717F
:108DC000E7F74BFE5B46402239464846E7F7C8FEC8
:108DD000534A514B9F4208BF1346019A1F46BDF9A3
:108DE0002C0002F14003834208EB42090193ABDD02
:108DF000824264DAA119A0EB020E3B4601912EF0EB
:108E0000070E4FF0000C35E04FEA11480CF1080C4A
:108E100055F8284043F8204C019C240C55F8244078
:108E200043F81C4C029C0C19210C344455F82110B9
:108E300043F8181C210C344455F8211043F8141C35
:108E4000210C344455F8211043F8101C210C3444F3
:108E500055F8211043F80C1C210C344455F821100E
:108E600043F8081C210C55F8211043F8041C029902
:108E7000611801910199F445A1EB060103F120036A
:108E8000C2D1644606E00B0C314455F8233047F854
:108E90002430013413199842F5DC3846A100E7F775
:108EA000DCFD5B46224639464846E7F759FE1A4B39
:108EB0001B4A9F4208BF134609EB44091F46174B44
:108EC000B3F80080BDF92C30A8EB030809EB480883
:108ED0000AF1010ABDF92E309A45FFF625AFE7F7F2
:108EE000BBFD0B4B186803681B6B98470DE0CDE981
:108EF000168B3B4632462146484601E0CDE9168BAB
:108F00000DB0BDE8F04FF7F7C5BD0DB0BDE8F08F6F
:108F1000D8390120CA39012000020020D0390120AF
:108F20000001002010B58C2104460CF022FF2046E1
:108F300010BD10B5042104460CF01BFF204610BDE7
:108F400010B5042104460CF014FF204610BD10B5E6
:108F500040F6440104460CF00CFF204610BD10B54D
:108F60004FF4827104460CF004FF204610BD10B58A
:108F7000042104460CF0FDFE204610BD10B504216E
:108F800004460CF0F6FE204610BD10B50421044640
:108F90000CF0EFFE204610BD10B5042104460CF085
:108FA000E8FE204610BD10B5042104460CF0E1FE99
:108FB000204610BD10B5042104460CF0DAFE204610
:108FC00010BD10B5042104460CF0D3FE204610BDA0
:108FD00010B5042104460CF0CCFE204610BD10B59F
:108FE000042104460CF0C5FE204610BD10B5042136
:108FF00004460CF0BEFE204610BD10B50421044608
:109000000CF0B7FE204610BD10B5042104460CF04C
:10901000B0FE204610BD10B5042104460CF0A9FE98
:10902000204610BD10B5042104460CF0A2FE2046D7
:1090300010BD10B5042104460CF09BFE204610BD67
:1090400010B5042104460CF094FE204610BD10B566
:10905000042104460CF08DFE204610BD10B50421FD
:1090600004460CF086FE204610BD10B504210446CF
:109070000CF07FFE204610BD10B5042104460CF014
:1090800078FE204610BD10B5042104460CF071FE98
:10909000204610BD10B5042104460CF06AFE20469F
:1090A00010BD10B5042104460CF063FE204610BD2F
:1090B00010B5042104460CF05CFE204610BD10B52E
:1090C000042104460CF055FE204610BD10B50421C5
:1090D00004460CF04EFE204610BD10B50421044697
:1090E0000CF047FE204610BD10B5042104460CF0DC
:1090F00040FE204610BD00002DE9F04F8FB0144611
:109100009DF86020059281460D46002A00F0A3825A
:10911000206861680AAA03C21868596803C20AA8CD
:10912000F8F7BCFF21460CA8F8F7FCFFBDF92C00AE
:10913000BDF83010B0F5806FD7BF83B201234FF474
:109140008062B2FBF3F3009305F10803009A0693E3
:10915000BDF92E301344013B93FBF2F3069A013B19
:109160009BB202EB83030793009ABDF9323093FB65
:10917000F2F4A2B20392039D009A05FB123212FB95
:1091800000F20A44A4B295B23CB1621E069850F8AF
:109190002260079A36BA164400E0079EBDF82820E0
:1091A000BDF93640DFF804831144BDF82A20ADF83C
:1091B00030101344ADF83230BDF934300193B94B5F
:1091C00018680368DB6A9847B74BBDF932101A88F4
:1091D000BDF9303002FB0133544300EB430707EB8A
:1091E000440309930024BDF92C3095FBF3F3049359
:1091F00009F104034FF480722146184608930DF0DC
:1092000008F819E23278FE2AD3B21FD196F801B0DD
:10921000B0785FFA8BFB311DF6786BF30704C0B2B0
:1092200060F30F24F6B200EB800066F317441AFBDC
:109230000606230E1EFB0B6B1CFB03B303F03F0360
:1092400009EB83036A1E95B25C60A2E0FF2B22D17A
:109250007078B37896F803B0C0B260F30704DBB25D
:1092600063F30F245FFA8BFB711D03EB83033679E5
:109270006BF317441AFB0B3BF6B21EFB00B066F310
:109280001F641CFB060606F03F0609EB86066A1EF5
:1092900095B274607DE09A0906F1010103D109EBF2
:1092A00083035C682AE0012A2BD103F00300023813
:1092B00004EBC000C0B203F00C0260F30704083AEC
:1092C00002EB142202F0FF0262F30F24C3F3011336
:1092D000C4F30746023B06EBC303DBB202EB820298
:1092E00063F317441AFB0323260E1EFB00301CFBFE
:1092F000060606F03F0609EB860674606A1E95B204
:1093000047E0022A03F03F0330D1B11C7678A3F185
:10931000200006F00F03083B034404EBC303DBB259
:1093200063F30704C4F3072202EB8002D2B23609CA
:1093300062F30F24083E0644C4F3074000EBC60066
:10934000C0B202EB8202032660F3174416FB00262C
:10935000072212FB03624FEA146B0B2313FB0B2350
:1093600003F03F0309EB83035C60C7E70133AB42C3
:109370000DDD0198019A5B1B9842A8BF1846121A8E
:109380000292220EA3EB000513D000220DE0EB1A8F
:109390009DB20E46002D7FF435AF019B02933146FE
:1093A000AB4609E048F822400132831A002BF9DC71
:1093B00001E007EB400793460E46FAE0B2461AF882
:1093C000011BFE29CBB214D17178B378F578C9B2FC
:1093D000DBB261F3070463F30F24EDB265F31744C6
:1093E00006F1040A03EB83030326200E16FB053562
:1093F00085E0FF2B1DD17078B378F5783179C0B254
:1094000060F30704DBB263F30F24EDB203EB8303D5
:1094100006F1050A032665F3174416FB05350723F5
:10942000C9B213FB00500B2361F31F6413FB01034C
:109430006BE09D0904D109EB83035C6801256BE0B7
:10944000012D4FEA146033D103F00306023E04EB12
:10945000C606F6B203F00C0166F30704083901EB07
:10946000142101F0FF0161F30F24C3F30113C4F3CE
:10947000074C023B0CEBC303DBB201EB81014FF065
:10948000030C63F317441CFB031C072313FB06CCDC
:109490000B2313FB00C303F03F0309EB83035C6062
:1094A0003AE000BFD8390120D03901200002002065
:1094B000022D03F03F032ED106F1020A767806F062
:1094C0000F01203B0839194404EBC101C9B261F313
:1094D0000704C4F3072505EB8305EDB2360965F3F0
:1094E0000F24083E1E44C4F3074303EBC603DBB25C
:1094F00005EB8505032663F3174416FB0355072385
:1095000013FB01510B2313FB001303F03F0309EB83
:1095100083035C6092E75D1C029E029BAE42A8BF83
:109520002E469B1B0293230EA5EB060519D1BBF11A
:10953000000F12D040464FEA8B01E7F78EFA059BE9
:109540005A4641463846E7F70BFB444B444A984598
:1095500008BF134607EB4B07984607EB4607002664
:1095600025E006EB0B03402B1DDD4FEA8B01404647
:10957000E7F773FA059B5A4638464146E7F7F0FA93
:10958000364B984507EB4B074FF0000B09D1DFF83E
:10959000D08008E00BF1010BB34543F8044BF9D13F
:1095A00005E0DFF8B88008EB8B035E44F2E7B346D2
:1095B0005646029B002B3FF701AFBBF1000F0CDDBD
:1095C0004FEA8B014046E7F748FA3846059B5A4672
:1095D0004146E7F7C5FA07EB4B07224B019A1B8878
:1095E0009B1A07EB4307049B01330493049A009BE7
:1095F000934219D1039B039A089803F1010A069B31
:1096000053F82260079BBDF8302036BA1E44BDF8DF
:1096100028300024D21A95B221464FF480720CF003
:10962000F8FDCDE903A405E0BDF82C20019BD21A7A
:10963000521B95B2E7F710FA099BBB4206D94FF0CF
:10964000030A4FF0070E4FF00B0CA3E6064B186809
:1096500003681B6B98470FB0BDE8F08F0002002035
:1096600000010020D0390120D83901202DE9F04F28
:109670008FB00D469DF8648004921C46189AB8F18C
:10968000000F00F00F81206861680AAB03C3106807
:10969000516803C30AA8F8F701FD21460CA8F8F7A2
:1096A00041FDBDF92C00BDF92E60BDF83010B0F5BC
:1096B000806FD7BF4FF48064012483B2B4FBF3F40E
:1096C000BDF9323093FBF4F2264497B2013E96FB8B
:1096D000F4F607FB143414FB00F40C44A4B227B1D5
:1096E000049A52F8272012BA1544BDF82820BDF973
:1096F00036701144BDF82A20ADF830101344ADF88F
:109700003230BDF934300193684B18680368DB6A66
:109710009847674BBDF932101A88BDF9303002FB0B
:109720000133574300EB4300B6B200EB4703B600EA
:109730000593331D0693019B002CC8F1FF020CBF5B
:109740009E464FF0000E002392B21FFA8EFE029347
:1097500003929EE053B92A78930902F03F020292E5
:109760005A1E022A8ABF6B780135023574B19C42B9
:1097700095BF1B1BE31ABDF804109CB287BF71464E
:109780004FF0000A1FFA83FA002480E002221646F6
:109790000699029A16FB0212049973458E5A2BBF42
:1097A000A3EB0E0AAEEB0301F146994627BF1FFA61
:1097B0008AFA214689B2A246B8F1FF0F4FEA490959
:1097C00001D181444FE0320A02F0F80202FB08F2B4
:1097D0000792F20802F0FC02F60002FB08F2F6B271
:1097E000089206FB08F20992814437E00288039F41
:1097F000039E4FEA122C0CF0F80C1CFB07FC079F91
:10980000BC44D70807F0FC0717FB06F7089ED200F8
:109810003744039ED2B21FFA8CFC12FB06F2099E5B
:10982000BFB20CF1010B0BEB1C2B324407F1010C06
:1098300092B20CEB172C0BF47F4B4FEA5C1C571CBD
:109840006FF30A0B0CF4FC6C07EB12274BEA0C0CC1
:10985000C7F3C42747EA0C0720F8027B8145C5D12E
:1098600003E020F8026B8145FBD173450FD3BDF8AF
:109870000410BDF82C400E4B019A1B88641AA4B248
:10988000002CA3EB020318BF002100EB430053465A
:109890008E46059A82423FF65DAF044B1868036816
:1098A0001B6B98470FB0BDE8F08F00BFD83901207F
:1098B000D03901202DE9F04F99B01C469DF88C302D
:1098C0000393CDE910120546229A002B00F0CB81BC
:1098D0002068616814AB03C31068516803C314A8FF
:1098E000F8F7DCFB214616A8F8F71CFCBDF954205C
:1098F000BDF95660BDF95E70B2F5806FDEBF93B200
:109900004FF48061B1FBF3FBBDF95A30BDF858103C
:10991000C8BF4FF0010B93FBFBF080B200FB1B3480
:1099200014FB02F4BDF850200B900C441144BDF818
:109930005220ADF858101344ADF85A30BDF95C30E0
:1099400004939D4B18680368DB6A98479B4BBDF9ED
:109950005A101A88BDF9583002FB013300EB43035B
:1099600057435E44019303EB4703013E0C9396FB80
:10997000FBF6119B049A0136B6B203EB8606331D43
:109980000D93039BA4B2C3F1FF03002C18BF002268
:1099900000219BB292B209910A9352E1BDF8543072
:1099A000B4FBF3F3ABEB03039BB21293B378717880
:1099B0000F921B0243EA0143F17836780E960B436F
:1099C000109919440136059601F1010A109E497853
:1099D000F35C85F80438090201F4807119434FF0F3
:1099E00001080023089106931946CDF808804346E4
:1099F00063E0002F57D102999AF80130029EC1F11D
:109A000007018B409AF80010DBB2314141EA430173
:109A100033460133DBB2082B02930E9B08BF02973B
:109A20001FFA81FC14BF0AF1010A0AF1020A634518
:109A300002D3C9B201231FE0059B9C4509D305EB66
:109A4000080395F8041883F8041808F101039BB281
:109A500018E005EB810105F6040E4B7961465E1EA8
:109A600007E005EB810191F804900EF80690C98893
:109A7000013E002EF5DCC9B285F804180599B1F550
:109A8000007F15D2059995F8046805EB810108F16E
:109A900001080E71089ECE8081F80580059901317C
:109AA00089B2059104E03B46DDF820C0374600E06E
:109AB00098460F92CDF820C0394674B1A34204D223
:109AC000E31A9CB20E460027B5E01B1B2144BDF8EB
:109AD00010209FB28EB20024ADE09342039827BFBE
:109AE0009F1A1646D21A1E4627BFBFB2224692B20E
:109AF00027460E44FF28B6B25BD16FE0481C2944CC
:109B0000139091F804180D9830F8119001990A9863
:109B1000098807914FEA112E0EF0F80E4FEA192C22
:109B20001EFB00FE03980CF0F80C0CFB00EE4FEA55
:109B3000D90C0CF0FC00014607984FEAD00C0A98AB
:109B40000CF0FC0C1CFB00FC039801FB00CC0799FB
:109B50000A98C900C9B211FB00F14FEAC90903987C
:109B60001FFA8EFE5FFA89F91FFA8CFC09FB0011BF
:109B70000EF1010909EB1E290CF1010E89B20EEB61
:109B80001C2E09F47F4901F1010C4FEA5E1E0CEB1B
:109B9000112C6FF30A090EF4FC6E019949EA0E0EBE
:109BA000CCF3C42C4CEA0E0C21F802CB0191BDF889
:109BB0004C10B142A2D113E0D8390120D039012094
:109BC00001F1010C29440D9891F8041830F8111096
:109BD000019820F8021B1FFA8CF10190B142EFD1DD
:109BE0000F998B4227D3214B049A1B889B1A019A09
:109BF00002EB43030193069B129A013393420693AF
:109C000010D1BDF85030BDF85840E41AA4B2049BFE
:109C1000002C08BF1A46099B18BF0022013392B2DC
:109C200009930EE0BDF81020BDF85440A41AA4B268
:109C3000002C18BF00220C9B01998B423FF6D9AE35
:109C40000CE0099B0B9911FA83F6119B01990136DF
:109C500003EB86060C9B8B423FF6A0AE044B1868C4
:109C600003681B6B984719B0BDE8F08FD03901200D
:109C7000D83901202DE9F04F93B00D469DF870B012
:109C800002901446BBF1000F00F0DB82206861688F
:109C90000EAA03C21868596803C20EA8F8F7FEF9A5
:109CA000214610A8F8F73EFABDF93C20B2F5806FC6
:109CB000D7BF93B201234FF48061B1FBF3F3039359
:109CC00005F1080303990993BDF93E300B44013BAC
:109CD00093FBF1F30999013B9BB201EB83030A93D8
:109CE0000399BDF9423093FBF1F084B20694069DCE
:109CF000039CBDF8401005FB143616FB02F60E441B
:109D0000B6B23DB16A1E099850F822500A9A2DBA8F
:109D1000154400E00A9DBDF83820BDF94670114495
:109D2000BDF83A20ADF840101344ADF84230BDF90B
:109D300044300493B14B18680368DB6A9847B04B12
:109D4000BDF942101A88BDF9403002FB0133574378
:109D500000EB430404EB47030C93BDF93C3096FB46
:109D6000F3F308936FEA0B03DBB20593029B043312
:109D70001846802200210B930CF04BFAA14B009364
:109D800000234FF0000707934EE215F8012BD3B2E2
:109D9000920904D1029A02EB43039F882BE0012A27
:109DA0002CD1C7F3040203F00301023A0A4402F083
:109DB0001F0262F30407C7F34510C3F381010238A1
:109DC000014401F03F0161F34A17C7F3C420C3F314
:109DD00001130238034403F01F0301EB810163F315
:109DE000CF2719FB031318FB0232029B02F03F023C
:109DF00003EB42029780013EB6B239E0022A03F03B
:109E00003F032ED11CE096460CF1010C1EF8021BFC
:109E1000527841EA0221C1F3451000EB80004FEA7D
:109E2000D12A19FB0A0A01F01F02029818FB02A2AC
:109E300002F03F0200EB42020F469180724602E0C0
:109E40002A464FF0000C9C45DDDB9E4206D29B1B50
:109E50000193012305EB460507930FE005EB43054E
:109E600004E09E4202D29B1B019307E0F31A9EB2CC
:109E7000002E8AD1DDF810900196B1E0019B002BF5
:109E800040F3AC8004989842A8BF1846049BA3EB0B
:109E90000009019B1B1A0193079B04EB400A002B4E
:109EA00054D0BBF1FF0F40D14BE02E46059816F879
:109EB000022B6B7842EA032223881D0A110A05F05F
:109EC000F80501F0F80115FB00F501FB0B55D90869
:109ED0004FEAD20C01F0FC01DB000CF0FC0C11FB92
:109EE00000F1D200DBB2ADB202F0F8020CFB0B11B4
:109EF00013FB00F389B202FB0B336A1C02EB152241
:109F00004D1C05EB112102F47F4249099BB201F47B
:109F1000FC616FF30A020A43591C01EB1323C3F3DC
:109F2000C423134324F8023B35465445BDD30AE00D
:109F30002B4613F8022B697842EA012224F8022BFF
:109F40001D465445F4D30023079349E0BBF1FF0FAE
:109F5000BAB240D04FEA122C4FEAD20ED2000CF027
:109F6000F80C0EF0FC0ED2B20CFB0BFC0EFB0BFE41
:109F700002FB0BF22AE023880598190ADE0801F09B
:109F8000F80101FB00C106F0FC0689B206FB00E601
:109F9000DB00B6B201F10108DBB208EB112803FBCC
:109FA0000023711C9BB201EB162108F47F4849097C
:109FB0005E1C6FF30A0801F4FC6106EB132648EA05
:109FC0000101C6F3C4260E4324F8026B5445D2D3D4
:109FD00006E024F8022B5445FBD301E0DDF8109095
:109FE0000026DCE015F8013B5FFA83F89B090BD1F2
:109FF000029B03EB4808B8F8047033E0D83901201D
:10A00000D039012000020020012B33D1C7F3040214
:10A0100008F00303023A1A4402F01F0262F3040735
:10A02000C7F34511C8F3810302390B4403F03F0322
:10A0300063F34A17C7F3C4210239C8F301188844EF
:10A0400008F01F0803EB8303032111FB08310723EA
:10A0500013FB0213029A03F03F0302EB430368F37E
:10A06000CF279F80BBF1FF0F5CD124F8027B09F161
:10A07000FF3994E0022B08F03F0855D1C145CA468C
:10A08000A8BFC246BBF1FF0F18D006EB0A03402B56
:10A0900014DD7300194600980193E6F7DEFC3246A2
:10A0A0005B4620460099E6F719FD019B009A1C4487
:10A0B000654B9A4208BF654B0093002600214FF084
:10A0C000030E27E0AC4651451CF8023B6A7843EA90
:10A0D0000223C3F3451000EB80004FEAD3251EFB9B
:10A0E000050503F01F024FF0070010FB0252029813
:10A0F00002F03F0200EB42021F46938008DABBF1F8
:10A10000FF0F17BF009A24F8023B22F816300136E1
:10A11000013165464145D5DBA8EB0A03A9EB0A09E5
:10A1200001933CE04FF00108C145CA46A8BFC246B2
:10A13000A8EB0A03BBF1FF0FA9EB0A0901931FFA71
:10A1400087F825D006EB0A03402B1CDD7300194667
:10A1500000980D93E6F781FC32465B462046009955
:10A16000E6F7BCFC0D9B384A1C44009B93424FF021
:10A17000000606D1354B05E0009B23F8168001361A
:10A1800002E0314B0093B244B245F5D1564606E0A9
:10A1900004EB4A0A01E024F8028BA245FBD8B9F18E
:10A1A000000F3FF71FAF002E0CDD4FEA4608009866
:10A1B0004146E6F752FC204600995B463246E6F7F8
:10A1C0008DFC4444224B049A1B889B1A04EB4304E5
:10A1D000089B01330893089A039B93421BD1069B6B
:10A1E000069ABDF840600B9803F10108099B53F8EB
:10A1F00022500A9B2DBA1D44BDF838308022002120
:10A20000F61A0CF006F80023B6B24FF00007CDF8AE
:10A210001880089306E0049BBDF83C60F61A019B89
:10A22000F61AB6B2E6F718FC0C9BA34204D94FF01D
:10A2300003094FF007081BE6064B186803681B6B01
:10A24000984713B0BDE8F08F000200200001002005
:10A25000D0390120D83901202DE9F04F8FB01C46AC
:10A260009DF8643003920091189A0293002B00F03D
:10A270004381206861680AAB03C31068516803C357
:10A280000AA8F7F70BFF21460CA8F7F74BFFBDF91B
:10A290002C00BDF92E60BDF83010B0F5806FD7BF2F
:10A2A0004FF48064012483B2B4FBF3F4BDF932307F
:10A2B00093FBF4F2264497B2013E96FBF4F607FBBB
:10A2C000143414FB00F40C44A4B237B1039A009880
:10A2D00052F8272012BA10440090BDF82820BDF98A
:10A2E00034B0BDF936701144BDF82A20ADF83010F5
:10A2F0001344ADF83230824B18680368DB6A984724
:10A30000804BBDF932101A88BDF9303002FB0133A1
:10A3100000EB43005743B6B200EB4703B600002CF6
:10A32000059306F1040306930CBF59460021002350
:10A3300089B20193D7E083B9009B1A78930902F0A0
:10A340003F0201925A1E022A91BF009A009B009A76
:10A350005B7894BF01320232009274B19C4291BF8B
:10A360001B1BE31A9CB20A468FBF4FF000081FFA6E
:10A3700083F81FFA8BF20024B3E00422069E1546F0
:10A38000019A15FB0262039E56F802C08B4227BF5A
:10A39000A3EB01080F46CA1A1F464FEA1C6627BFE7
:10A3A0001FFA88F8224692B2A0467F00002E00F0E5
:10A3B0008680FF2E4FEA1C2E17D1029DFF2D14D14F
:10A3C000514E4FEA5C1909F4FC690EEA060649EAA7
:10A3D0000606CCF3C40C46EA0C06B6B2074401E00C
:10A3E00020F8026B8742FBD16AE0029D6E4306F1C2
:10A3F0000109C6F30F2616FA89F66FEA2629CCF36F
:10A40000074AC6F30F261AFB06FA5FFA8EFE1FFAFA
:10A410008AF51EFB06FE5FFA8CFC07951CFB06FC0A
:10A420001FFA8EF508951FFA8CF50995C5195FFA84
:10A4300089F904953FE0B0F800E04FEA1E2C0CF0DB
:10A44000F80545EA5C1C079D4FEADE0A0AF0FC07A6
:10A450000CFB095CCAF3811A089D4FEACE0E47EA4D
:10A460000A071FFA8CFC5FFA8EF607FB0957CEF33A
:10A47000421E099DBFB246EA0E060CF1010E0EEB1C
:10A480001C2E06FB095607F1010CB6B20CEB172C7B
:10A490000EF47F4E4FEA5C1C771C6FF30A0E0CF42F
:10A4A000FC6C07EB16274EEA0C0CC7F3C42747EAEF
:10A4B0000C0720F8027B049D8542BCD100E03844A3
:10A4C0008B420ED3BDF82C400E4B1FFA8BF2A41A10
:10A4D0001B88A4B2002CA3EB0B0318BF002200EBD7
:10A4E000430043461146059A82423FF624AF044B8F
:10A4F000186803681B6B98470FB0BDE8F08F00BF6A
:10A50000D8390120D039012000F8FF002DE9F04FA3
:10A5100091B01C469DF86C80049201911A9AB8F192
:10A52000000F00F02F81206861680CAB03C3106836
:10A53000516803C30CA8F7F7B1FD21460EA8F7F741
:10A54000F1FDBDF93400BDF93660BDF83810B0F545
:10A55000806FD7BF4FF48064012483B2B4FBF3F45F
:10A56000BDF93A3093FBF4F2264497B2013E96FBD4
:10A57000F4F607FB143414FB00F40C44A4B237B116
:10A58000049A019852F8272012BA10440190BDF89D
:10A590003020BDF93CB0BDF93E701144BDF8322009
:10A5A000ADF838101344ADF83A30784B18680368AA
:10A5B000DB6A9847764BBDF93A101A88BDF93830F6
:10A5C00002FB013300EB43005743B6B200EB4703F5
:10A5D000B6000693331D07936FEA0803DBB2002C25
:10A5E00002930CBF59460021002389B20393C0E0B7
:10A5F00083B9019B1A78930902F03F0203925A1E15
:10A60000022A91BF019A019B019A5B7894BF0132A3
:10A610000232019274B19C4291BF1B1BE31A9CB29F
:10A620000A468FBF4FF000091FFA83F91FFA8BF219
:10A6300000249CE00322079E1546039A15FB02673F
:10A64000049A8B4202EB070C2BBFA3EB0109CA1A39
:10A650000E461E4627BF1FFA89F9224692B2A1462E
:10A66000B8F1FF0F4FEA460601D106446CE09CF8B2
:10A6700002E09CF801C00EFB08F508950CFB08F5FC
:10A680000995049DEF5D07FB08F50A958519059569
:10A6900044E0B0F800E04FEA1E2C4FEADE0A4FEA31
:10A6A000CE0E5FFA8EF60CF0F8050B9645EA5C1CB0
:10A6B000029E089D0AF0FC070CFB065CCAF3811A97
:10A6C000099D47EA0A0707FB06570B9DCEF3421E7A
:10A6D0001FFA8CFC1FFA87FA45EA0E06029F0A9DB4
:10A6E0000CF1010E06FB07560EEB1C2E0AF1010CB5
:10A6F000B6B20CEB1A2C0EF47F4E4FEA5C1C771CA2
:10A700006FF30A0E0CF4FC6C07EB16274EEA0C0CE8
:10A71000C7F3C42747EA0C0720F8027B059D854252
:10A72000B7D113E09CF801709CF802E0194DFF00CE
:10A7300005EA0E2E07F4FC674EEA07079CF800E0D6
:10A7400047EADE0720F8027B8642EBD18B420ED32C
:10A75000BDF834400E4B1FFA8BF2A41A1B88A4B22A
:10A76000002CA3EB0B0318BF002200EB43004B4669
:10A770001146069A82423FF63BAF044B18680368C5
:10A780001B6B984711B0BDE8F08F00BFD83901208E
:10A79000D039012000F8FFFF2DE9F04F9DB01C4695
:10A7A0009DF89C300993CDE90E128046269A002B25
:10A7B00000F0D0812068616818AB03C3106851684D
:10A7C00003C318A8F7F76AFC21461AA8F7F7AAFCF2
:10A7D000BDF96420BDF96650BDF96E60B2F5806FB9
:10A7E000DEBF93B24FF48061B1FBF3FBBDF96A3079
:10A7F000BDF86810C8BF4FF0010B93FBFBF080B2AF
:10A8000000FB1B3414FB02F4BDF860200A900C44DA
:10A810001144BDF86220ADF868101344ADF86A30F9
:10A82000BDF96C300393A64B18680368DB6A984740
:10A83000A44BBDF96A101A88BDF968305D4402FB6B
:10A840000133013D95FBFBF501355643ADB200EBFD
:10A85000430A0AEB4603AD000B932B1DA4B21093E1
:10A86000039B002C0CBF1A46002292B2002350E139
:10A87000BDF86430B4FBF3F3ABEB03039BB211936D
:10A88000837841780D921B0243EA0143C178007836
:10A890000C900B430E99013019440490481C019010
:10A8A00049780E980902C35C88F8043801F4807175
:10A8B00019434FF0010E002308F604000791059399
:10A8C0001946CDF808E0734617905FE0009B002B17
:10A8D00054D1019B02995B780298C1F107018B402A
:10A8E00001990978DBB2014141EA4301029B01333E
:10A8F000DBB2082B0293019B09BF023301330193A2
:10A90000009B14BF019302930C9B88B2834202D335
:10A91000C9B201231CE0049B984209D308EB0E0343
:10A9200098F8041883F804180EF101039BB215E09F
:10A9300008EB81014B7901465D1E06E008EB8101C1
:10A94000179E0F797755C988013D002DF6DCC9B2F5
:10A9500088F804180499B1F5007F13D2049998F887
:10A96000045808EB81010D71079DCD800EF10105A2
:10A970004D710499013189B2049103E0009B07985D
:10A98000009100E09E4600990D9207907CB1A34291
:10A9900004D2E31A9CB200230093C5E01B1B2144A0
:10A9A0009BB2BDF80C20009389B20024BCE0934216
:10A9B00005D39E1AB0B200901046224684E0D21A07
:10A9C00092B2184600947FE0481C80B24144129035
:10A9D0000420054691F80418109815FB01010F9802
:10A9E00041580D0E68D0FF2D4FEA11200CD1099E61
:10A9F000FF2E09D14D0905F4FC656FF30A002843C9
:10AA0000C1F3C401084355E0BAF800704FEA1729B2
:10AA100009F0F8064FEAD70C1396FF000CF0FC067D
:10AA20001496FEB21596099E75436E1CC5F30F254C
:10AA300015FA86F5C5F30F260696139E46EA5916B3
:10AA40001396069EC1F3074919FB06F96FEA2525FF
:10AA5000139EEDB206FB0599149ECCF3811C46EAC9
:10AA60000C0C069EC0B210FB06F0159EC7F34217F1
:10AA70003743069E0CFB0500C9B280B21FFA89F964
:10AA800011FB06F107FB0511451C09F1010789B20D
:10AA900005EB102507EB192707F47F476D09481CC4
:10AAA0006FF30A0705F4FC6500EB11203D43C0F38A
:10AAB000C4202843AAF8000012990AF1020A06E00D
:10AAC000D8390120D0390120084480B21690169858
:10AAD00081427FF479AF0D98834225D31F4B039AAF
:10AAE0001B889B1A0AEB430A059B119A0133934278
:10AAF000059310D1BDF86030BDF86840E41AA4B2E7
:10AB0000039B002C08BF1A46089B18BF002292B274
:10AB1000013308930DE0BDF80C20BDF86440A41A81
:10AB2000A4B2002C18BF00220B9B53453FF6CEAEBB
:10AB30000BE0089B0A9911FA83F00F9B013003EB9D
:10AB400080000B9B53453FF693AE054B1868036896
:10AB50001B6B98471DB0BDE8F08F00BFD0390120B6
:10AB6000D83901202DE9F04F9BB01C469DF8943058
:10AB70000393CDE910120546249A002B00F0D681EC
:10AB80002068616816AB03C31068516803C316A838
:10AB9000F7F784FA214618A8F7F7C4FABDF95C2044
:10ABA000BDF95E60BDF96670B2F5806FDEBF93B22D
:10ABB0004FF48061B1FBF3FBBDF96230BDF860106A
:10ABC000C8BF4FF0010B93FBFBF080B200FB1B34BE
:10ABD00014FB02F4BDF858200B900C441144BDF84E
:10ABE0005A20ADF860101344ADF86230BDF96430FE
:10ABF00004939D4B18680368DB6A98479B4BBDF92B
:10AC000062101A88BDF9603002FB0133574300EB34
:10AC1000430A0AEB47035E44013E0C9396FBFBF6A6
:10AC2000119B0136B6B203EB8606331D0793039BD7
:10AC3000DB43DBB2A4B20893049B002C0CBF1A4682
:10AC4000002292B2002350E1BDF85C30B4FBF3F374
:10AC5000ABEB03039BB21293837841780F921B02F4
:10AC600043EA0143C17800780D900B4310990130FD
:10AC700019440590481C0090497810980902C35C5B
:10AC800085F8043801F4807119434FF0010900235D
:10AC900006931E460991CDF804904B465FE00028CC
:10ACA00055D1009B01995B78019EC1F107018B4052
:10ACB00000990978DBB2314141EA4301019B01333C
:10ACC000DBB2082B0193009B13BF01330233CDE9A4
:10ACD000003000930D9B8EB2B34202D3C9B2012360
:10ACE0001FE0059B9E4209D305EB090395F8041864
:10ACF00083F8041809F101039BB218E005EB810108
:10AD000005F6040C4B7931465F1E07E005EB810127
:10AD100091F804E00CF807E0C988013F002FF5DC4A
:10AD2000C9B285F804180599B1F5007F13D20599C9
:10AD300095F8047805EB81010F71099FCF8009F127
:10AD400001074F710599013189B2059103E003466E
:10AD5000099E029800E0994609960F9206467CB13A
:10AD6000A34204D2E31A9CB202960020C8E01B1B47
:10AD7000264498B2B3B2BDF8102002930024BFE07D
:10AD800093422CBF11461946039F2CBF981AD21A22
:10AD9000314427BF80B2224692B2204689B2FF2FAB
:10ADA00002915DD180E0771C2E44159796F804E857
:10ADB000079E0EEB4E0E76440E96BAF800604FEAF0
:10ADC000D60C370A0CF0FC01F6001391F1B2149185
:10ADD0000E9907F0F80848EA57188F78039917FB7F
:10ADE00001F7089908FB01771399CCF3811C41EA1C
:10ADF0000C0C0E9991F80180039918FB01F8089941
:10AE00000CFB01881499C6F342160E43079911F8FA
:10AE10000EC003991CFB01FC0899BFB21FFA88F809
:10AE200006FB01C607F1010C0CEB172C08F101071A
:10AE300007EB18270CF47F4C7F09B6B26FF30A0CAE
:10AE400007F4FC674CEA070706F1010C0CEB162C23
:10AE5000CCF3C42C4CEA070C2AF802CBBDF85460A2
:10AE600002998E429FD122E0D8390120D0390120A9
:10AE700006F1010E2E44079996F8047807EB470770
:10AE8000CE192C4996F802C0767801EA0C2C079965
:10AE9000F600CF5D06F4FC664CEA060646EAD706E5
:10AEA0002AF8026B1FFA8EF602998E42E0D10F99B2
:10AEB0008B4225D3204B049A1B889B1A0AEB430A2A
:10AEC000069B129A01339342069310D1BDF8583075
:10AED000BDF86040E41AA4B2049B002C08BF1A46D7
:10AEE0000A9B18BF002292B201330A930DE0BDF80D
:10AEF0001020BDF85C40A41AA4B2002C18BF002298
:10AF00000C9B53453FF6CBAE0BE0DDE90A3111FA5D
:10AF100083F0119B013003EB80000C9B53453FF6FF
:10AF200093AE064B186803681B6B98471BB0BDE8CF
:10AF3000F08F00BF00F8FFFFD0390120D839012081
:10AF4000002804DD0029CCBF00200120704701202B
:10AF5000704700002DE9F74F9DF834400C9D0F46D7
:10AF6000002C00F0B580B3F90460B3F90610304648
:10AF7000FFF7E6FF002840F0AB80B3F902C0B3F959
:10AF8000003002FB0C3307EB43035143FF2C3046E8
:10AF9000A2EB060703EB41014FEA152C52D0C5F393
:10AFA0000742C4F1FF0E62435FFA8CFCEDB20CFB6A
:10AFB00004FC4FEA460A7F0000926C431FFA8EFEA3
:10AFC0003DE003EB0A0B37E01E884FEA16294FEAF3
:10AFD000D608F600F2B209F0F800019240EA5910E2
:10AFE000009A08F0FC0510FB0EF0C8F3811810441D
:10AFF00045EA0805019A80B2C6F3421615FB0EC554
:10B00000ADB23243461C06EB10206E1C12FB0EF252
:10B0100006EB1525224400F47F406D0992B205F439
:10B02000FC656FF30A002843551C05EB1222C2F39E
:10B03000C422024323F8022B5B45C5D33B448B4219
:10B04000BFD345E0DFF890E06C0904F4FC640CEA3F
:10B050000E0EC5F3C40544EA0E042C43D507A4B272
:10B060000CD576007F0006E09A1901E023F8024B28
:10B070009342FBD33B448B42F6D329E09F0708D091
:10B080005500184601E0048028448842FBD302336F
:10B09000701EC5070BD500F10045013D03EB4505CA
:10B0A000560001E02C8035448D42FBD3013878B145
:10B0B000401004EB04448000520007E01E181D46B7
:10B0C00001E045F8044BB542FBD313448B42F5D362
:10B0D00003B0BDE8F08F00BF00F8FF00F0B50646F2
:10B0E00087B00D4617461C46002B3ED0B1F906101E
:10B0F000B5F90400FFF724FF002836D128686968F5
:10B100001B4D04AB03C304A8F6F7C8FF2868036807
:10B11000DB6B9847FF2C02D010F0080F01E010F015
:10B12000020F2868036810D00022CDE90242BDF862
:10B1300016200192BDF8142000925C6EBDF810201C
:10B14000BDF812303946A0470FE0DB6A98473368F4
:10B15000084ACDE9007401469C6A128804AB304667
:10B16000A047286803681B6B984707B0F0BD00BF75
:10B17000D8390120D03901202DE9F04F91B0B3F931
:10B1800000B0B3F902A0BDF96C90BDF97080ADF8C4
:10B1900028B0154604460E460AA81946ADF82AA05E
:10B1A000ADF82C90ADF82E80F0F7D4FB29460AA814
:10B1B000F0F7D0FB6E4B1F88B3F900506D4B188829
:10B1C000B3F90010BDF92830002B07DABDF82C20A8
:10B1D0001344ADF82C300023ADF82830BDF92820F9
:10B1E000BDF92CC0AB1A9C45C4BFBB1AADF82C30BE
:10B1F000BDF92A30002B07DABDF82E502B44ADF8EC
:10B200002E300023ADF82A30BDF92A30BDF92E507A
:10B21000C91A8D42C4BFC11AADF82E10564909781B
:10B2200019B9BDF92C50BD4202E0BDF92E5085423E
:10B23000BDF92C70BDF92E100391384614BF0025BE
:10B240000125FFF77DFE20B1002323806380A380CA
:10B2500089E0A3EB0A031BB20593059BADF83230DE
:10B26000A2EB0B0212B2039B0E900EA90CA80DF1DB
:10B27000280A0492ADF83020ADF83630ADF83C9095
:10B28000ADF83E80ADF83470F6F74CFF5046F6F757
:10B2900005FF0EA8F6F702FF384BBDF93C901B885E
:10B2A0000693336830465B6B354E9847BDF93020C6
:10B2B000BDF832301A998046306819FB032301EB40
:10B2C000430B03685B6B984707903068BDF92830E3
:10B2D00008930368BDF92A200992DB6B984710F0A8
:10B2E000010F099A0AD03068BDF934200368009232
:10B2F0001D6F9AE806005B46A8472EE0089B08FBF6
:10B3000002F202EB4302079B13441A46BDF93630A2
:10B3100055B10699894507D13068056808FB03F3E4
:10B32000AE6B5946B04718E009FB03F34FEA4906F4
:10B330000BEB4305DFF848900DE0D9F80000BDF9AC
:10B34000343001680692D1F838A05B005946D047E6
:10B35000069AB3444244AB45EFD3049B2380059B3C
:10B360006380039BA7802046E38011B0BDE8F08F87
:10B37000D4390120D2390120CA390120D039012025
:10B38000D8390120002212490160C0E90122C0E938
:10B390000322C0E90522C0E90722C0E90922C0E969
:10B3A0000B22C0E90D22C0E90F22C0E91122C0E939
:10B3B0001322C0E91522C0E91722C0E91922C0E909
:10B3C0001B22C0E91D22C0E91F22C0E921227047CB
:10B3D0009C9302082DE9F04F0C4691B00546086891
:10B3E000496899460CAB03C31068516803C30CA8A5
:10B3F000F6F754FE21460EA8F6F794FEBDF9382064
:10B40000BDF93A30BDF83410694CBDF93C80206874
:10B41000BDF93E6011FB032105EB8105BDF830103D
:10B420000A44ADF83820BDF832201344ADF83A3064
:10B430000368DB6B9847B9F1FF0F02D110F0200FC2
:10B4400001E010F0400F2068036812D00022CDE91F
:10B450000392BDF834200292B6B21FFA88F200922D
:10B4600001965C6DBDF83820BDF83A302946A047FA
:10B470009BE0DFF840A1DB6ADFF83CB19847BAF8FF
:10B480000020BDF93A10BDF9383002FB013300EB62
:10B490004304564304EB460308934FEA48030793DB
:10B4A0007BE0079B0695E318099366E0069B53F83B
:10B4B000042B0693130E5FD0FF2B4FEA12250DD1FC
:10B4C000B9F1FF0F0AD1530903F4FC6305EA0B0538
:10B4D0001D43C2F3C4022A4322804DE0278809FBA2
:10B4E00003F35E1CC3F30F2313FA86F6FB084FEA3F
:10B4F000172C03F0FC01FF000B91F9B20CF0F80ED1
:10B500000A91CCF3421C0B99C6F30F204EEA0C0EA5
:10B510006FEA2626C2F3074CC3F38113EDB2F6B2ED
:10B520001CFB00FC0B4315FB00F503FB06550EFB53
:10B5300006CC0A9B1FFA8CFCADB2C7F34217D2B2FD
:10B540001F4312FB00F20CF10103681C03EB1C23E8
:10B5500000EB152007FB062203F47F43400992B25B
:10B5600003EA0B0300F4FC601843531C03EB1223A3
:10B57000C3F3C423034323800234099B9C4295D325
:10B58000BAF80030BDF93450A3EB080304EB4304D0
:10B59000069BA5EB080503EB8505089B9C4280D321
:10B5A000034B186803681B6B984711B0BDE8F08F18
:10B5B000D8390120D039012000F8FFFF2DE9F043F0
:10B5C000154685B02868324E324F0C4669686A4687
:10B5D00003C21868596803C26846F6F75FFD29463A
:10B5E00002A8F6F79FFDBDF90820BDF90A30BDF8A5
:10B5F00004103068BDF90C50BDF90E8011FB032119
:10B6000004EB8104BDF800100A44ADF80820BDF831
:10B6100002201344ADF80A300368DB6A98473B8880
:10B62000BDF90A10BDF90820DFF86CE003FB012228
:10B6300000EB420008FB03F300EB43014FEA450C2B
:10B640001CE000EB0C080EE054F8042B4FEA5219F2
:10B650000EEA122309F4FC6943EA0903C2F3C402A7
:10B66000134320F8023B4045EED33B885B1B00EBC5
:10B670004300BDF904305B1B04EB83048842E0D334
:10B68000306803681B6B984705B0BDE8F08300BFC6
:10B69000D8390120D039012000F8FFFF2DE9F04F03
:10B6A0000C4691B0074608684968DFF8D881DFF892
:10B6B000D8911D460CAB03C31068516803C30CA896
:10B6C000F6F7ECFC21460EA8F6F72CFDBDF9381074
:10B6D000BDF93A20BDF83430D8F80000BDF93C403F
:10B6E000BDF93E6013FB021303EB43031F44BDF897
:10B6F00030301944BDF83230ADF838101A44ADF886
:10B700003A200368DB6B9847FF2D02D110F0010F40
:10B7100001E010F0040FD8F8000019D000230268EF
:10B72000CDE9073301210691B9F800100395CDE961
:10B730000431B6B2BDF834300293A4B2019600943D
:10B74000546CBDF83A30BDF838203946A04793E034
:10B750000368DB6A9847B9F80030BDF93A10BDF9C3
:10B76000382003FB01225E4300EB420000EB460A57
:10B77000BDF934601B1B361B5B00FF2D06EB460634
:10B780004FEA44040A9304D06FEA050C5FFA8CFC7C
:10B790006FE03B4D1AE000EB040C10E01EF8022CA9
:10B7A0001EF8011CD20005EA012102F4FC620A43E2
:10B7B0001EF8031C42EAD10220F8022B77466045AE
:10B7C00007F1030EEAD30A9B374418445045E2D3ED
:10B7D000D8F8000003681B6B98474DE002190B92E4
:10B7E0003FE00288110A01F0F80949EA51191EF8F0
:10B7F000011C11FB05F1D70809FB0C111EF8029C76
:10B8000007F0FC0BC7F381174BEA070719FB05F993
:10B81000D20007FB0C991EF8037CD3B2C2F342128C
:10B8200089B21A4317FB05F71FFA89F902FB0C7757
:10B830004A1C02EB112109F1010202EB192201F469
:10B840007F415209BFB26FF30A0102F4FC620A435E
:10B85000791C01EB1721C1F3C4210A4320F8022B04
:10B8600077460B9B984207F1030EBAD30A9B3744E5
:10B8700018445045B2D3ABE711B0BDE8F08F00BF1C
:10B8800000F8FFFFD8390120D0390120F0B4154667
:10B89000012D1C46049A9DF814309DF818C00E46E0
:10B8A00010D0022D09D095B90568CDE9043C2D6969
:10B8B0001346AC462246F0BC604721463046F0BCF9
:10B8C000FFF788BD21463046F0BCFFF7E7BEF0BC6D
:10B8D000704700002DE9F04F144695B08046894628
:10B8E000206861689DF878A06F4D704F10AA03C260
:10B8F0001868596803C210A8F6F7D0FB214612A8B1
:10B90000F6F710FCBDF94820BDF94A30BDF84410E7
:10B910002868BDF94C40BDF94E6011FB03218844F5
:10B92000BDF840100A44ADF84820BDF84220134449
:10B93000ADF84A300368DB6B984710F0800F286839
:10B940001BD000230268CDE908330B2307933B8803
:10B9500006930123CDE904A3BDF844300393B6B2A6
:10B96000BDF84A300093A4B202960194146CBDF85D
:10B9700048304A464146A04792E00368DB6A984750
:10B980003B88BDF94A10BDF94820DFF824C103FB0C
:10B9900001225E4300EB420505EB46020C92BDF925
:10B9A00044201B1B121B0D925B0062000A920B933A
:10B9B0006EE00A9BEB180E9363E018F8013B01332D
:10B9C00059F823301C0E5BD0FF2C4FEA13260CD104
:10B9D000BAF1FF0F09D15A0902F4FC6206EA0C061B
:10B9E0001643C3F3C403334349E02F884FEA172EAD
:10B9F000F808FF00FAB20AFB04F40F92621CC4F3C9
:10BA00000F240EF0F80114FA82F4C4F30F2241EA75
:10BA10005E116FEA2424C3F3074EE4B21EFB02FE5C
:10BA200000F0FC0B01FB04EEC0F381100F99F6B29D
:10BA300016FB02F64BEA0000C7F34217DBB20F43D6
:10BA400013FB02F300FB04661FFA8EFEB6B207FB7F
:10BA5000043399B20EF10102731C02EB1E2203EBB8
:10BA6000162302F47F425B0903F4FC6302EA0C0232
:10BA70001A434B1C03EB1123C3F3C42313432B8042
:10BA800002350E9B9D4298D30B9B1D440D9B984401
:10BA90000C9B9D428DD3044B186803681B6B984721
:10BAA00015B0BDE8F08F00BFD8390120D039012092
:10BAB00000F8FFFF2DE9F04F87B004469DF8408065
:10BAC0000E461546B8F1000F00F0B6802868696888
:10BAD00002AA03C21868596803C202A8F6F7DEFA80
:10BAE000294604A8F6F71EFBBDF91020BDF9123057
:10BAF000BDF80C10BDF91490BDF9165011FB0321CF
:10BB00000C44BDF808100A44ADF81020BDF80A2016
:10BB10001344ADF812304A4B18680368DB6A984743
:10BB2000DFF820C1BDF91230BCF80070BDF910205B
:10BB3000B8F1FF0F07FB032200EB420306F10401FB
:10BB400007FB05F24FEA490A5AD0C8F1FF0603EB9A
:10BB500042020192B6B24AE003EB0A0B3AE014F853
:10BB6000012B31F812701A88150A380A05F0F80509
:10BB700000F0F80015FB06F500FB0855D0084FEA69
:10BB8000D70E00F0FC00D2000EF0FC0E10FB06F009
:10BB9000FF00D2B2ADB2FFB20EFB080012FB06F2FC
:10BBA00080B207FB08226F1C07EB1527451C92B2D9
:10BBB00005EB102507F47F476D09501C6FF30A074A
:10BBC00005F4FC6500EB12223D43C2F3C4222A4374
:10BBD00023F8022B9B45C2D8BCF80020A2EB090237
:10BBE00003EB4203BDF90C20A2EB09021444019AB5
:10BBF0009A42B1D8124B186803681B6B98471BE038
:10BC000003EB420215E003EB0A0005E014F8015BC8
:10BC100031F8155023F8025B9842F7D8BCF80000C1
:10BC2000A0EB090003EB4003BDF90C00A0EB0900F9
:10BC300004449A42E7D8DDE707B0BDE8F08F00BFC3
:10BC4000D8390120D03901202DE9F04F95B00446B4
:10BC50009DF878800F461546B8F1000F00F002817C
:10BC600028686968DFF804A2DFF8049210AA03C20A
:10BC70001868596803C210A8F6F710FA294612A8E6
:10BC8000F6F750FABDF94820BDF94A30BDF8441026
:10BC9000DAF80000BDF94C50BDF94E6011FB0321EC
:10BCA0000C44BDF840100A44ADF84820BDF84220CD
:10BCB0001344ADF84A300368DB6B984710F0800FEF
:10BCC000DAF800001CD000230268CDE908330B230A
:10BCD0000793B9F8003006930123CDE90483BDF83A
:10BCE00044300393B6B2BDF84A300093ADB2029629
:10BCF0000195156CBDF848303A462146A847B1E099
:10BD00000368DB6A9847B9F80020BDF94A30BDF9ED
:10BD10004810B8F1FF0F02FB031100EB41034FEA9B
:10BD2000450B06FB02F26BD06FEA080103EB4202FF
:10BD30005FFA81FA0C925AE003EB0B020D924AE093
:10BD400014F8011B0420032212FB010218880B9235
:10BD5000060A07EB020E06F0F80CC2084CEA561C65
:10BD60009EF8026002F0FC01C0000F9116FB08F67D
:10BD7000C1B20E910CFB0A660F999EF801C0C2F386
:10BD800081120A431CFB08FC02FB0ACC0E9AC0F38A
:10BD9000421010430B9ABA5CB6B21FFA8CFC12FB2D
:10BDA00008F200FB0A200CF10101721C01EB1C21BE
:10BDB00002EB1622490902F47F4280B201F4FC61D1
:10BDC0006FF30A020A43411C01EB1021C1F3C421A5
:10BDD000114323F8021B0D9A9342B1D3B9F8002006
:10BDE000521B03EB4203BDF94420521B14440C9A2E
:10BDF0009342A1D31D4B186803681B6B984731E031
:10BE0000DFF870C003EB42020320042627E003EBB7
:10BE10000B0E18E091F8008010FB086807EB080A89
:10BE200017F808809AF802109AF801A04FEACA0A97
:10BE30000CEA01210AF4FC6A41EA0A0141EAD8014C
:10BE400023F8021B013473452146E3D3B9F80010EF
:10BE5000491B03EB4103BDF94410491B0C449342B9
:10BE6000D5D3C7E715B0BDE8F08F00BFD8390120A2
:10BE7000D039012000F8FFFFF0B40C4611469DF8C0
:10BE800014500F784E78012F1A46049B34D0022F9D
:10BE900001D0CFB14DE0032E4BD8DFE806F002070A
:10BEA000090C04952046F0BCFFF704BEC06F04E007
:10BEB000D0F8800001E0D0F88400002839D006686E
:10BEC000CDE90435B5682EE0032E32D8DFE806F060
:10BED0000207090C04952046F0BCFFF7FBBCC06FBD
:10BEE00004E0D0F8800001E0D0F8840008B30668D0
:10BEF000CDE90435F56816E0032E1AD8DFE806F020
:10BF00000207090C04952046F0BCFFF79DBEC06FE8
:10BF100004E0D0F8800001E0D0F8840048B1066861
:10BF2000CDE9043535691346AC460A462146F0BCD6
:10BF30006047F0BC704700002DE9F04F164687B00F
:10BF400004460D46306871689DF8409002AA03C20D
:10BF50001868596803C202A8F6F7A0F8314604A889
:10BF6000F6F7E0F8BDF91020BDF91230BDF80C600D
:10BF7000BDF80810BDF91480BDF9167016FB032634
:10BF80000A44ADF81020BDF80A201344ADF8123071
:10BF9000724B18680368DB6A9847714BBDF9102033
:10BFA00004EB460435441E88BDF9123006FB03221B
:10BFB00000EB4203B9F1FF0F4FEA480207FB06F618
:10BFC000019269D003EB460B5CE0019A294603EB32
:10BFD000020A48E011F8012B002A42D009FB02F2C4
:10BFE000501C80B200EB122000123AD01A88278829
:10BFF0006FEA000C160A5FFA8CFC3D0A06F0F806A0
:10C0000005F0F80516FB0CF605FB0066D5084FEAAF
:10C01000D70E05F0FC05D2000EF0FC0E15FB0CF55A
:10C02000FF00D2B20EFB0055FFB212FB0CF207FB71
:10C030000022B6B2ADB297B2701C6A1C00EB16209B
:10C0400002EB152200F47F40520902F4FC626FF308
:10C050000A0010437A1C02EB1722C2F3C4220243E7
:10C060001A80023302345345B4D33D4ABDF90C5013
:10C070001288A5EB0805A2EB080204EB450403EBCC
:10C0800042030D445B45A0D3344B186803681B6B17
:10C09000984707B0BDE8F08FDFF8C8A003EB46066D
:10C0A00058E0019AAE4603EB020B44E01EF8011B78
:10C0B00000293ED0FF29278801D11F8039E01A8846
:10C0C0006FEA010C150A5FFA8CFC380A05F0F805D6
:10C0D00000F0F80015FB0CF500FB0155D0084FEA05
:10C0E000D70900F0FC00D20009F0FC0910FB0CF0AD
:10C0F000FF00D2B2ADB209FB0100FFB212FB0CF29D
:10C1000080B207FB0122691C01EB1521451C05EBE0
:10C11000102001F47F41400992B200F4FC6001EA72
:10C120000A010143501C00EB1222C2F3C422114346
:10C130001980023302345B45B8D3094ABDF90C506B
:10C140001288A5EB0805A2EB080204EB450403EBFB
:10C1500042037544B342A4D396E700BFD839012007
:10C16000D039012000F8FFFF2DE9F04F8BB00746D2
:10C170009DF85460149C884692469946002E00F023
:10C18000A1810846F9F790FE05464046F9F7C0FE42
:10C19000ADF816004046ADF81290ADF81450ADF869
:10C1A00010A0F9F773FF05464046F9F79FFF814657
:10C1B0004046F9F7F1FF102800F28481DFE810F023
:10C1C000C600B60011008201820182018201820153
:10C1D000820182018201BD00820182017801820117
:10C1E0007101BA4B18680368DB6B9847FF2E26D1A4
:10C1F000830600D523E04046F9F710FF30B9234607
:10C2000004AA29463846FFF7D9F95BE10DF1200968
:10C2100041464846F9F7B0FE99E8030006AB83E8CB
:10C22000030018462146EFF795FBBDF91C30BDF918
:10C230001EA0039351461846FEF782FE10B1334606
:10C2400022466EE0BDF91AB0B4F90230BDF81A808A
:10C250009B4513DDB4F90010B4F90420ADF8223089
:10C26000A8EB0303ADF82010ADF82420ADF826307C
:10C270004A46334604A92846FFF7ACF8BDF9182012
:10C28000B4F90030BDF818609A420EDDADF82030E8
:10C29000F31AADF824304A46FF2304A92846ADF826
:10C2A00022B0ADF826A0FFF795F806AB04AA294600
:10C2B0003846FFF783F9A288039923880E44134474
:10C2C0009AB2B1B21BB236B2B3420EDD531AADF818
:10C2D00024304A46FF2304A92846ADF82060ADF873
:10C2E00022B0ADF826A0FFF775F8E2886388D04445
:10C2F00013449AB21FFA88F11BB20FFA88F843452B
:10C3000040F3E080B4F90430B4F90000ADF8243013
:10C31000531AADF82630ADF82000ADF82280FF2387
:10C320004A4604A92846FFF755F8CBE03346224693
:10C3300004A92846FFF7B2F9C4E0CDE9004604ABF2
:10C340004A4629463846FFF797FDBBE04046F9F7D5
:10C3500065FE48B93B68CDE9006004AA1E6929461C
:10C3600023463846B047ADE00DF1200A414650461D
:10C37000F9F702FE9AE803000DF1180888E80300B7
:10C3800021464046EFF7E6FABDF91E10BDF91C0044
:10C39000FEF7D6FD10B1009623467CE03B68CDE960
:10C3A000006004AAD3F810B0294643463846D8475F
:10C3B000BDF91A30B4F90220934213DDB4F900003C
:10C3C000B4F90410ADF820009B1AADF82220ADF8A6
:10C3D0002410ADF826300096534604AA4946284654
:10C3E000FFF7AAFDBDF91830B4F90020934213DD20
:10C3F0009B1ABDF91A00BDF91E10ADF82020ADF84A
:10C400002200ADF82430ADF826100096534604AA59
:10C4100049462846FFF790FDA3882288BDF81C00F6
:10C420001A44BDF81830034491B298B212B21BB24C
:10C430009A4213DDBDF91E20ADF820300B1ABDF96C
:10C440001A70ADF82430ADF826200096534604AAA1
:10C4500049462846ADF82270FFF76EFDE3886288F2
:10C46000BDF81E001A44BDF81A30034491B298B2C8
:10C4700012B21BB29A4225DDB4F90070B4F904205F
:10C48000ADF822300B1AADF82630ADF82070ADF8BB
:10C4900024200096534604AA49462846FFF74CFD3F
:10C4A00010E0D7F8880068B103680096DE6805E000
:10C4B000D7F8880030B1036800969E68234604AA26
:10C4C0002946B0470BB0BDE8F08F00BFD839012036
:10C4D00080B1032921D8DFE801F0021E081B104BB0
:10C4E0001888C0F30E00404270470D4B1888C0F307
:10C4F0000E007047032910D801A353F821F000BFA4
:10C5000017C50108EBC4010811C50108DFC4010803
:10C510004FF0FF307047012070470020704700BF88
:10C52000D039012080B1032921D8DFE801F01B02B6
:10C530001D07104B1888C0F30E0070470D4B18886C
:10C54000C0F30E0040427047032910D801A353F8EE
:10C5500021F000BF33C5010869C501083DC50108C8
:10C5600065C50108012070474FF0FF30704700207B
:10C57000704700BFD03901202DE9F04F9BB00D91DD
:10C5800016A981E80C00DDE928219DF8AC00109087
:10C590009DF8B400B2F900C0B2F904B0B2F902E0FB
:10C5A000B2F9066008904A7B9DF8B80009909DF8A2
:10C5B000BC008F790A90500100F48070BDF994306E
:10C5C0000B930743BDF99050BDF89830BDF89C908F
:10C5D000DDF8B080CC7900F01182120102F4807293
:10C5E00022430C9200F00A8291F9092092B243B1E1
:10C5F000991A8CB2090407D5EB1A13441DB2002412
:10C6000002E02A4415B21C46764433B265451FFA4F
:10C610008CFA0F930C9B0E93B8BF5444AB4BBCBF2A
:10C62000641B6546DA44294693F800B016A8DDE994
:10C630000A32B8BFA4B2F5F79FFBDDE90A32ADF8C4
:10C640006400294616A8F5F7B5FB0DF16601ADF8B3
:10C65000660019A8F5F7E0FC0A9B0FFA8AFA1BB9E5
:10C66000BBF1010F08D19EE00A9B012B40F09B809B
:10C67000BBF1010F40F097800F9B0B9A9E1A0C9B09
:10C68000A3EB09039E42A8BF1E46002E40F3B681CD
:10C690008F4A10680368DB6B984710F480718C4AEE
:10C6A00008D0089B042B04D1109B191E18BF012130
:10C6B00000E00021830540F19D8100294DD0791CC7
:10C6C00021F0010C1FFA8CFCD4B97B19534517DCFF
:10C6D00010682A9D036806944FF480720592099AA7
:10C6E000CDF808C0B6B2CDE90382CDE900C649084D
:10C6F0009C6DBDF86420BDF8663009FB015150E027
:10C70000281BAAEB0000B842D4BFC4EB0003C4EB63
:10C710000703002B00F07281E00744D413F0010EF0
:10C7200041D110682A9D0268CDF818E064084908D4
:10C7300009FB01414FF480740594099CCDF808C0B1
:10C74000CDE903849BB2B6B200930196946DBDF817
:10C750006630BDF86420294423E02B1BAAEB0303B9
:10C760000898BB42A8BF3B4608281CD19C4200F059
:10C7700045811068026806914FF40071059109998E
:10C780000297CDE903811B1B9BB2B6B200932A9995
:10C79000019607FB0949BDF86630946DBDF8642029
:10C7A0004944A0472AE1109B0BB9BAB20AE0089AA3
:10C7B0000823B3FBF2F35A1E3A44B2FBF3F212FB26
:10C7C00003F292B254EA09060DD0089909FB02431C
:10C7D0004B432A9903F0070601EBD3032A930C9BE2
:10C7E000A3EB09030E930BF1FF33D3F1000B4BEBDB
:10C7F000030B0A995846FFF76BFE81465846FFF730
:10C8000091FE0F9B01460B98A3EB000B0E9B9B45E3
:10C81000A8BF9B46BBF1000F40F3F0802D1BAAEB95
:10C820000505BD42D4BFC4EB0504C4EB0704002CCE
:10C8300040F3E480089B121B53430C930D9B3BB9C0
:10C84000234B0A9118680368DB6A98470A9900E04D
:10C850000D98089A01239340013BDBB20B930B9A8E
:10C86000FF23B3FBF2F30F931A4BBDF966201D882B
:10C87000BDF9643005FB023300EB430AC8F30743FC
:10C880001393C8F3072312935FFA88F31193124BA3
:10C890004FEA581202F4FC6203EA18231343C8F368
:10C8A000C40843EA08039BB210932A9B4FEA49024B
:10C8B0001B780A9204FB19116243334102EB4102D7
:10C8C000DBB20BF1FF3B159288E000BFCA390120B3
:10C8D000D8390120D039012000F8FFFF0B9A12EA65
:10C8E000030155D00F9A5143FE2902DD099AFF2A10
:10C8F0004BD0099A12FB01F189B24A1C02EB1122BA
:10C90000BCF80010CD0805F0FC07080A1497C90010
:10C910000E9100F0F80814999DF83890C2F30722A0
:10C9200048EA5018C5F3811513980D43D74312995F
:10C93000FFB210FB02F008FB070011FB02F80E9992
:10C9400005FB0788119DC1F3421180B249EA01013C
:10C9500015FB02F21FFA88F801FB0722411C01EBCC
:10C96000102008F1010101EB182100F47F40490972
:10C9700092B26FF30A0001F4FC610143501C00EB1A
:10C980001220C0F3C420084300E01098ACF8000067
:10C99000089A1644B6B2072E83BF2A9A2A9B013200
:10C9A000134188BF2A920A9A8ABF5B78DBB20026BD
:10C9B000BEF1010E944491D20C9A52B116442A9AB7
:10C9C000C6F3CC031A4406F0070613782A923341C3
:10C9D000DBB2159ABBF1010B924403D304F1FF3E85
:10C9E000D4467BE70D9B4BB9064B186803681B6B5D
:10C9F000984703E000293FF4D6AE60E61BB0BDE8DF
:10CA0000F08F00BFD839012038B5154D2B68BFF322
:10CA10005B8FDA0704460BD4284609F0ACF938B12D
:10CA2000104A1149114809F09FF9284609F0AFF959
:10CA30000F4D2B68BFF35B8FDB070BD4284609F043
:10CA40009AF938B1074A0B490B4809F08DF9284685
:10CA500009F09DF9054B6361074BA36138BD00BF29
:10CA600028440120000000204962010898000020AD
:10CA7000244401204B6201089400002038B5154D74
:10CA80002B68BFF35B8FDA0704460BD4284609F006
:10CA900072F938B1104A1149114809F065F9284670
:10CAA00009F075F90F4D2B68BFF35B8FDB070BD4D3
:10CAB000284609F060F938B1074A0B490B4809F0DC
:10CAC00053F9284609F063F9054BE360074B2361EE
:10CAD00038BD00BF20440120000000204D62010845
:10CAE000900000201C4401204F6201088C000020AF
:10CAF00010B50446FFF788FF2046BDE81040FFF759
:10CB0000BDBF000038B5154D2B68BFF35B8FDA074A
:10CB100004460BD4284609F02EF938B1104A1149C1
:10CB2000114809F021F9284609F031F90F4D2B6819
:10CB3000BFF35B8FDB070BD4284609F01CF938B133
:10CB4000074A0B490B4809F00FF9284609F01FF96D
:10CB5000054B6362074BA36238BD00BF1844012038
:10CB600000000020516201088800002014440120C8
:10CB7000536201088400002038B5154D2B68BFF3BF
:10CB80005B8FDA0704460BD4284609F0F4F838B175
:10CB9000104A1149114809F0E7F8284609F0F7F85A
:10CBA0000F4D2B68BFF35B8FDB070BD4284609F0D2
:10CBB000E2F838B1074A0B490B4809F0D5F8284686
:10CBC00009F0E5F8054BE361074B236238BD00BF70
:10CBD0001044012000000020556201088000002060
:10CBE0000C440120576201087C00002010B5044667
:10CBF000FFF788FF2046BDE81040FFF7BDBF0000EB
:10CC000038B5154D2B68BFF35B8FDA0704460BD49C
:10CC1000284609F0B0F838B1104A1149114809F016
:10CC2000A3F8284609F0B3F80F4D2B68BFF35B8FCC
:10CC3000DB070BD4284609F09EF838B1074A0B49A8
:10CC40000B4809F091F8284609F0A1F8054B6363F9
:10CC5000074BA36338BD00BF08440120000000203B
:10CC60005962010878000020044401205B62010839
:10CC70007400002038B5154D2B68BFF35B8FDA07C1
:10CC800004460BD4284609F076F838B1104A114909
:10CC9000114809F069F8284609F079F80F4D2B681A
:10CCA000BFF35B8FDB070BD4284609F064F838B17B
:10CCB000074A0B490B4809F057F8284609F067F86E
:10CCC000054BE362074B236338BD00BF00440120DE
:10CCD000000000205D62010870000020FC4301207C
:10CCE0005F6201086C00002010B50446FFF788FF62
:10CCF0002046BDE81040FFF7BDBF000038B5154D18
:10CD00002B68BFF35B8FDA0704460BD4284609F083
:10CD100032F838B1104A1149114809F025F828466F
:10CD200009F035F80F4D2B68BFF35B8FDB070BD491
:10CD3000284609F020F838B1074A0B490B4809F09A
:10CD400013F8284609F023F8054B6365074BA365E4
:10CD500038BD00BFF84301200000002061620108D7
:10CD600068000020F4430120636201086400002091
:10CD700038B5154D2B68BFF35B8FDA0704460BD42B
:10CD8000284608F0F8FF38B1104A1149114808F058
:10CD9000EBFF284608F0FBFF0F4D2B68BFF35B8FBE
:10CDA000DB070BD4284608F0E6FF38B1074A0B49E9
:10CDB0000B4808F0D9FF284608F0E9FF054BE3646B
:10CDC000074B236538BD00BFF04301200000002061
:10CDD0006562010860000020EC43012067620108E1
:10CDE0005C00002038B5154D2B68BFF35B8FDA0768
:10CDF00004460BD4284608F0BEFF38B1104A11494A
:10CE0000114808F0B1FF284608F0C1FF0F4D2B680C
:10CE1000BFF35B8FDB070BD4284608F0ACFF38B1BB
:10CE2000074A0B490B4808F09FFF284608F0AFFF60
:10CE3000054B6364074BA36438BD00BFE843012082
:10CE4000000000206962010858000020E44301202E
:10CE50006B6201085400002038B5154D2B68BFF3F4
:10CE60005B8FDA0704460BD4284608F084FF38B1FC
:10CE7000104A1149114808F077FF284608F087FF4B
:10CE80000F4D2B68BFF35B8FDB070BD4284608F0F0
:10CE900072FF38B1074A0B490B4808F065FF284676
:10CEA00008F075FF054BE363074B236438BD00BFF3
:10CEB000E0430120000000206D62010850000020C6
:10CEC000DC4301206F6201084C00002010B50446CD
:10CED000FFF714FF2046FFF785FF2046FFF748FFC6
:10CEE0002046BDE81040FFF7B7BF000038B5154D2C
:10CEF0002B68BFF35B8FDA0704460BD4284608F093
:10CF00003AFF38B1104A1149114808F02DFF284660
:10CF100008F03DFF0F4D2B68BFF35B8FDB070BD491
:10CF2000284608F028FF38B1074A0B490B4808F09B
:10CF30001BFF284608F02BFF054B6366074BA366D3
:10CF400038BD00BFD84301200000002071620108F5
:10CF500048000020D44301207362010844000020EF
:10CF600038B5154D2B68BFF35B8FDA0704460BD439
:10CF7000284608F000FF38B1104A1149114808F05E
:10CF8000F3FE284608F003FF0F4D2B68BFF35B8FBD
:10CF9000DB070BD4284608F0EEFE38B1074A0B49F0
:10CFA0000B4808F0E1FE284608F0F1FE054BE3656A
:10CFB000074B236638BD00BFD0430120000000208E
:10CFC0007562010840000020CC430120776201080F
:10CFD0003C00002010B50446FFF788FF2046BDE85E
:10CFE0001040FFF7BDBF000038B5154D2B68BFF3EB
:10CFF0005B8FDA0704460BD4284608F0BCFE38B134
:10D00000104A1149114808F0AFFE284608F0BFFE4B
:10D010000F4D2B68BFF35B8FDB070BD4284608F05E
:10D02000AAFE38B1074A0B490B4808F09DFE284676
:10D0300008F0ADFE054B6367074BA36738BD00BF23
:10D04000C843012000000020796201083800002058
:10D05000C44301207B6201083400002038B5154D1F
:10D060002B68BFF35B8FDA0704460BD4284608F021
:10D0700082FE38B1104A1149114808F075FE284661
:10D0800008F085FE0F4D2B68BFF35B8FDB070BD4D9
:10D09000284608F070FE38B1074A0B490B4808F0E3
:10D0A00063FE284608F073FE054BE366074B2367D3
:10D0B00038BD00BFC0430120000000207D62010890
:10D0C00030000020BC4301207F6201082C000020BA
:10D0D00010B50446FFF788FF2046BDE81040FFF773
:10D0E000BDBF10B50446FFF7F3FF2046FFF772FF00
:10D0F0002046FFF7F9FD2046FFF7FAFC2046FFF730
:10D1000075FD2046BDE81040FFF7E0BE38B50B4D79
:10D110002B68BFF35B8FDB0704460BD4284608F06F
:10D120002AFE38B1064A0749074808F01DFE28467E
:10D1300008F02DFE044BE36738BD00BFB843012063
:10D1400000000020816201082800002038B50B4D46
:10D150002B68BFF35B8FDB0704460BD4284608F02F
:10D160000AFE38B1064A0749074808F0FDFD28467F
:10D1700008F00DFE044BC4F8803038BDB4430120E4
:10D1800000000020836201082400002070B50D4ECD
:10D190000D4D3368BFF35B8F13F0010F04460DD1C3
:10D1A000304608F0E8FD48B1084B094A09492B60B0
:10D1B000284608F0D9FD304608F0E9FDC4F884504F
:10D1C00070BD00BF6C3B0120703B012068930208DA
:10D1D000000000208562010810B50446FFF796FFA5
:10D1E0002046FFF7B3FF2046BDE81040FFF7CEBF53
:10D1F00070B50D4E0D4D3368BFF35B8F13F0010F0B
:10D2000004460DD1304608F0B6FD48B1084B094A36
:10D2100009492B60284608F0A7FD304608F0B7FD05
:10D22000C4F8885070BD00BF643A0120683A0120FC
:10D230008493020800000020876201082DE9F04F66
:10D24000DDE90B56BDF924E0BDF928B09DF834C0E6
:10D250009DF838709DF83C40088806FB0E58002E5B
:10D2600002EB080A17DBB34515DD002D06DBAE45E2
:10D2700004DD12F8082033F8128000E080466A1CB2
:10D280000CD496450ADDBCF1000F07D09AF80120B6
:10D2900033F8129003E08146804600E08146013673
:10D2A00019D4B34517DDB7B1002D06DBAE4504DD5B
:10D2B0001AF80E2033F8126000E0064601350DD44E
:10D2C000AE450BDDBCF1000F08D0F2449AF8012006
:10D2D00033F8122003E00246064600E002464FEA19
:10D2E000084E1CFB07F528F4FC684FEA09430EF0D2
:10D2F000FC6EC5F3C7054EEA080E03F0FC63C7F1E8
:10D30000100829F4FC69A8EB0C0843EA0903C5EBF3
:10D310004C0C0CFB03F34FEA024C05EB48080CF0F5
:10D32000FC6C22F4FC624CEA020208FB0E3305FBA3
:10D330000233320402F0FC6226F4FC663243C5EB91
:10D34000470505FB02335A0D5B0902F4FC6223F426
:10D35000FC631343E743060AFFB2C3F3072206F058
:10D36000F80602F0F80216FB07F602FB0466C20894
:10D37000C3F3CC0502F0FC0205F0FC05DB0012FB58
:10D3800007F205FB042203F0F805C300DBB292B2FA
:10D3900013FB07F3B6B205FB0433541C701C04EBFB
:10D3A000122200EB162052099BB202F4FC6200F438
:10D3B000784010435A1C02EB1323C3F3C4230343E6
:10D3C0000B80BDE8F08F2DE9F04F95B01C4613900F
:10D3D00023981292DDE924320E9141689DF89CB0A9
:10D3E00001FB0233016801EB43030993269B1B6891
:10D3F0000B93269B5E686FEA0B034FF00008DBB2CD
:10D40000DDE91F57CDE90F88CDF83080CDF83480A5
:10D41000CDF8448004360A9318E2269BB3F908201D
:10D42000B3F90C3002F1FF3E21E05FEA254C4FEAF0
:10D43000274004D4F4450BDA002804DA0AE0BCF1F2
:10D44000FF3F0CD104E003F1FF3C604513DB03E038
:10D45000944504DA411C02DB9842C0F20081219815
:10D4600009990544229802310744013C0991002C96
:10D47000DBDC00F0AB812199601E01FB005C5FEA00
:10D480002C4C00F1EC80013A944580F2E880229A1D
:10D4900002FB0070001400F1E280013B9842C0F2F0
:10D4A0009581DCE0269A269BD2F80C909B682A1482
:10D4B0004FEA274CC5F3033EC7F3033008D403F10A
:10D4C000FF3A524580F2AC80BCF1000F04DAA9E0CB
:10D4D000511C40F0BC80A3E009F1FF3AD44580F232
:10D4E000A4801BB20CFB03220B9901EB02098A5C9E
:10D4F00036F812C0BEF1000F10D099F8012036F8AE
:10D50000128088B109EB030219F8033036F81330A2
:10D510000C93537836F813300F9305E020B119F8C7
:10D52000033036F813300C934FEA084928F4FC6AAC
:10D5300009F0FC691EFB00F249EA0A094FEA4E0AAB
:10D54000D310AAEBD20A0F9A0F99120421F4FC61AE
:10D5500002F0FC620A435A430AFB09224FEA0C49D3
:10D5600009F0FC692CF4FC6C49EA0C0CC0F11009C0
:10D57000A9EB0E0903EB490909FB0C290C9A0C993C
:10D58000120421F4FC6C02F0FC6242EA0C02C3EBD0
:10D59000400303FB02935A0D5B0923F4FC6302F47E
:10D5A000FC621A43099B0A991B884FEA132CC2F3A9
:10D5B00007200CF0F80C00F0F8001CFB01FC00FB4D
:10D5C0000BCCD808C2F3CC0E00F0FC00DB000EF050
:10D5D000FC0E10FB01F0D200DBB21FFA8CFC02F053
:10D5E000F8020EFB0B0013FB01F380B202FB0B33BE
:10D5F0000CF1010202EB1C2C421C9BB202EB10222C
:10D600005209581C00EB13200CF4784C02F4FC6215
:10D61000099B4CEA0202C0F3C4201043188016E0B4
:10D62000934214DDBCF1FF3F11DBE1450FDD1BB27E
:10D6300002920FFA89F2CDE9050B01920093CDE930
:10D6400003CE0B9A099913983346FFF7F7FD099B10
:10D6500002330993219B1D44229B013C1F44002C53
:10D660003FF720AFB5E0269B0B99B3F908302A1499
:10D67000381403FB00200B9A0244085C15F4704F29
:10D6800036F81000C5F30339C7F3033C13D092F802
:10D6900001E036F81E101091BCF1000F12D002EB21
:10D6A000030ED35C36F813300D939EF8013036F834
:10D6B0001330119306E0BCF1000F03D0D35C36F8B1
:10D6C00013300D9310994FEA014E21F4FC6A0EF0CD
:10D6D000FC6E19FB0CF24EEA0A0E4FEA490AD3100F
:10D6E000AAEBD20A119A1199120421F4FC6102F0FA
:10D6F000FC620A435A430AFB0E224FEA004E0EF028
:10D70000FC6E20F4FC604EEA0000CCF1100EAEEB93
:10D71000090E03EB4E0E0EFB002E0D9A0D9912040E
:10D7200021F4FC6002F0FC620243C3EB4C0303FBF8
:10D7300002E35A0D5B0923F4FC6302F4FC621A4312
:10D74000099B0A991B884FEA132CC2F307200CF09F
:10D75000F80C00F0F8001CFB01FC00FB0BCCD80817
:10D76000C2F3CC0E00F0FC00DB000EF0FC0E10FB50
:10D7700001F0D200DBB21FFA8CFC02F0F8020EFBC3
:10D780000B0013FB01F380B202FB0B330CF101021F
:10D7900002EB1C2C421C9BB202EB10220CF47F4CBF
:10D7A000581C520900EB13206FF30A0C02F4FC62C0
:10D7B000099B4CEA0202C0F3C420104323F8020B79
:10D7C0000993219B1D44229B013C1F44002C3FF7E1
:10D7D0004AAF0E9B002B41DD30EE040AB7EE007A13
:10D7E000C7EE007A1E9B70EEA40A31EE051A20EEF9
:10D7F000A77AF0EE626A61EE277AFEEEC86A77EEEB
:10D80000622A16EE905AFEEEC82AF0EE436A37EE10
:10D81000C33A12EE902ABEEEC83A92FBF3F313EE2F
:10D82000102A21931E9B92FBF3F322930E9B1E9AC8
:10D83000013BFEEEC86A0E93129B16EE907A0CBF67
:10D840001C461446B0EE673AF0EE472A0E9B002BBA
:10D850003FF7E3AD129B002B3FF7DFAD15B0BDE8FE
:10D86000F08F2DE9F0479846DDE90A43BDF920E045
:10D87000BDF924A09DF830C09DF83450088803FB02
:10D880000E46002B02EB060916DB9A4514DD002C30
:10D8900005DBA64503DD925D38F8127000E007460F
:10D8A000621C0CD496450ADDBCF1000F07D099F834
:10D8B000012038F8126003E00646074600E00646FD
:10D8C0005A1C19D4924517DDB5B1002C06DBA645CC
:10D8D00004DD19F80E3038F8132000E00246013458
:10D8E0000BD4A64509DDBCF1000F06D0F14499F830
:10D8F000013038F8130000E002463B0403F0FC63FB
:10D9000027F4FC671CFB05F41F433304C4F3C7046E
:10D9100026F4FC66C5F1100E03F0FC63AEEB0C0EB2
:10D920003343C4EB4C0C060404EB4E0E0CFB03F328
:10D9300006F0FC6620F4FC6030430EFB073304FB6A
:10D940000033100400F0FC6022F4FC620243C4EBDC
:10D95000450404FB02335A0D5B0902F4FC6223F414
:10D96000FC6313430B80BDE8F0872DE9F04F91B0C5
:10D970001C460F901F980E92DDE920320A914168F3
:10D98000DDF888B001FB02330168DBF8046001EBCD
:10D9900043034FF000080693DBF80030CDF82080F9
:10D9A000DDE91B57CDE90B88CDF82480CDF8348014
:10D9B00007930436F7EE006A94E1BBF90820BBF93F
:10D9C0000C3002F1FF3E21E05FEA254C4FEA274090
:10D9D00004D4F4450BDA002804DA0AE0BCF1FF3F76
:10D9E0000CD104E003F1FF3C604513DB03E09445F8
:10D9F00004DA411C02DB9842C0F2BE801D980699F1
:10DA000005441E9802310744013C0691002CDBDCE2
:10DA100000F02B811D99601E01FB005C5FEA2C4C1D
:10DA200000F1AA80013A944580F2A6801E9A02FB7A
:10DA30000070001400F1A080013B9842C0F21581F3
:10DA40009AE02A14DBE902394FEA274CC5F3033E7A
:10DA5000C7F3033007D403F1FF3A52456EDABCF145
:10DA6000000F03DA6CE0511C7ED167E009F1FF3A48
:10DA7000D44568DA1BB20CFB0322079901EB0209BB
:10DA80008A5C36F812C0BEF1000F10D099F8012060
:10DA900036F8128088B109EB030219F8033036F822
:10DAA00013300893537836F813300B9305E020B108
:10DAB00019F8033036F8133008934FEA084928F470
:10DAC000FC6A09F0FC691EFB00F249EA0A094FEA08
:10DAD0004E0AD310AAEBD20A0B9A0B99120421F426
:10DAE000FC6102F0FC620A435A430AFB09224FEA36
:10DAF0000C4909F0FC692CF4FC6C49EA0C0CC0F1EF
:10DB00001009A9EB0E0903EB490909FB0C29089A36
:10DB10000899120402F0FC6221F4FC6C42EA0C0247
:10DB2000C3EB400303FB02935A0D5B0923F4FC6330
:10DB300002F4FC621A43069B1A8015E0934213DD3F
:10DB4000BCF1FF3F10DBE1450EDD1BB2CDE9022C3D
:10DB50000FFA89F2CDE904E001920093DDE90612A3
:10DB60000F983346FFF77DFE069B023306931D9BFD
:10DB70001D441E9B013C1F44002C3FF762AF76E022
:10DB8000BBF9083007992A14381403FB0020079AC0
:10DB90000244085C15F4704F36F81000C5F30339E1
:10DBA000C7F3033C13D092F801E036F81E100C9135
:10DBB000BCF1000F12D002EB030ED35C36F8133029
:10DBC00009939EF8013036F813300D9306E0BCF14E
:10DBD000000F03D0D35C36F8133009930C994FEA49
:10DBE000014E21F4FC6A0EF0FC6E19FB0CF24EEAB9
:10DBF0000A0E4FEA490AD310AAEBD20A0D9A0D99E0
:10DC0000120421F4FC6102F0FC620A435A430AFB4D
:10DC10000E224FEA004E0EF0FC6E20F4FC604EEA3D
:10DC20000000CCF1100EAEEB090E03EB4E0E0EFB16
:10DC3000002E099A0999120402F0FC6221F4FC609A
:10DC40000243C3EB4C0303FB02E35A0D5B0923F4CD
:10DC5000FC6302F4FC621A43069B23F8022B069332
:10DC60001D9B1D441E9B013C1F44002C88DC0A9B0D
:10DC7000002B3FDD30EE040A70EEA40AC6EE807A77
:10DC80001A9B31EE051A20EEA77AB0EE626A61EEB9
:10DC9000277ABEEEC86A77EE622A16EE105AFEEEBA
:10DCA000C82AB0EE436A37EEC33A12EE902ABEEEAF
:10DCB000C83A92FBF3F313EE102A1D931A9B92FBC2
:10DCC000F3F31E930A9B1A9A013BBEEEC86A0A93AD
:10DCD0000E9B16EE107A0CBF1C461446B0EE673A47
:10DCE000F0EE472A0A9B002B3FF767AE0E9B002BF6
:10DCF0003FF763AE11B0BDE8F08F2DE9F04F87B06C
:10DD0000CDE902120298BDF940E00088BDF94490C7
:10DD10009DF850609DF854C09DF858A0DDE912713F
:10DD2000040AC508C000C0B2019005F0FC0501FB63
:10DD30000E7B04F0F80402EB0B082802019A40EA7B
:10DD4000044010430029059018DB894516DD002F9B
:10DD500008DBBE4506DD039A12F80B0000EB40001D
:10DD6000184400E005A87A1C0BD4964509DD46B19D
:10DD700098F8012002EB42021A4403E005AA10467B
:10DD800000E005AA01311BD4894519DDBCF1000F63
:10DD900016D0002F07DBBE4505DD18F80E1001EB8D
:10DDA0004101194400E005A901370CD4BE450ADD44
:10DDB0004EB1F04498F8017007EB47073B4403E08D
:10DDC00005AB194600E005AB06FB0CF8A8EB0C1EF2
:10DDD0000EF5807E977890F802B0AEEB061EC8EB89
:10DDE0000616B6B21FFA8EFE77430EFB0B77C8EB12
:10DDF0000C1C91F802B01FFA8CFC0CFB0B7793F80B
:10DE000002B06FEA0A095FFA89F908FB0B77C7F3DA
:10DE1000072714FB09F407FB0A44577890F801B070
:10DE20001278007877430EFB0B7791F801B00978F0
:10DE30000CFB0B77724393F801B01B780EFB0022AA
:10DE40000CFB012208FB0B7708FB0323C7F3072712
:10DE5000019A15FB09F507FB0A55ADB2C3F3072379
:10DE600012FB09F2A4B203FB0A226B1C03EB15237D
:10DE7000611C01EB14215B0992B201F4784103F4B7
:10DE8000FC630B43511C01EB1222C2F3C422134367
:10DE9000029A138007B0BDE8F08F2DE9F04F91B0E2
:10DEA0001F9C0E929DF88C2009920C91DDE9202197
:10DEB0000F90606800FB0122216801EB420208928A
:10DEC000229A12680B92229A5468099AD243D2B2CB
:10DED00004340A922EE2229AB2F90810B2F90C2008
:10DEE0004E1E23E01B9D1C982D144FEA204004D4A5
:10DEF000B54209DA002803DA08E06F1C0AD103E012
:10DF0000551EA84216DB03E08D4203DA451C01DBF7
:10DF1000904216DB1B981D9D28441B901E9D1C984B
:10DF200028441C9008980230013B0890002BD9DC53
:10DF300000F0BF811B9D1D9E581E06FB00552D1431
:10DF400001D59B46F1E001398D42FADA1C991E9DFC
:10DF500005FB00100014F4D4013A9042C0F2A981EC
:10DF6000EFE71C9B229A18141B9BD6681B9AC3F3DD
:10DF700003351C9BC3F30331229B12149B6806D408
:10DF80005F1EBA4280F2AE80002804DAACE0571C73
:10DF900040F0BE80A6E0771EB84280F2A7801BB298
:10DFA00000FB03220B9E0B9816F8029009EB49091F
:10DFB000104404EB09077DB190F801C00CEB4C0C48
:10DFC000A44481B1C218C35C507803EB430300EB57
:10DFD0004000234420440CE041B1C35C03EB430305
:10DFE0002344384604E038463B4602E038463B4688
:10DFF000BC4605FB01F808F5807E9CF8026097F8A6
:10E0000002A0089A7F7812880D92AEEB051EC8EB2D
:10E010000515ADB2AEEB011E1FFA8EFE6E430EFB70
:10E020000A66C8EB011193F802A089B201FB0A66E7
:10E0300090F802A008FB0A664FEA122A0A9A0AF030
:10E04000F80A1AFB02FA099AC6F3072606FB02AA87
:10E050009CF801600D9A9CF800C06E430EFB0766A9
:10E060005F781B7801FB0766477808FB0766D708CF
:10E070000A9A07F0FC0717FB02F7099AC6F307266E
:10E0800006FB027714F809600D9A05FB0CFC0EFBE9
:10E0900006CC01FB03C30178D20008FB01330A99C7
:10E0A000D2B212FB01F20999BFB2C3F3072303FBFB
:10E0B00001231FFA8AFA7A1C0AF1010102EB1722E6
:10E0C00001EB1A2152099BB201F4784102F4FC627F
:10E0D0000A43591C01EB1321C1F3C421089B1143CE
:10E0E000198015E0934213DD471C11DB86420FDDDA
:10E0F000099F02921BB236B2CDE90517CDE903059F
:10E1000000930B9A08990F9801962346FFF7F5FDA7
:10E11000089B1D9A023308931B9B13441B931E9A62
:10E120001C9B13441C930BF1FF3BBBF1000F3FF70B
:10E1300018AFC3E01B9A1C991B980B9EC2F30338BF
:10E140001C9AC2F30335229AB2F90820001409146C
:10E1500002FB01010B9816F801A008441B990AEB79
:10E160004A0A11F4704F04EB0A070FD090F801C06F
:10E170000CEB4C0CA44485B18118825C487802EB0E
:10E18000420200EB4000224420440CE045B1825C96
:10E1900002EB42022244384604E038463A4602E0A6
:10E1A00038463A46BC4608FB05F909F5807E9CF8DE
:10E1B000026097F802B008990A9B09887F78AEEB55
:10E1C000081EC9EB08181FFA88F8AEEB051E1FFAE7
:10E1D0008EFE08FB06F60EFB0B66C9EB051592F8E2
:10E1E00002B0ADB205FB0B6690F802B009FB0B66FE
:10E1F0004FEA112B0BF0F80B1BFB03FB099BC6F33B
:10E20000072606FB03BB9CF801600A9B9CF800C034
:10E2100008FB06F60EFB07665778127805FB0766C3
:10E220004778007809FB0766CF0807F0FC0717FB63
:10E2300003F7099BC6F3072606FB037714F80A6069
:10E240000A9B08FB0CFC0EFB06CCC90005FB02C2B6
:10E25000C9B211FB03F109FB0022099B1FFA8BFBDA
:10E26000BFB2C2F3072202FB03120BF10100791CBB
:10E2700000EB1B2001EB172100F47F40490992B20B
:10E280006FF30A0001F4FC610143501C00EB122003
:10E29000C0F3C420089A1D9B084322F8020B089281
:10E2A0001B9A1A441B921E9B1C9A1A440D9B1C928B
:10E2B000013B0D930D9B002B3FF73CAF0C9B002BBC
:10E2C00040DD30EE040AB7EE007AC7EE007A1A9B02
:10E2D00070EEA40A31EE051A20EEA77AF0EE626A1B
:10E2E00061EE277AFEEEC86A77EE622ACDED1B6AF0
:10E2F000FEEEC82AF0EE436A37EEC33A12EE902AD9
:10E30000BEEEC83A92FBF3F313EE102A1D931A9B4C
:10E3100092FBF3F31E930C9B1A9AFEEEC86A013B24
:10E320000C93CDED1C6A0E9BB0EE673A18BF1346F6
:10E33000F0EE472A0C9A002A3FF7CDAD0E9A002A3C
:10E340003FF7C9AD11B0BDE8F08F2DE9F74FB1F837
:10E350000080BDF93060BDF934909DF840509DF8C3
:10E360004470DDE90E044FEA082C4FEA481B0CF418
:10E37000780C0BF47C4B4FEAC8084CEA0B0C5FFAA4
:10E3800088F804FB060A4CEA080C002C02EB0A0E83
:10E39000CDF804C018DBA14516DD002807DB864256
:10E3A00005DD12F80A8008EB4808984401E00DF1F9
:10E3B0000408421C0BD4964209DD45B19EF80120A9
:10E3C00002EB42021A4403E001AA904600E001AACF
:10E3D000013419D4A14517DDB7B1002807DB864207
:10E3E00005DD1EF8064004EB44041C4400E001ACCB
:10E3F00001300CD486420ADD4DB1B6449EF80100CE
:10E4000000EB4000034403E001AB1C4600E001AB1D
:10E4100005FB07F6A6EB071C907898F80190C6EB71
:10E42000051E0CF5807C1FFA8EFEACEB051C98F8DF
:10E4300002501FFA8CFC0EFB00F00CFB0500C6EB33
:10E440000717A578BFB207FB05009D7806FB0500FE
:10E45000557812780EFB05F50CFB095594F80190E0
:10E46000247807FB095593F801901B7806FB0955A2
:10E470006D0905F4FC6500F47840284398F80050D5
:10E480000EFB02F20CFB052207FB042206FB032312
:10E49000C3F3C42303430B8003B0BDE8F08F2DE921
:10E4A000F04F8DB0CDE909121B9D0B90DDE91C21C9
:10E4B0006868179C00FB0122296801EB4202079261
:10E4C0001E9A126808921E9A55680435C0E11E9A79
:10E4D000B2F90810B2F90C204F1E21E0189826144A
:10E4E0004FEA204004D4BE420ADA002804DA09E0E8
:10E4F000B6F1FF3F0AD103E0561EB04214DB03E041
:10E500008E4203DA461C01DB904213DB19981A9EF7
:10E51000044418983044189007980230013B079043
:10E52000002BDBDC00F05581199E581E06FB0046CF
:10E53000361401D59B46BCE001398E42FADA1899AF
:10E540001A9E06FB00100014F4D4013A9042C0F267
:10E550004081EFE7189B1E9A1914C3F303301E9BEA
:10E56000D6689B682214C4F3033706D403F1FF3C3A
:10E5700062457EDA002905DA7DE0B2F1FF3F40F026
:10E580008D8076E006F1FF3C614577DA1BB201FB36
:10E590000322089911F8029009EB49098E1805EB3E
:10E5A00009027FB196F801C00CEB4C0CAC4480B171
:10E5B000F118F35C4E7803EB430306EB46062B445D
:10E5C0002E440CE040B1F35C03EB43032B441646AE
:10E5D00004E01646134602E016461346944607FB2F
:10E5E00000F808F5807E9CF8021092F802A0AEEBCD
:10E5F000071EC8EB0717BFB2AEEB001E1FFA8EFE58
:10E6000079430EFB0A11C8EB001093F802A080B208
:10E6100000FB0A1196F802A008FB0A1192F801A06B
:10E620009CF801209CF800C07A430EFB0A2293F864
:10E6300001A01B7800FB0A2296F801A008FB0A2221
:10E6400001F47F4152096FF30A0102F4FC620A43AC
:10E6500015F8091007FB0CFC0EFB01CC317800FB10
:10E6600003C308FB0133C3F3C4231343079A138086
:10E6700014E0934212DDB1F1FF3F0FDB8E420DDD5E
:10E680001BB236B2CDE90470CDE902210093DDE979
:10E6900007120B9801962B46FFF757FE079B1A9A15
:10E6A00002330793199B1C44189B134418930BF1D6
:10E6B000FF3BBBF1000F3FF74DAF8DE0189A189963
:10E6C000C2F303371E9AB2F908202014091402FB82
:10E6D0000101089810F801A014F4704F0AEB4A0ADF
:10E6E00000EB0106C4F3033805EB0A010FD096F8DE
:10E6F00001C00CEB4C0CAC4487B1B018B25C46784E
:10E7000002EB420206EB46062A442E440CE047B1D7
:10E71000B25C02EB42022A440E4604E00E460A4670
:10E7200002E00E460A468C4608FB07F909F5807E92
:10E730009CF8020091F802B0AEEB081EC9EB081875
:10E740001FFA88F8AEEB071E1FFA8EFE08FB00F0DA
:10E750000EFB0B00C9EB071792F802B0BFB207FB24
:10E760000B0096F802B009FB0B0091F801B09CF881
:10E7700001109CF800C008FB01F10EFB0B1192F890
:10E7800001B0127807FB0B1196F801B009FB0B11D1
:10E7900000F47F4049096FF30A0001F4FC61014372
:10E7A00015F80A0008FB0CFC0EFB00CC307807FBC8
:10E7B00002C209FB0022C2F3C4220A43079921F8CE
:10E7C000022B199A079114441A99189A0A4418921C
:10E7D000013B002B3FF772AF099B002B40DD30EE71
:10E7E000040AB7EE007AC7EE007A169B70EEA40A10
:10E7F00031EE051A20EEA77AF0EE626A61EE277A12
:10E80000FEEEC86A77EE622A16EE904AFEEEC82A3D
:10E81000F0EE436A37EEC33A12EE902ABEEEC83AE3
:10E8200092FBF3F313EE102A1993169B92FBF3F36A
:10E830001A93099B169AFEEEC86A013B0993CDED27
:10E84000186A0A9BB0EE673A18BF1346F0EE472AE3
:10E85000099A002A3FF73BAE0A9A002A3FF737AEE3
:10E860000DB0BDE8F08F2DE9F04F85B0DDE9106007
:10E87000BDF938C00191002800FB0C61BDF93C9046
:10E880009DF848709DF84C509DF850E002EB01084F
:10E8900014DB814512DD002E05DBB44503DD525C3F
:10E8A00053F8224000E00024721C0AD4944508DD8D
:10E8B0004FB198F8012053F8221005E000210C46D2
:10E8C00002E0002100E03946013017D4814515DD12
:10E8D000BDB1002E06DBB44504DD18F80C2053F85A
:10E8E000220000E0002001360ED4B4450CDD6FB1EB
:10E8F000E04498F8012053F8222008E00022104656
:10E9000005E02A46284602E0002200E03A4605FBE0
:10E9100007F6C6EB07139BB20093A6EB0513C6EBF5
:10E92000051C03F58073009DA3EB07134FEA116AE2
:10E930004FEA146B9BB20AFB05F54FEA10691FFA08
:10E940008CFC0BFB03554FEA12680CFB095506FBC8
:10E950000855C5F3072715F47F4F029700F0B780DD
:10E9600004F0FF170BFB07F704F47F440BFB04F4E0
:10E970004FEA172B0BF0FF1B07F10117BB444FEABF
:10E980001B2B0BF0FF1701F0FF1B01F47F410AFB6B
:10E9900001F10AFB0BFB01F5807A0AEB112100F073
:10E9A000FF1A09FB0AFA00F47F4009FB00F04FEA66
:10E9B0001A2909F0FF190AF1011AD14400F5807AE9
:10E9C0000AEB102002F0FF1A039708FB0AFA04F57D
:10E9D000807702F47F4208FB02F207EB14274FEA2C
:10E9E0001A284FEA1B2408F0FF1804F0FF140BF15B
:10E9F000011B0AF1011AC2445C4402F5807808EB5D
:10EA00001228240A009A019D04F0FF145443039A2B
:10EA10002D8803FB0244090A009A01F47F41514307
:10EA2000029A3F0A4FEA1A2A07F47F4702FB0EF2C6
:10EA30004FEA19290AF0FF1A03FB071106FB0A44E3
:10EA4000571C09F0FF19C2F30F224FEA18280CFBDC
:10EA5000094412FA87F7000A08F47F4806FB0818F1
:10EA600000F47F402A0A6FEA2727260EFFB20CFB2C
:10EA7000008302F0F80216FB0EF602FB0766C3F3F2
:10EA80000743EA0802F0FC0213FB0EF302FB073314
:10EA9000ED00C4F30722EDB212FB0EF205FB0722D4
:10EAA00092B2B6B29BB2511C01EB1222701C591CDF
:10EAB00000EB162001EB132300F47840C2F3C422CC
:10EAC0005B09024303F4FC631343019A138005B00E
:10EAD000BDE8F08F2DE9F04F9BB0CDE91712299DCD
:10EAE0009DF8B4200A92DDE92A21199068682E6801
:10EAF000259C00FB012206EB420209922C9A126827
:10EB000013922C9A55680027CDE914770E97119728
:10EB1000169704355BE32C9AB2F90810B2F90C2071
:10EB200001F1FF3E23E026985FEA244C4FEA2040A3
:10EB300004D4F4450BDA002804DA0AE0BCF1FF3F04
:10EB40000BD104E002F1FF3C604514DB03E08C458F
:10EB500003DA461C01DB904214DB2798289E04440C
:10EB600026983044269009980230013B0990002BEA
:10EB7000D9DC00F0ED82279E581E06FB004C5FEAB0
:10EB80002C4C01D59B4682E101398C45FADA269955
:10EB9000289E06FB00100014F4D4013A9042C0F203
:10EBA000D782EFE7269B4FEA234EC3F303312C9B1A
:10EBB000D3E9020C2314C4F3033208D400F1FF3864
:10EBC000434580F24181BEF1000F04DA3EE15E1C54
:10EBD00040F0528138E10CF1FF38C64580F23981AE
:10EBE0000FFA80FC0EFB0C33139800EB030EC35C92
:10EBF00055F82330180EBAB19EF8017055F8276009
:10EC00000D96370EC1B10EEB0C081EF80CC055F86E
:10EC10002C6098F801C00B96360E0E9655F82C60B5
:10EC20000F96360E149607E031B11EF80CC055F859
:10EC30002C600B96360E0E9602FB01FE0EF5807CC4
:10EC4000CEEB0219ACEB021CACEB011C1FFA89F9EC
:10EC50000E9ECEEB01181FFA8CF209FB07F11FFA8A
:10EC600088F802FB001108FB0611149E0EFB06112A
:10EC700011F47F4FC1F3072C00F0FE80FF2819D05C
:10EC800003F0FF1A00FB0AFA03F47F4343434FEA01
:10EC90001A2003F5807100F0FF100AF1011A01EB50
:10ECA00013215044000A090A00F0FF1001F47F41CB
:10ECB00040EA0103FF2F1AD00D990D9801F0FF11C2
:10ECC000794300F47F4A080A07FB0AFA01F10111AF
:10ECD00000F0FF1008440AF5807101EB1A21000AC8
:10ECE000090A00F0FF1001F47F4101430D910E99D4
:10ECF000FF291CD00B990E9801F0FF1141430B988E
:10ED000000F47F4A0E9800FB0AFA080A00F0FF1090
:10ED100001F1011108440AF5807101EB1A21000A82
:10ED2000090A00F0FF1001F47F4101430B9114998F
:10ED3000FF291CD00F99149801F0FF1141430F983F
:10ED400000F47F4A149800FB0AFA080A00F0FF104A
:10ED500001F1011108440AF5807101EB1A21000A42
:10ED6000090A00F0FF1001F47F4101430F910D9952
:10ED70000A9E01F0FF1103F0FF1009FB01F102FBF5
:10ED800000110B9800F0FF1008FB00110F9800F025
:10ED9000FF100EFB00110D9800F47F4003F47F4339
:10EDA00009FB00F002FB03000B9B03F47F4308FB0D
:10EDB00003000F9B03F47F430EFB0300099BB3F892
:10EDC00000E00A9B0CFB03FC0CF10103CCF30F2CBD
:10EDD0001CFA83F30A0E4FEA1E2C6FEA2323DBB2E0
:10EDE0000CF0F80C12FB06F20CFB0322C1F3072116
:10EDF0004FEADE0C4FEACE0EC0F307405FFA8EFEFC
:10EE000011FB06F192B20EFB03110CF0FC0C10FB8F
:10EE100006F00CFB030089B2531C03EB12224B1CBF
:10EE200002F47F4203EB112380B26FF30A02C3F3B3
:10EE3000C4231343421C02EB1022520902F4FC6269
:10EE40001343099A138017E0984215DDBEF1FF3F86
:10EE500012DBF44510DD0A9E029300B20FFA8CF328
:10EE6000CDE90516CDE903E201930090139A0999C3
:10EE700019982B46FFF7F7FC099B289A0233099350
:10EE8000279B1C44269B134426930BF1FF3BBBF1AD
:10EE9000000F3FF787AE5EE1269A139EC2F3033060
:10EEA0002C9AB2F90810269A4FEA244C121401FB4E
:10EEB00002C206EB0208B25C55F8222014F4704F2F
:10EEC000C4F3033E4FEA126C18D098F8019055F83D
:10EED00029601096360E1596C0B108EB010918F896
:10EEE000011055F821100C91090E119199F801109B
:10EEF00055F821101291090E169107E030B118F85B
:10EF0000011055F821100C91090E11910EFB00F81B
:10EF100008F58071A1EB0E11C8EB0E1AC8EB0019B1
:10EF2000A1EB00111598119E1FFA8AFA89B20AFB0B
:10EF300000F01FFA89F901FB0C0009FB0600169E80
:10EF400008FB060010F47F4FC0F3072E00F0F68098
:10EF5000BCF1FF0F1BD002F0FF1B0CFB0BFB02F4FC
:10EF60007F420CFB02F24FEA1B2C02F580700CF082
:10EF7000FF1C0BF1011B00EB1220DC444FEA1C2CA0
:10EF8000000A0CF0FF1C00F47F404CEA00021598C8
:10EF9000FF281FD01098159E00F0FF107043109EA0
:10EFA00006F47F4B159E4FEA102C06FB0BFB00F17D
:10EFB00001100CF0FF1C84440BF5807000EB1B204B
:10EFC0004FEA1C2C000A0CF0FF1C00F47F404CEAB6
:10EFD000000010901198FF281FD00C98119E00F08F
:10EFE000FF1070430C9E06F47F4B119E4FEA102CCD
:10EFF00006FB0BFB00F101100CF0FF1C84440BF529
:10F00000807000EB1B204FEA1C2C000A0CF0FF1C48
:10F0100000F47F404CEA00000C901698FF281FD0A7
:10F020001298169E00F0FF107043129E06F47F4B5C
:10F03000169E4FEA102C06FB0BFB00F101100CF0A2
:10F04000FF1C84440BF5807000EB1B204FEA1C2C46
:10F05000000A0CF0FF1C00F47F404CEA0000129004
:10F0600010980C9E00F0FF1002F0FF1C0AFB00F04D
:10F0700001FB0C0006F0FF1C129E09FB0C0006F0C1
:10F08000FF1C109E08FB0C0006F47F4C02F47F422C
:10F090000AFB0CFC01FB02CC0C9A0A9E02F47F4294
:10F0A00009FB02CC129A02F47F4208FB02CC099AB7
:10F0B000B2F800800A9A0EFB02FE0EF10102CEF3B6
:10F0C0000F2E1EFA82F2010E4FEA182E6FEA22224C
:10F0D000D2B20EF0F80E11FB06F10EFB0211C0F3D6
:10F0E00007204FEAD80E4FEAC808CCF3074C5FFA66
:10F0F00088F810FB06F089B208FB02000EF0FC0E47
:10F100001CFB06FC0EFB02CC80B24A1C02EB112158
:10F11000421C01F47F4102EB10221FFA8CFC6FF3BA
:10F120000A01C2F3C4220A430CF1010101EB1C21C4
:10F13000490901F4FC610A4309990A80099A28994E
:10F1400002320992279A1444269A0A442692013BD5
:10F15000002B3FF7A1AE179B002B40DD30EE040AD9
:10F16000B7EE007AC7EE007A249B70EEA40A31EE67
:10F17000051A20EEA77AF0EE626A61EE277AFEEEBB
:10F18000C86A77EE622A16EE904AFEEEC82AF0EEC2
:10F19000436A37EEC33A12EE902ABEEEC83A92FBAB
:10F1A000F3F313EE102A2793249B92FBF3F3289397
:10F1B000179B249AFEEEC86A013B1793CDED266A91
:10F1C000189BB0EE673A18BF1346F0EE472A179A1D
:10F1D000002A3FF7A0AC189A002A3FF79CAC1BB05E
:10F1E000BDE8F08F2DE9F04F89B0DDE914460291BA
:10F1F0000988BDF948C0BDF94C809DF858709DF84C
:10F200005C000D0A05F0F8050395CD08C900C9B2E8
:10F2100005F0FC050591002E06FB0C41049502EB60
:10F22000010E14DBB04512DD002C05DBA44503DD27
:10F23000525C53F8225000E00025621C0AD4944529
:10F2400008DD4FB19EF8012053F8221005E000219F
:10F250000D4602E0002100E03946013617D4B045E2
:10F2600015DDB8B1002C0EEB0C0206DBA44504DD65
:10F270001EF80C6053F8266000E0002601340CD420
:10F28000A4450ADD5FB1527853F8224008E000241B
:10F29000264605E00446064602E0002400E03C461F
:10F2A00007FB00FECEEB0018AEEB001000F58070FF
:10F2B0004FEA156BCEEB0719A0EB071005F0FF170F
:10F2C000230E0BFB07F7019305F47F433D0A05F07E
:10F2D000FF1507F101173D442D0A0BFB03F305F061
:10F2E000FF15069503F5807505EB13250A0E2B0A0D
:10F2F00001F0FF155543079301F47F43290A534357
:10F3000005F1011501F0FF114FEA166A294406F0D4
:10F31000FF1703F580750AFB07F705EB132506F4C5
:10F320007F430AFB03F33E0A03F5807C07F10117D4
:10F3300006F0FF163E440CEB132C270E04F0FF13CF
:10F340007B4304F47F447C431F0A07F0FF1703F15B
:10F3500001131F44090A04F580731FFA89F903EBAE
:10F36000142301F0FF11069C80B209FB01F100FBA0
:10F3700004112D0A079C05F47F4504F47F4409FB22
:10F3800005F53F0A1B0A00FB045507F0FF17360A74
:10F390004FEA1C2C03F47F431FFA88F806F0FF168F
:10F3A0000EFB07110EFB03530CF47F4C08FB0611F8
:10F3B00008FB0C33090A1B0A01F0FF1109FB02F2DA
:10F3C00003F47F430B4300FB0B220199059C039838
:10F3D00008FB0A220EFB01226FEA22220499D2B214
:10F3E0005143504362434C1C090A11FA84F4190A30
:10F3F00001EB1421441C000A10FA84F4180C00EBF1
:10F400001420C900000200F4784001F4FC610143BB
:10F41000501C120A12FA80F203EB1223C3F3C40346
:10F42000029A0B43138009B0BDE8F08F2DE9F04F2D
:10F4300097B0CDE91312259D1590DDE92621686866
:10F440002E68219C00FB012206EB42020692289ABC
:10F4500012680F92289A55680027CDE910770A970D
:10F460000D97129704355DE3289AB2F90810B2F9A6
:10F470000C2001F1FF3E23E022985FEA244C4FEA82
:10F48000204004D4F4450BDA002804DA0AE0BCF189
:10F49000FF3F0BD104E002F1FF3C604514DB03E0C9
:10F4A0008C4503DA461C01DB904214DB2398249E32
:10F4B000044422983044229006980230013B069082
:10F4C000002BD9DC00F0EF82239E581E06FB004C77
:10F4D0005FEA2C4C01D59B4680E101398C45FADA74
:10F4E0002299249E06FB00100014F4D4013A9042A5
:10F4F000C0F2D982EFE7229B4FEA234EC3F30331D8
:10F50000289BD3E9020C2314C4F3033208D400F17E
:10F51000FF38434580F24181BEF1000F04DA3EE13D
:10F520005E1C40F0508138E10CF1FF38C64580F296
:10F5300039810FFA80FC0EFB0C330F9800EB030EA1
:10F54000C35C55F82330180EBAB19EF8017055F817
:10F5500027600996370EC1B10EEB0C081EF80CC0DF
:10F5600055F82C6098F801C00796360E0A9655F8A3
:10F570002C600B96360E109607E031B11EF80CC0C9
:10F5800055F82C600796360E0A9602FB01FE0EF522
:10F59000807CCEEB0219ACEB021CACEB011C1FFA19
:10F5A00089F90A9ECEEB01181FFA8CF209FB07F1CC
:10F5B0001FFA88F802FB001108FB0611109E0EFBD3
:10F5C000061111F47F4FC1F3072C00F0FC80FF28D7
:10F5D00019D003F0FF1A00FB0AFA03F47F434343F8
:10F5E0004FEA1A2003F5807100F0FF100AF1011AAA
:10F5F00001EB13215044000A090A00F0FF1001F446
:10F600007F4140EA0103FF2F1AD00999099801F0C0
:10F61000FF11794300F47F4A080A07FB0AFA01F157
:10F62000011100F0FF1008440AF5807101EB1A2166
:10F63000000A090A00F0FF1001F47F41014309911B
:10F640000A99FF291CD007990A9801F0FF1141433C
:10F65000079800F47F4A0A9800FB0AFA080A00F0AB
:10F66000FF1001F1011108440AF5807101EB1A2124
:10F67000000A090A00F0FF1001F47F4101430791DD
:10F680001099FF291CD00B99109801F0FF114143EC
:10F690000B9800F47F4A109800FB0AFA080A00F061
:10F6A000FF1001F1011108440AF5807101EB1A21E4
:10F6B000000A090A00F0FF1001F47F4101430B9199
:10F6C0000998624E00F0FF1003F0FF1109FB00F0F3
:10F6D00002FB0100079901F0FF1108FB01000B99E3
:10F6E00001F0FF110EFB0100099901F47F4103F4C1
:10F6F0007F4309FB01F102FB0311079B069A03F408
:10F700007F4308FB03110B9B128803F47F430EFB1E
:10F7100003116FEA0C0C4FEA122E5FFA8CFC0B0AF5
:10F720000EF0F80ED108D2000EFB0CFE000A01F01C
:10F73000FC01D2B201FB0CF102FB0CF200F0FF1055
:10F740000EF1010C03F47F434FEA1E2E03431EFA11
:10F750008CFE01F1010CC1F30F2111FA8CF1000CA8
:10F760004FEA132C0CEB212C00EB2E20511CC2F382
:10F770000F2212FA81F1C0B24FEACC0C06EA002047
:10F780000CF4FC6C03EB2123069A40EA0C0CC3F347
:10F79000C40343EA0C03138015E0984213DDBEF165
:10F7A000FF3F10DBF4450EDD00B2CDE9023E0FFA5B
:10F7B0008CF3CDE90421019300900F9A06991598D6
:10F7C0002B46FFF70FFD069B249A02330693239BDB
:10F7D0001C44229B134422930BF1FF3BBBF1000F0F
:10F7E0003FF789AE62E1229A0F9EC2F30330289A56
:10F7F000B2F90810229A4FEA244C121401FB02C2FB
:10F8000006EB0208B25C55F8222014F4704FC4F3E2
:10F81000033E4FEA126C1BD098F8019055F829600E
:10F820000C96360E1196D8B108EB010918F80110A4
:10F8300055F821100891090E0D9199F8011055F80D
:10F8400021100E91090E12910AE000BF00F8FFFF8F
:10F8500030B118F8011055F821100891090E0D91DA
:10F860000EFB00F808F58071A1EB0E11C8EB0E1A23
:10F87000C8EB0019A1EB001111980D9E1FFA8AFA2E
:10F8800089B20AFB00F01FFA89F901FB0C0009FBA1
:10F890000600129E08FB060010F47F4FC0F3072EEF
:10F8A00000F0F780BCF1FF0F1BD002F0FF1B0CFB38
:10F8B0000BFB02F47F420CFB02F24FEA1B2C02F519
:10F8C00080700CF0FF1C0BF1011B00EB1220DC44DC
:10F8D0004FEA1C2C000A0CF0FF1C00F47F404CEA9D
:10F8E00000021198FF281FD00C98119E00F0FF1005
:10F8F00070430C9E06F47F4B119E4FEA102C06FBC2
:10F900000BFB00F101100CF0FF1C84440BF5807020
:10F9100000EB1B204FEA1C2C000A0CF0FF1C00F42B
:10F920007F404CEA00000C900D98FF281FD00898EB
:10F930000D9E00F0FF107043089E06F47F4B0D9E55
:10F940004FEA102C06FB0BFB00F101100CF0FF1C22
:10F9500084440BF5807000EB1B204FEA1C2C000A3E
:10F960000CF0FF1C00F47F404CEA00000890129855
:10F97000FF281FD00E98129E00F0FF1070430E9EBD
:10F9800006F47F4B129E4FEA102C06FB0BFB00F196
:10F9900001100CF0FF1C84440BF5807000EB1B2061
:10F9A0004FEA1C2C000A0CF0FF1C00F47F404CEACC
:10F9B00000000E900C9E06F0FF1C02F0FF100AFBE8
:10F9C0000CFC01FB00CC089800F0FF1009FB00CCF8
:10F9D0000E9800F0FF1008FB00CC06F47F4002F404
:10F9E0007F420AFB00F001FB0200089A0699534E81
:10F9F000098802F47F4209FB02000E9A02F47F425A
:10FA000008FB02006FEA0E0E4FEA11285FFA8EFE25
:10FA1000020A08F0F808C808C90008FB0EF84FEA07
:10FA20001C2C00F0FC00C9B200FB0EF001FB0EF133
:10FA30000CF0FF1C08F1010E02F47F424FEA182877
:10FA40004CEA020218FA8EF800F1010EC0F30F2002
:10FA500010FA8EF04FEA1C4C4FEA122E0EEB202EBD
:10FA60000CEB282C481CC1F30F2111FA80F05FFA2F
:10FA70008CFC4FEACE0E06EA0C2C0EF4FC6E02EB68
:10FA8000202206994CEA0E0EC2F3C40242EA0E028C
:10FA90000A80069A249902320692239A1444229AE2
:10FAA0000A442292013B002B3FF79DAE139B002B93
:10FAB00040DD30EE040AB7EE007AC7EE007A209BF4
:10FAC00070EEA40A31EE051A20EEA77AF0EE626A13
:10FAD00061EE277AFEEEC86A77EE622A16EE904A49
:10FAE000FEEEC82AF0EE436A37EEC33A12EE902AD1
:10FAF000BEEEC83A92FBF3F313EE102A2393209B39
:10FB000092FBF3F32493139B209AFEEEC86A013B09
:10FB10001393CDED226A149BB0EE673A18BF1346DB
:10FB2000F0EE472A139A002A3FF79EAC149A002A57
:10FB30003FF79AAC17B0BDE8F08F00BF00F8FFFFA9
:10FB40002DE9F04F85B0DDE91070BDF938609DF802
:10FB50005050019500FB06759C46002802EB4503BA
:10FB60000391BDF93CA09DF848109DF84C400293CC
:10FB70000CEB050950DB82454EDD002F21DBBE4238
:10FB80001FDD1CF805E032F815304FEADE0223F4E1
:10FB9000FC656A434FF61F0C03F4FC630EFB03F392
:10FBA0000CEA521502F60102154403F1200202EBA1
:10FBB00013231B0A0CEA551503F4FC632B43009333
:10FBC00003E04FF0000ECDF800E07B1C29D49E42EC
:10FBD00027DD49B3029B99F80120B3F802C0D3088E
:10FBE0002CF4FC6803FB08F84FF61F0B0CF4FC6CBC
:10FBF00002FB0CFC0BEA581308F6010843440CF115
:10FC0000200808EB1C284FEA18280BEA531308F4C5
:10FC1000FC6843EA080309E0002296461346009276
:10FC200004E00022134601E00A460B46013055D499
:10FC3000824553DD002C56D0002F24DBBE4222DD4E
:10FC4000029819F806C030F816804FEADC0028F454
:10FC5000FC6A00FB0AFA4FF61F0B08F4FC680CFB69
:10FC600008F80BEA5A100AF6010A504408F1200A73
:10FC70000AEB182A4FEA1A2A0BEA50100AF4FC6A17
:10FC800040EA0A0002E04FF0000C604601372FD432
:10FC9000BE422DDD79B30136029D19F8067035F8A4
:10FCA0001680FE0828F4FC6906FB09F94FF61F0AC6
:10FCB00008F4FC6807FB08F80AEA591609F6010976
:10FCC0004E4408F1200909EB18284FEA18280AEADF
:10FCD000561608F4FC6846EA08060EE00027BC4603
:10FCE0003E46384609E02746A4462646204604E01C
:10FCF00000273E4601E00F460E46009D4FEA054AAA
:10FD000011FB04F90AF0FC6A4FEA034B25F4FC6589
:10FD1000C9F3C7084AEA05050BF0FC6BC4F1100AE9
:10FD200023F4FC63AAEB010A4BEA0303C8EB410B83
:10FD300008EB4A0A0BFB03F30AFB0533350405F015
:10FD4000FC6526F4FC66354308FB0535030403F027
:10FD5000FC6320F4FC600343C8EB440808FB035831
:10FD6000039BA9EB0416188806F58076C9EB0113EE
:10FD7000A6EB01169BB2B6B25343C9EB04140EFBBB
:10FD80000633A4B20CFB0433019A019E09FB07332E
:10FD9000C3F3072353434FEA58555C1C4FEA5818E6
:10FDA000C3F30F2328F4FC6813FA84F405F4FC650C
:10FDB00045EA0805010A6FEA2424E4B2C5F30723E3
:10FDC00001F0F80103F0F80311FB04F103FB021149
:10FDD000C208C5F3CC0302F0FC0203F0FC0312FBE3
:10FDE00004F203FB062289B292B2C300481C00EB66
:10FDF0001121ED00501CDBB205F0F80513FB04F3F4
:10FE000000EB122205FB063352099BB202F4FC629E
:10FE100001F4784111435A1C02EB1323C3F3C423AA
:10FE2000039A0B43138005B0BDE8F08F2DE9F04F26
:10FE300095B0239C12920022CDE90D2210910A92D6
:10FE40000F92DDE92421139060682468209D9DF8BD
:10FE50009C6000FB012204EB42020992269A126880
:10FE60000B92269A52680C928BE3269AB2F90810EC
:10FE7000B2F90C2001F1FF3C20E01F9F3F144FEA34
:10FE8000254004D4674509DA002803DA08E07C1C21
:10FE90000AD103E0571EB84214DB03E08F4203DAB5
:10FEA000471C01DB904214DB1F98219F38441F90B0
:10FEB0002298054409980230013B0990002BDCDCB4
:10FEC00000F01C831F9F219C581E04FB00773F14E9
:10FED00001D59B46A7E101398F42FADA229901FB4D
:10FEE00000500014F5D4013A9042C0F20783F0E7C5
:10FEF0001F9B1F9C269AC3F30331269BD2689B68E5
:10FF00005FEA244E4FEA2547C5F3033007D403F1D7
:10FF1000FF3CE64580F26681002F05DA64E1BEF120
:10FF2000FF3F40F075815DE102F1FF3C674580F2E3
:10FF30005D810FFA83FC07FB0CE20C9B03EB0208CC
:10FF400013F8029098F801E00B01C3F58077BFB277
:10FF5000F0B118F80C400A9408EB0C0A00FB01F809
:10FF6000A7EB0017A3EB080347449BB29AF80140A4
:10FF70000D94BFB20EFB03F30A9C09FB0733C8EBD9
:10FF80000017BFB204FB07330D9C08FB043303E0EA
:10FF90000EFB03F309FB0733C3F30723002B00F029
:10FFA00037810B9CB9F1FF0F34F8127004EB420853
:10FFB0001BD04FEAD90A27F4FC620AFB02F207F4CD
:10FFC000FC674FF61F0A09FB07F70AEA521902F607
:10FFD0000102914407F1200202EB1722120A0AEAF9
:10FFE000591902F4FC6249EA0207BEF1FF0FB8F8A2
:10FFF00002201BD04FEADE0A22F4FC6902F4FC6204
:020000040802F0
:100000000EFB02FE0AFB09F94FF61F0202EA591A1B
:1000100009F60109CA440EF1200902EA5A1A09EB4D
:100020001E22120A02F4FC624AEA02024FEA074E5A
:100030000EF0FC6E27F4FC674EEA070E170407F07B
:10004000FC6722F4FC621743002873D00A9C38F83E
:100050001C20FF2C08EB4C091BD022F4FC6C4FEA4F
:10006000D40808FB0CFC4FF61F0A02F4FC62624342
:100070000AEA5C180CF6010CE04402F1200C0CEBCF
:10008000122C4FEA1C2C0AEA58180CF4FC6C48EAB3
:100090000C020D9CB9F802C0FF2C1CD02CF4FC689B
:1000A0004FEAD40909FB08F84FF61F0A0CF4FC6C60
:1000B00004FB0CFC0AEA581908F60108C1440CF1CB
:1000C000200808EB1C284FEA18280AEA591908F4F6
:1000D000FC6849EA080CC0F1100810FB01F9A8EB14
:1000E00001084900A1EBD90179434FEA48081704F8
:1000F00008EBD90807F0FC6722F4FC6240000EFB15
:1001000008113A43A0EBD90000FB02104FEA0C4261
:1001100002F0FC622CF4FC6C4FEAE90A42EA0C02A1
:100120000AFB0202510D520901F4FC6122F4FC6247
:100130000A430DE0C1F110024F430EFB0277C7F3F3
:100140000A52C7F31A1702F4FC6227F4FC673A4319
:1001500006EA0301FF2992B241D009997343098845
:100160005F1CC3F30F2313FA87F7080A6FEA2727E8
:10017000FFB2130A00F0F80003F0F80310FB07F0D9
:1001800003FB0600CB084FEAD20C03F0FC03C900C6
:100190000CF0FC0C13FB07F3D200C9B280B2D2B250
:1001A0000CFB063311FB07F19BB202FB0611421C4C
:1001B00002EB10205A1C89B202EB132200F47F409C
:1001C00052094B1C6FF30A0002F4FC6203EB11238B
:1001D0000243C3F3C4231343099A138018E0099B15
:1001E0001A8015E0734513DD7C1C11DBBA420FDD6C
:1001F00012B21BB2CDE90506CDE90371019200935D
:1002000009991398CDF808E0DDE90B23FFF798FC76
:10021000099B219A023309931F9B13441F93229B2E
:100220000BF1FF3B1D44BBF1000F3FF761AE6CE1EA
:100230001F9B1F99C3F30332269BB3F908704FEA43
:10024000214A2B1407FB03AA0C9B03EB0A0913F8A2
:100250000A0099F801801301C3F5807115F4704FFD
:10026000C5F3033C89B21ED019F807400E9409EB80
:10027000070B0CFB02F9A1EB0C11A3EB090349449A
:100280009BB29BF801400F9489B208FB03F300FB7B
:1002900001330E9CC9EB0C1189B204FB01330F9999
:1002A00009FB013303E008FB03F300FB0133C3F355
:1002B0000723002B00F015810B99FF2801EB4A0959
:1002C00031F81A1018D04FEAD00B21F4FC6A0BFB5E
:1002D0000AFA01F4FC6B00FB0BFB0BF120000EEAA9
:1002E0005A1100EB1B200AF6010A5144000A0EEADB
:1002F000511100F4FC600143B8F1FF0FB9F802009E
:1003000019D04FEAD80B20F4FC6A0BFB0AFA00F470
:10031000FC6B08FB0BFB0EEA5A100BF120080AF6E7
:10032000010A824408EB1B20000A0EEA5A1A00F464
:10033000FC604AEA00004FEA01484FEA004A08F030
:10034000FC6821F4FC610AF0FC6A20F4FC6048EAD5
:1003500001014AEA000ABCF1000F6AD00E9C39F88C
:100360001700FF2C09EB470818D020F4FC674FEA70
:10037000D40909FB07F700F4FC6060430EEA571943
:1003800007F60107B94400F1200707EB10273F0AE1
:100390000EEA591907F4FC6749EA07000F9CB8F800
:1003A0000270FF2C19D027F4FC684FEAD40909FB2E
:1003B00008F807F4FC6767430EEA581908F60108C5
:1003C000C14407F1200808EB17284FEA18280EEA65
:1003D000591908F4FC6849EA0807CCF110081CFB1D
:1003E00002F9A8EB020852004FEA4808A2EBD90232
:1003F00008EBD9080AFB02F201FB0822010401F014
:10040000FC6120F4FC604FEA4C0C0843ACEBD90CC7
:100410000CFB002C3A0402F0FC6227F4FC674FEA64
:10042000E90B3A430BFB02C2510D01F4FC61520986
:100430000BE0C2F110000AFB02F201FB0022C2F342
:100440000A5101F4FC61C2F31A1222F4FC620A435D
:1004500006EA0301FF2992B241D009997343098842
:100460005F1CC3F30F2313FA87F7080A6FEA2727E5
:10047000FFB2130A00F0F80003F0F80310FB07F0D6
:1004800003FB0600CB084FEAD20C03F0FC03C900C3
:100490000CF0FC0C13FB07F3D200C9B280B2D2B24D
:1004A0000CFB063311FB07F19BB202FB0611421C49
:1004B00002EB10205A1C89B202EB132200F47F4099
:1004C00052094B1C6FF30A0002F4FC6203EB112388
:1004D0000243C3F3C4231343099A138001E0099B29
:1004E0001A80099B219A023309931F9B13441F937F
:1004F000229B1D44119B013B119302E011934FF687
:100500001F0E119B002B3FF793AE109B002B40DD7D
:1005100030EE040AB7EE007AC7EE007A1E9B70EE4A
:10052000A40A31EE051A20EEA77AF0EE626A61EEB7
:10053000277AFEEEC86A77EE622ACDED1F6AFEEEDC
:10054000C82AF0EE436A37EEC33A12EE902ABEEEA6
:10055000C83A92FBF3F313EE102AFEEEC86A219319
:100560001E9B92FBF3F32293109B1E9A013B16EE07
:10057000905A1093B0EE673A129BF0EE472A18BFDC
:100580001346109A002A3FF770AC129A002A3FF7E0
:100590006CAC15B0BDE8F08F2DE9F04F85B0DDE90A
:1005A0001070BDF93860039100FB06759C46002869
:1005B00003EB4503BDF93CA09DF848109DF84C4065
:1005C000029302EB050950DB82454EDD002F21DB53
:1005D000BE421FDD12F805E03CF815204FEADE03AD
:1005E00022F4FC656B4302F4FC624FF61F0505EA3A
:1005F000531C0EFB02F203F601039C4402F120039C
:1006000003EB12231B0A05EA5C1503F4FC632B437E
:10061000019303E04FF0000ECDF804E07B1C29D4D9
:100620009E4227DD49B3029B99F80120B3F802C02E
:10063000D3082CF4FC6803FB08F84FF61F0B0CF4EE
:10064000FC6C02FB0CFC0BEA581308F6010843444F
:100650000CF1200808EB1C284FEA18280BEA53136A
:1006600008F4FC6843EA080309E0002296461346B2
:10067000019204E00022134601E00A460B460130D5
:1006800055D4824553DD002C56D0002F24DBBE42CA
:1006900022DD029819F806C030F816804FEADC0017
:1006A00028F4FC6A00FB0AFA4FF61F0B08F4FC68FA
:1006B0000CFB08F80BEA5A100AF6010A504408F13C
:1006C000200A0AEB182A4FEA1A2A0BEA50100AF4F9
:1006D000FC6A40EA0A0002E04FF0000C6046013775
:1006E0002FD4BE422DDD79B30136029D19F8067074
:1006F00035F81690FE0829F4FC6806FB08F809F4A2
:10070000FC694FF61F0606EA581A07FB09F908F6B6
:100710000108C24409F1200808EB19284FEA1828FB
:1007200006EA5A1608F4FC6846EA08060EE00027B6
:10073000BC463E46384609E02746A44626462046A3
:1007400004E000273E4601E00F460E46019D4FEAB9
:10075000054A11FB04F90AF0FC6A4FEA034B25F441
:10076000FC65C9F3C7084AEA05050BF0FC6BC4F148
:10077000100A23F4FC63AAEB010A4BEA0303C8EB5B
:10078000410B08EB4A0A0BFB03F30AFB0533350464
:1007900005F0FC6526F4FC66354308FB05330504CB
:1007A00005F0FC6520F4FC602843C8EB440808FB16
:1007B0000033580D5B0923F4FC6300F4FC6018431C
:1007C000039BA9EB04181E8808F58078C9EB011378
:1007D000A8EB01189BB21FFA88F85343C9EB041425
:1007E0000EFB0833A4B20CFB043309FB0733320AB7
:1007F0006FEA2323DBB202F0F8025A43511C120ABB
:1008000012FA81F1C0F30722F40822F0070202EB8A
:10081000212204F0FC045C43120202F47841621CC1
:10082000C4F30F2414FA82F4C0F3CC0222F00302C2
:1008300002EB2422F600F6B2D200734302F4FC620B
:100840000A4385B2591CC3F30F2313FA81F3ED0059
:1008500005EB2325C5F3C405039B15431D8005B097
:10086000BDE8F08F2DE9F04F91B01F9C0E92002251
:10087000CDE909220C9106920B92DDE920210F901F
:10088000606824681C9E00FB012204EB4204229A4B
:1008900012680792229A5268089262E3229AB2F989
:1008A0000810B2F90C2001F1FF3C1EE01B9D2F1433
:1008B0004FEA264004D4674509DA002803DA08E045
:1008C0007D1C0AD103E0571EB84212DB03E08F42C1
:1008D00003DA471C01DB904212DB1D981B9D054487
:1008E0001E981B950644013B0234002BDEDC00F011
:1008F000F5821D9F1B9D581E07FB00573F1401D515
:100900009B4691E101398F42FADA1E9901FB0060A2
:100910000014F5D4013A9042C0F2E082F0E71B9B4C
:100920001B9D229AC3F30331229BD2689B685FEA26
:10093000254E4FEA2647C6F3033007D403F1FF3CA8
:10094000E64580F25481002F05DA52E1BEF1FF3F07
:1009500040F061814BE102F1FF3C674580F24B8141
:100960000FFA83FC07FB0CE2089B03EB020813F869
:10097000029098F801E00B01C3F58077BFB2F0B1A7
:1009800018F80C50069508EB0C0A00FB01F8A7EBD1
:100990000017A3EB080347449BB29AF8015009954E
:1009A000BFB20EFB03F3069D09FB0733C8EB00172C
:1009B000BFB205FB0733099D08FB053303E00EFBBF
:1009C00003F309FB0733C3F30723002B00F0238154
:1009D000079DB9F1FF0F35F8127005EB42081BD0E7
:1009E0004FEAD90A27F4FC620AFB02F207F4FC671B
:1009F0004FF61F0A09FB07F70AEA521902F601022D
:100A0000914407F1200202EB1722120A0AEA59194F
:100A100002F4FC6249EA0207BEF1FF0FB8F80220B7
:100A20001BD04FEADE0A22F4FC6902F4FC620EFBE2
:100A300002FE0AFB09F94FF61F0202EA591A09F6EB
:100A40000109CA440EF1200902EA5A1A09EB1E22D2
:100A5000120A02F4FC624AEA02024FEA074E0EF062
:100A6000FC6E27F4FC674EEA070E170407F0FC67DC
:100A700022F4FC621743002873D0069D38F81C202E
:100A8000FF2D08EB4C091BD022F4FC6C4FEAD50873
:100A900008FB0CFC4FF61F0A02F4FC626A430AEAE8
:100AA0005C180CF6010CE04402F1200C0CEB122C4B
:100AB0004FEA1C2C0AEA58180CF4FC6C48EA0C02A9
:100AC000099DB9F802C0FF2D1CD02CF4FC684FEA38
:100AD000D50909FB08F84FF61F0A0CF4FC6C05FB5E
:100AE0000CFC0AEA581908F60108C1440CF1200868
:100AF00008EB1C284FEA18280AEA591908F4FC6880
:100B000049EA080CC0F1100810FB01F9A8EB010834
:100B10004900A1EBD90179434FEA4808170408EBD3
:100B2000D90807F0FC6722F4FC6240000EFB0811B4
:100B30003A43A0EBD90000FB02104FEA0C4202F04E
:100B4000FC622CF4FC6C4FEAE90A42EA0C020AFB54
:100B50000202510D520901F4FC6122F4FC620A43C5
:100B60000DE0C1F110024F430EFB0277C7F30A52AA
:100B7000C7F31A1702F4FC6227F4FC673A43FF2B11
:100B800092B200D131E02788D34D380ADB43DBB283
:100B9000F90800F0F800FF005843FFB201F0FC0133
:100BA00059437B43471C000A10FA87F7100A20F0CC
:100BB000070000EB17204F1C090A11FA87F7D1082C
:100BC00021F0030101EB1721C0B2C90005EA0020A2
:100BD00001F4FC610143581C1B0A13FA80F3D20094
:100BE00002EB1322C2F3C4020A43228013E07345CE
:100BF00011DD7D1C0FDBBA420DDD12B21BB2CDE957
:100C0000041001920093CDE902E7DDE907320F9865
:100C10002146FFF7C1FC1D9B1B9A1A441E9B1B9289
:100C200002341E440BF1FF3BBBF1000F3FF777AEE0
:100C30005BE11B9B1B99C3F30332229BB3F9087042
:100C40004FEA214A331407FB03AA089B03EB0A0966
:100C500013F80A0099F801801301C3F5807116F4A6
:100C6000704FC6F3033C89B21ED019F807500A959D
:100C700009EB070B0CFB02F9A1EB0C11A3EB090329
:100C800049449BB29BF801500B9589B208FB03F3D2
:100C900000FB01330A9DC9EB0C1189B205FB01333E
:100CA0000B9909FB013303E008FB03F300FB01335D
:100CB000C3F30723002B00F003810799FF2801EB02
:100CC0004A0931F81A1018D04FEAD00B21F4FC6A07
:100CD0000BFB0AFA01F4FC6B00FB0BFB0BF1200091
:100CE0000EEA5A1100EB1B200AF6010A5144000AD1
:100CF0000EEA511100F4FC600143B8F1FF0FB9F89E
:100D0000020019D04FEAD80B20F4FC6A0BFB0AFA58
:100D100000F4FC6B08FB0BFB0EEA5A100BF12008E9
:100D20000AF6010A824408EB1B20000A0EEA5A1A4E
:100D300000F4FC604AEA00004FEA01484FEA004A2A
:100D400008F0FC6821F4FC610AF0FC6A20F4FC6005
:100D500048EA01014AEA000ABCF1000F6AD00A9D84
:100D600039F81700FF2D09EB470818D020F4FC676D
:100D70004FEAD50909FB07F700F4FC6068430EEA67
:100D8000571907F60107B94400F1200707EB1027B0
:100D90003F0A0EEA591907F4FC6749EA07000B9D60
:100DA000B8F80270FF2D19D027F4FC684FEAD50976
:100DB00009FB08F807F4FC676F430EEA581908F6B8
:100DC0000108C14407F1200808EB17284FEA18284A
:100DD0000EEA591908F4FC6849EA0807CCF1100832
:100DE0001CFB02F9A8EB020852004FEA4808A2EBEC
:100DF000D90208EBD9080AFB02F201FB0822010420
:100E000001F0FC6120F4FC604FEA4C0C0843ACEBB1
:100E1000D90C0CFB002C3A0402F0FC6227F4FC67AE
:100E20004FEAE90B3A430BFB02C2510D01F4FC619E
:100E300052090BE0C2F110000AFB02F201FB002292
:100E4000C2F30A5101F4FC61C2F31A1222F4FC62EB
:100E50000A43FF2B92B200D131E027881E4D380A99
:100E6000DB43DBB2F90800F0F800FF005843FFB2A3
:100E700001F0FC0159437B43471C000A10FA87F735
:100E8000100A20F0070000EB17204F1C090A11FA86
:100E900087F7D10821F0030101EB1721C0B2C90087
:100EA00005EA002001F4FC610143581C1B0A13FAF7
:100EB00080F3D20002EB1322C2F3C4020A43228061
:100EC0001D9B1B9A1A441E9B1B921E440D9B013BAB
:100ED00002340D9305E000BF00F8FFFF0D934FF6BD
:100EE0001F0E0D9B002B3FF7A4AE0C9B002B40DD8B
:100EF00030EE040AB7EE007AC7EE007A1A9B70EE65
:100F0000A40A31EE051A20EEA77AF0EE626A61EECD
:100F1000277AFEEEC86A77EE622ACDED1B6AFEEEF6
:100F2000C82AF0EE436A37EEC33A12EE902ABEEEBC
:100F3000C83A92FBF3F313EE102AFEEEC86A1D9333
:100F40001A9B92FBF3F31E930C9B1A9A013B16EE2D
:100F5000906A0C93B0EE673A0E9BF0EE472A18BFEA
:100F600013460C9A002A3FF799AC0E9A002A3FF7D5
:100F700095AC11B0BDE8F08F2DE9F047DDE90965CA
:100F800005FB0368002DBDF920A09DF82CC09DF83D
:100F900030709DF83440088802EB480E13DBAA45F8
:100FA00011DD002E04DBB34202DD32F8188000E0D0
:100FB0008046721C0AD4934208DDBCF1000F05D0B4
:100FC000BEF8029003E08146804600E0814601358C
:100FD00015D4AA4513DD97B1002E04DBB34202DD20
:100FE0003EF8135000E0054601360BD4B34209DD4C
:100FF000BCF1000F06D001333EF8132003E0024697
:10100000054600E002464FEA084E1CFB07F628F4AE
:10101000FC684FEA09430EF0FC6EC6F3C7064EEAC1
:10102000080E03F0FC63C7F1100829F4FC69A8EB73
:101030000C0843EA0903C6EB4C0C0CFB03F34FEA24
:10104000024C06EB48080CF0FC6C22F4FC624CEA03
:10105000020208FB0E3306FB02332A0402F0FC6294
:1010600025F4FC652A43C6EB470606FB02335A0DFE
:101070005B0902F4FC6223F4FC631343E743060AB2
:10108000FFB2C3F3072206F0F80602F0F80216FBDF
:1010900007F602FB0466C208C3F3CC0502F0FC02AB
:1010A00005F0FC05DB0012FB07F205FB042203F050
:1010B000F805C300DBB292B213FB07F3B6B205FB2F
:1010C0000433541C701C04EB122200EB162052094E
:1010D0009BB202F4FC6200F4784010435A1C02EB0D
:1010E0001323C3F3C42303430B80BDE8F0872DE92A
:1010F000F04F91B01C460F9000231F980E92CDE93F
:101100000B3308930D93DDE920320A9141689DF875
:101110008C7001FB0233016801EB43030793229BB0
:101120006FEA07081B680993DDE91B565FFA88F828
:10113000F5E1229BB3F90820B3F90C3002F1FF3E30
:1011400021E05FEA254C4FEA264004D4F4450BDA4F
:10115000002804DA0AE0BCF1FF3F0CD104E003F1FF
:10116000FF3C604513DB03E0944504DA411C02DBDD
:101170009842C0F2EF801D98079905441E980231ED
:101180000644013C0791002CDBDC00F088811D99AE
:10119000601E01FB005C5FEA2C4C00F1DB80013A31
:1011A000944580F2D7801E9A02FB0060001400F183
:1011B000D180013B9842C0F27281CBE0229AD2E901
:1011C000029E2A144FEA2643C5F30330C6F3033CBC
:1011D00007D409F1FF3A524580F29F80002B04DAD0
:1011E0009DE0511C40F0AE8097E00EF1FF3A534570
:1011F00080F297800FFA89F903FB0922099B03EB20
:10120000420E33F81230BEF80220BCF1000F07D0B6
:101210000EEB490A3EF819100891BAF802100B912A
:101220004FEA034E0EF0FC6E23F4FC634EEA030E0D
:101230004FEA024BCCF1100310FB0CFA1B1A0BF017
:10124000FC6B22F4FC624000A0EBDA005B004BEA8E
:10125000020203EBDA03424303FB0E200B9B0B9AC3
:1012600008991B0403F0FC6322F4FC621A43089BF8
:101270004FEAEA091B0409FB020203F0FC6321F4B4
:10128000FC600343C9EB4C0909FB03294FEA59529F
:101290004FEA591902F4FC6329F4FC6943EA090294
:1012A000079B1B884FEA132CC2F307200CF0F80CA5
:1012B00000F0F8001CFB08FC00FB07CCD808C2F3C8
:1012C000CC0E00F0FC00DB000EF0FC0E10FB08F072
:1012D000D200DBB21FFA8CFC02F0F8020EFB070012
:1012E00013FB08F380B202FB07330CF1010202EB9F
:1012F0001C2C421C9BB202EB10225209581C0CF40D
:10130000784C02F4FC6200EB13234CEA0202C3F3B4
:10131000C4231343079A138014E0914512DD591C2E
:1013200010DB9E450EDDCDE902300FFA8EF30192FF
:101330000093CDE904C7099A07990F980FFA89F32A
:10134000FFF71AFE079B023307931D9B1D441E9B4C
:10135000013C1E44002C3FF731AFA3E0229B0999CA
:10136000B3F908E032142B140EFB0232099B31F85A
:10137000120003EB420316F4704F5A88C5F3033C86
:10138000C6F3033907D003EB4E0A33F81E300C9333
:10139000BAF802300D934FEA004E0EF0FC6E20F4C6
:1013A000FC604EEA000E4FEA024BC9F110001CFB34
:1013B00009FAA0EB0C000BF0FC6B22F4FC624FEA84
:1013C0004C0CACEBDA0C40004BEA020200EBDA000A
:1013D0000CFB02F200FB0E2C0D9A0C99100400F08D
:1013E000FC6022F4FC624FEAEA030243080403FBB8
:1013F00002C200F0FC6021F4FC6C40EA0C00C3EB7C
:10140000490303FB00235A0D5B0923F4FC6302F438
:10141000FC621A43079B1B884FEA132CC2F3072078
:101420000CF0F80C00F0F8001CFB08FC00FB07CCEB
:10143000D808C2F3CC0E00F0FC00DB000EF0FC0E6E
:1014400010FB08F0D200DBB21FFA8CFC02F0F802AD
:101450000EFB070013FB08F380B202FB07330CF10D
:10146000010202EB1C2C421C9BB202EB10220CF47A
:101470007F4C581C520900EB13206FF30A0C02F446
:10148000FC62079B4CEA0202C0F3C420104323F81D
:10149000020B07931D9B1D441E9B013C1E44002C08
:1014A0003FF75CAF0A9B002B41DD30EE040AB7EE3C
:1014B000007AC7EE007A1A9B70EEA40A31EE051A84
:1014C00020EEA77AF0EE626A61EE277AFEEEC86A35
:1014D00077EE622A16EE905AFEEEC82AF0EE436AC4
:1014E00037EEC33A12EE902ABEEEC83A92FBF3F3FF
:1014F00013EE102A1D931A9B92FBF3F31E930A9B83
:101500001A9A013BFEEEC86A0A930E9B16EE906A89
:101510000CBF1C461446B0EE673AF0EE472A0A9B11
:10152000002B3FF706AE0E9B002B3FF702AE11B02B
:10153000BDE8F08F2DE9F043DDE9084606FB034CDA
:10154000002EBDF91C909DF828709DF82C5008883D
:1015500002EB4C0811DBB1450FDD002C04DBA3428C
:1015600002DD32F81CE000E08646621C08D493429B
:1015700006DD2FB1B8F802C003E08446864600E0DD
:101580008446013613D4B14511DD85B1002C04DB4E
:10159000A34202DD38F8132000E00246013407D4EC
:1015A000A34205DD27B1013338F8130000E00246FD
:1015B0004FEA0E4303F0FC632EF4FC6E17FB05F6B6
:1015C00043EA0E0E4FEA0C43C6F3C7062CF4FC6444
:1015D000C5F1100803F0FC63A8EB07082343C6EB32
:1015E0004707040406EB48087B4304F0FC6420F43E
:1015F000FC60204308FB0E3306FB0033100400F0B0
:10160000FC6022F4FC620243C6EB450606FB023393
:101610005A0D5B0902F4FC6223F4FC6313430B8054
:10162000BDE8F0832DE9F04F8FB01C460D901D985A
:101630000C92DDE91E320891416801FB023301681A
:1016400001EB43030793209B0027DDE91956CDE901
:101650000977D3F800800B97F7EE006A71E1209BC1
:10166000B3F90820B3F90C3002F1FF3E21E05FEA44
:10167000254C4FEA264004D4F4450BDA002804DA5E
:101680000AE0BCF1FF3F0CD104E003F1FF3C6045F0
:1016900013DB03E0944504DA411C02DB9842C0F2FC
:1016A000AA801B98079905441C9802310644013C06
:1016B0000791002CDBDC00F007811B99601E01FB09
:1016C000005C5FEA2C4C00F19680013A944580F270
:1016D00092801C9A02FB0060001400F18C80013B98
:1016E0009842C0F2F18086E0209AD2E9029E2A1444
:1016F0004FEA2643C5F30330C6F3033C06D409F191
:10170000FF3A52455BDA002B03DA5AE0511C6AD1EA
:1017100055E00EF1FF3A534555DA0FFA89F903FB0C
:10172000092208EB420E38F81230BEF80220BCF154
:10173000000F06D00EEB490A3EF81970BAF80210F5
:1017400009914FEA034E0EF0FC6E23F4FC634EEA5F
:10175000030E4FEA024BCCF1100310FB0CFA1B1ADC
:101760000BF0FC6B22F4FC624000A0EBDA005B00A3
:101770004BEA020203EBDA03424303FB0E20099B10
:10178000099A1B0403F0FC6322F4FC624FEAEA09A5
:101790001A433B0409FB020203F0FC6327F4FC60DC
:1017A0000343C9EB4C0909FB0322530D520922F4F0
:1017B000FC6203F4FC631343079A138013E0914522
:1017C00011DD591C0FDB9E450DDDCDE901230FFA1C
:1017D0008EF3CDE9030C009307990D980FFA89F366
:1017E0004246FFF7A7FE079B023307931B9B1D444E
:1017F0001C9B013C1E44002C3FF776AF66E0209B0B
:10180000B3F908E032142B140EFB023208EB42034A
:1018100016F4704F38F812205888C5F3033CC6F30D
:10182000033907D003EB4E0A33F81E300A93BAF897
:1018300002300B934FEA024E0EF0FC6E22F4FC6273
:101840004EEA020E4FEA004BC9F110021CFB09FAE6
:10185000A2EB0C020BF0FC6B20F4FC604FEA4C0C8A
:10186000ACEBDA0C52004BEA000002EBDA020CFBA4
:1018700000F002FB0E0C0B9A0B99120402F0FC62B2
:1018800021F4FC6010430A9A0A994FEAEA03120411
:1018900003FB00C002F0FC6221F4FC6C42EA0C0283
:1018A000C3EB490303FB02035A0D5B0923F4FC63FA
:1018B00002F4FC621A43079B23F8022B07931B9B3D
:1018C0001D441C9B013C1E44002C98DC089B002BF3
:1018D0003FDD30EE040A70EEA40AC6EE807A189B53
:1018E00031EE051A20EEA77AB0EE626A61EE277A31
:1018F000BEEEC86A77EE622A16EE105AFEEEC82ACD
:10190000B0EE436A37EEC33A12EE902ABEEEC83A02
:1019100092FBF3F313EE102A1B93189B92FBF3F345
:101920001C93089B189A013BBEEEC86A08930C9B57
:1019300016EE106A0CBF1C461446B0EE673AF0EE85
:10194000472A089B002B3FF78AAE0C9B002B3FF7E2
:1019500086AE0FB0BDE8F08F2DE9F04F85B0DDE920
:101960000F600191002800FB0361BDF938809DF8EC
:1019700044709DF848509DF84CE002EB810C11DB5F
:1019800080450FDD002E04DBB34202DD52F821401A
:1019900000E00024721C08D4934206DD3FB1DCF85D
:1019A000041005E000210C4602E0002100E0394669
:1019B000013013D4804511DD9DB1002E04DBB3420C
:1019C00002DD5CF8230000E0002001360CD4B342B5
:1019D0000ADD5FB101335CF8232008E000221046E5
:1019E00005E02A46284602E0002200E03A4605FBD0
:1019F00007F6C6EB07139BB20093A6EB0513C6EBE5
:101A0000051C03F58073009DA3EB07134FEA116AD1
:101A10004FEA146B9BB20AFB05F54FEA10691FFAF7
:101A20008CFC0BFB03554FEA12680CFB095506FBB7
:101A30000855C5F3072715F47F4F029700F0B780CC
:101A400004F0FF170BFB07F704F47F440BFB04F4CF
:101A50004FEA172B0BF0FF1B07F10117BB444FEAAE
:101A60001B2B0BF0FF1701F0FF1B01F47F410AFB5A
:101A700001F10AFB0BFB01F5807A0AEB112100F062
:101A8000FF1A09FB0AFA00F47F4009FB00F04FEA55
:101A90001A2909F0FF190AF1011AD14400F5807AD8
:101AA0000AEB102002F0FF1A039708FB0AFA04F56C
:101AB000807702F47F4208FB02F207EB14274FEA1B
:101AC0001A284FEA1B2408F0FF1804F0FF140BF14A
:101AD000011B0AF1011AC2445C4402F5807808EB4C
:101AE0001228240A009A019D04F0FF145443039A1B
:101AF0002D8803FB0244090A009A01F47F415143F7
:101B0000029A3F0A4FEA1A2A07F47F4702FB0EF2B5
:101B10004FEA19290AF0FF1A03FB071106FB0A44D2
:101B2000571C09F0FF19C2F30F224FEA18280CFBCB
:101B3000094412FA87F7000A08F47F4806FB0818E0
:101B400000F47F402A0A6FEA2727260EFFB20CFB1B
:101B5000008302F0F80216FB0EF602FB0766C3F3E1
:101B60000743EA0802F0FC0213FB0EF302FB073303
:101B7000ED00C4F30722EDB212FB0EF205FB0722C3
:101B800092B2B6B29BB2511C01EB1222701C591CCE
:101B900000EB162001EB132300F47840C2F3C422BB
:101BA0005B09024303F4FC631343019A138005B0FD
:101BB000BDE8F08F2DE9F04F99B0CDE91512279DC2
:101BC0009DF8AC200892DDE92821179068682D68FF
:101BD00000FB012205EB420207922A9A00271268B5
:101BE0000C97DDE92346CDE912770F9714971192F0
:101BF0003AE32A9AB2F90810B2F90C2001F1FF3E3B
:101C000020E05FEA244C4FEA264004D4F4450BDA86
:101C1000002804DA0AE0BCF1FF3F0BD104E002F136
:101C2000FF3C604512DB03E08C4503DA451C01DB19
:101C3000904212DB25980444269806440798023007
:101C4000013B0790002BDCDC00F0CF82259D581E65
:101C500005FB004C5FEA2C4C01D59B4672E1013933
:101C60008C45FADA269901FB00600014F5D4013A9C
:101C70009042C0F2BA82F0E72A9AD2E902EC22142A
:101C80004FEA2640C4F30333C6F3033107D40EF101
:101C9000FF38424580F23781002804DA35E1551CCF
:101CA00040F047812FE10CF1FF38404580F22F8151
:101CB0000FFA8EFE00FB0E22119800EB820C50F8FA
:101CC0002220100E8BB1DCF804500B952F0E91B131
:101CD0005CF82E5009950CEB8E082D0E0C95D8F85B
:101CE00004500D952D0E129505E021B15CF82E5093
:101CF00009952D0E0C9503FB01FE0EF5807CCEEBB5
:101D00000319ACEB031CACEB011C1FFA89F90C9D09
:101D1000CEEB01181FFA8CF309FB07F11FFA88F8C4
:101D200003FB001108FB0511129D0EFB051111F4B8
:101D30007F4FC1F3072C00F0FC80FF2819D002F080
:101D4000FF1A00FB0AFA02F47F4242434FEA1A20CC
:101D500002F5807100F0FF100AF1011A01EB122167
:101D60005044000A090A00F0FF1001F47F4140EAE4
:101D70000102FF2F1AD00B990B9801F0FF11794344
:101D800000F47F4A080A07FB0AFA01F1011100F08A
:101D9000FF1008440AF5807101EB1A21000A090AB4
:101DA00000F0FF1001F47F4101430B910C99FF29D2
:101DB0001CD009990C9801F0FF114143099800F4D7
:101DC0007F4A0C9800FB0AFA080A00F0FF1001F1A4
:101DD000011108440AF5807101EB1A21000A090A71
:101DE00000F0FF1001F47F41014309911299FF298E
:101DF0001CD00D99129801F0FF1141430D9800F489
:101E00007F4A129800FB0AFA080A00F0FF1001F15D
:101E1000011108440AF5807101EB1A21000A090A30
:101E200000F0FF1001F47F4101430D910B99089DD3
:101E300001F0FF1102F0FF1009FB01F103FB00119B
:101E4000099800F0FF1008FB00110D9800F0FF103A
:101E50000EFB00110B9800F47F4002F47F4209FB57
:101E600000F003FB0200099B03F47F4308FB03001F
:101E70000D9B03F47F430EFB0300079BB3F800E0C8
:101E8000089B0CFB03FC0CF10103CCF30F2C1CFA98
:101E900083F30A0E4FEA1E2C6FEA2323DBB20CF009
:101EA000F80C12FB05F20CFB0322C1F307214FEAE9
:101EB000DE0C4FEACE0EC0F307405FFA8EFE11FB38
:101EC00005F192B20EFB03110CF0FC0C10FB05F0B7
:101ED0000CFB030089B2531C03EB12224B1C02F4CF
:101EE0007F4203EB112380B26FF30A02C3F3C423D2
:101EF0001343421C02EB1022520902F4FC6213430A
:101F0000079A138015E0964513DD451C11DB8445C7
:101F10000FDD089D0192CDE902030FFA8CF3CDE9A4
:101F200004150093119A079917980FFA8EF3FFF78B
:101F300013FD079B02330793259B1C44269B0BF143
:101F4000FF3B1E44BBF1000F3FF796AE50E12A9ACB
:101F5000119DB2F908802114321408FB0212119964
:101F600001EB820155F8222014F4704FC4F3033EB4
:101F7000C6F303304FEA126C11D04D680E952D0E4A
:101F8000139590B101EB880951F828100A91090EB8
:101F90000F91D9F804101091090E149105E020B1A9
:101FA00051F828100A91090E0F910EFB00F808F560
:101FB0008071A1EB0E11C8EB0E1AC8EB0019A1EB52
:101FC000001113980F9D1FFA8AFA89B20AFB00F0DC
:101FD0001FFA89F901FB0C0009FB0500149D08FBA1
:101FE000050010F47F4FC0F3072E00F0F680BCF11F
:101FF000FF0F1BD002F0FF1B0CFB0BFB02F47F4218
:102000000CFB02F24FEA1B2C02F580700CF0FF1C57
:102010000BF1011B00EB1220DC444FEA1C2C000AE0
:102020000CF0FF1C00F47F404CEA00021398FF28DC
:102030001FD00E98139D00F0FF1068430E9D05F40D
:102040007F4B139D4FEA102C05FB0BFB00F1011099
:102050000CF0FF1C84440BF5807000EB1B204FEA52
:102060001C2C000A0CF0FF1C00F47F404CEA00001E
:102070000E900F98FF281FD00A980F9D00F0FF10B8
:1020800068430A9D05F47F4B0F9D4FEA102C05FB1A
:102090000BFB00F101100CF0FF1C84440BF5807069
:1020A00000EB1B204FEA1C2C000A0CF0FF1C00F474
:1020B0007F404CEA00000A901498FF281FD0109827
:1020C000149D00F0FF106843109D05F47F4B149D94
:1020D0004FEA102C05FB0BFB00F101100CF0FF1C6C
:1020E00084440BF5807000EB1B204FEA1C2C000A87
:1020F0000CF0FF1C00F47F404CEA000010900E989A
:102100000A9D00F0FF1002F0FF1C0AFB00F001FB2B
:102110000C0005F0FF1C109D09FB0C0005F0FF1CD6
:102120000E9D08FB0C0005F47F4C02F47F420AFB75
:102130000CFC01FB02CC0A9A089D02F47F4209FBC9
:1021400002CC109A02F47F4208FB02CC079AB2F844
:102150000080089A0EFB02FE0EF10102CEF30F2E54
:102160001EFA82F2010E4FEA182E6FEA2222D2B234
:102170000EF0F80E11FB05F10EFB0211C0F3072063
:102180004FEAD80E4FEAC808CCF3074C5FFA88F83C
:1021900010FB05F089B208FB02000EF0FC0E1CFBE0
:1021A00005FC0EFB02CC80B24A1C02EB1121421C42
:1021B00001F47F4102EB10221FFA8CFC6FF30A013D
:1021C000C2F3C4220A430CF1010101EB1C214909AD
:1021D00001F4FC610A4307990A80079A02320792C8
:1021E000259A1444269A013B1644002B3FF7AFAEC4
:1021F000159B002B40DD30EE040AB7EE007AC7EEE7
:10220000007A229B70EEA40A31EE051A20EEA77A1E
:10221000F0EE626A61EE277AFEEEC86A77EE622A15
:1022200016EE904AFEEEC82AF0EE436A37EEC33A45
:1022300012EE902ABEEEC83A92FBF3F313EE102A88
:10224000FEEEC86A2593229B92FBF3F32693159B1F
:10225000229A013B16EE906A1593B0EE673A169BF0
:10226000F0EE472A18BF1346159A002A3FF7C1AC73
:10227000169A002A3FF7BDAC19B0BDE8F08F2DE9E2
:10228000F04F85B0DDE90F600191002800FB03618C
:10229000BDF938E09DF844709DF8485002EB810C80
:1022A00011DB86450FDD002E04DBB34202DD52F860
:1022B000214000E00024721C08D4934206DD3FB1A7
:1022C000DCF8041005E000210C4602E0002100E0EB
:1022D0003946013013D4864511DD9DB1002E0CEB3B
:1022E000830204DBB34202DD5CF8230000E000203F
:1022F00001360AD4B34208DD4FB1526808E000222B
:10230000104605E02A46284602E0002200E03A4650
:1023100005FB07F6A6EB0513C6EB071E03F5807356
:10232000A3EB07134FEA116A1FFA8EFEC6EB051CDA
:102330004FEA146B9BB20EFB0AF54FEA10691FFAC5
:102340008CFC0BFB03554FEA12680CFB095506FB8E
:102350000855C5F3072715F47F4F029700F0B380A7
:1023600004F0FF170BFB07F704F47F440BFB04F4A6
:102370004FEA172B0BF0FF1B07F10117BB444FEA85
:102380001B2B0BF0FF1701F0FF1B01F47F410AFB31
:1023900001F10AFB0BFB01F5807A0AEB112100F039
:1023A000FF1A09FB0AFA00F47F4009FB00F04FEA2C
:1023B0001A2909F0FF190AF1011AD14400F5807AAF
:1023C00003970AEB102004F5807702F0FF1A07EB61
:1023D000142708FB0AFA4FEA1B2402F47F4208FB89
:1023E00002F204F0FF144FEA1A280BF1011B08F067
:1023F000FF185C440AF1011AC244240A02F58078ED
:10240000090A08EB1228019D039A2D883F0A04F05F
:10241000FF1401F47F410EFB04F40EFB01F107F4FD
:102420007F4703FB02424FEA1A2A03FB07134FEAD6
:10243000182802994FEA1929000A0AF0FF1A08F42D
:102440007F4800F47F402C0A09F0FF1906FB0A229E
:1024500006FB0833C943C9B20CFB00330CFB09224D
:10246000E80804F0F804ED004C43EDB2120A1B0A30
:1024700000F0FC00484302F0FF12694303F47F437D
:10248000651C240A134314FA85F4120C02EB24226F
:10249000441CC0F30F2010FA84F4180A00EB242027
:1024A0001202C00000F4FC6002F478420243481CAF
:1024B000C1F30F2111FA80F103EB2123C3F3C4030D
:1024C0001343019A138005B0BDE8F08F2DE9F04F5A
:1024D00097B0CDE91312259D1590DDE92621686896
:1024E0002D68219C00FB012205EB4205289A00275C
:1024F00012680A97CDE910770D9712970F9250E363
:10250000289AB2F90810B2F90C2001F1FF3E21E03F
:1025100022985FEA244C4FEA204004D4F4450BDAB9
:10252000002804DA0AE0BCF1FF3F0BD104E002F11D
:10253000FF3C604512DB03E08C4503DA461C01DBFF
:10254000904212DB2398229E04442498064422964B
:10255000013B0235002BDBDC00F0E482239E581E99
:1025600006FB004C5FEA2C4C01D59B4677E1013914
:102570008C45FADA2499229E01FB00600014F4D401
:10258000013A9042C0F2CE82EFE7229A229BC2F338
:102590000331289AD2E902EC22144FEA2340C4F313
:1025A000033307D40EF1FF38424580F23B81002807
:1025B00004DA39E1561C40F0498133E10CF1FF386F
:1025C000404580F233810FFA8EFE00FB0E220F98F9
:1025D00000EB820C50F82220100E8BB1DCF8046066
:1025E0000996370E91B15CF82E6007960CEB8E08B9
:1025F000360E0A96D8F804600B96360E109605E053
:1026000021B15CF82E600796360E0A9603FB01FE98
:102610000EF5807CCEEB0319ACEB031CACEB011C7C
:102620001FFA89F90A9ECEEB01181FFA8CF309FBF9
:1026300007F11FFA88F803FB001108FB0611109E32
:102640000EFB061111F47F4FC1F3072C00F0FE8042
:10265000FF2819D002F0FF1A00FB0AFA02F47F42A9
:1026600042434FEA1A2002F5807100F0FF100AF190
:10267000011A01EB12215044000A090A00F0FF1070
:1026800001F47F4140EA0102FF2F1AD0099909980D
:1026900001F0FF11794300F47F4A080A07FB0AFAA8
:1026A00001F1011100F0FF1008440AF5807101EBFF
:1026B0001A21000A090A00F0FF1001F47F410143CA
:1026C00009910A99FF291CD007990A9801F0FF1176
:1026D0004143079800F47F4A0A9800FB0AFA080A67
:1026E00000F0FF1001F1011108440AF5807101EBBF
:1026F0001A21000A090A00F0FF1001F47F4101438A
:1027000007911099FF291CD00B99109801F0FF1127
:1027100041430B9800F47F4A109800FB0AFA080A1C
:1027200000F0FF1001F1011108440AF5807101EB7E
:102730001A21000A090A00F0FF1001F47F41014349
:102740000B91099800F0FF1002F0FF1109FB00F057
:1027500003FB0100079901F0FF1108FB01000B9931
:1027600001F0FF110EFB0100099901F47F4102F411
:102770007F4209FB01F103FB0211079B03F47F4336
:1027800008FB03110B9B03F47F430EFB03110B0AA1
:10279000000A00F0FF1003F47F430343BCF1FF0F76
:1027A0004FEA132106D15A0902F4FC626FF30A01C1
:1027B000114332E02A88B84E100A6FEA0C0C5FFA17
:1027C0008CFC4FEAD20E00F0F800D20000FB0CF0B7
:1027D0000EF0FC0ED2B20EFB0CFE02FB0CF200F16E
:1027E000010C000A10FA8CF04FEA134C0CEB10208D
:1027F0000EF1010C4FEA1E2E1EFA8CFC01EB1C217F
:10280000C0B2C90006EA002001F4FC610143501C7B
:10281000120A12FA80F003EB1023C3F3C4030B4334
:102820002B8013E0964511DD461C0FDB84450DDD42
:10283000CDE903310FFA8CF3CDE9012000930F9A13
:1028400015980FFA8EF32946FFF719FD239B229A5C
:102850001C44249B1A44023522920BF1FF3BBBF12E
:10286000000F3FF792AE60E1229A0F9EC2F3033051
:10287000289AB2F90880229A2114121408FB021235
:102880000F9901EB820156F8222014F4704FC4F323
:10289000033E4FEA126C11D04E680C96360E11961C
:1028A00090B101EB880951F828100891090E0D919B
:1028B000D9F804100E91090E129105E020B151F8DB
:1028C00028100891090E0D910EFB00F808F5807193
:1028D000A1EB0E11C8EB0E1AC8EB0019A1EB001109
:1028E00011980D9E1FFA8AFA89B20AFB00F01FFAAE
:1028F00089F901FB0C0009FB0600129E08FB06008B
:1029000010F47F4FC0F3072E00F00481BCF1FF0FDD
:102910001BD002F0FF1B0CFB0BFB02F47F420CFBF5
:1029200002F24FEA1B2C02F580700CF0FF1C0BF139
:10293000011B00EB1220DC444FEA1C2C000A0CF0B7
:10294000FF1C00F47F404CEA00021198FF281FD0C2
:102950000C98119E00F0FF1070430C9E06F47F4B04
:10296000119E4FEA102C06FB0BFB00F101100CF03E
:10297000FF1C84440BF5807000EB1B204FEA1C2CDD
:10298000000A0CF0FF1C00F47F404CEA00000C90A1
:102990000D98FF281FD008980D9E00F0FF1070437F
:1029A000089E06F47F4B0D9E4FEA102C06FB0BFB96
:1029B00000F101100CF0FF1C84440BF5807000EB5B
:1029C0001B204FEA1C2C000A0CF0FF1C00F47F4077
:1029D0004CEA000008901298FF281FD00E98129E13
:1029E00000F0FF1070430E9E06F47F4B129E4FEADC
:1029F000102C06FB0BFB00F101100CF0FF1C8444B3
:102A00000BF5807000EB1B204FEA1C2C000A0CF029
:102A1000FF1C00F47F404CEA00000E900C9E06F074
:102A2000FF1C02F0FF100AFB0CFC01FB00CC089815
:102A300000F0FF1009FB00CC0E9800F0FF1008FB1F
:102A400000CC06F47F4002F47F420AFB00F001FB59
:102A50000200089A02F47F4209FB02000E9A02F477
:102A60007F4208FB0200020A4FEA1C2C0CF0FF1CFC
:102A700002F47F424CEA0202BEF1FF0F4FEA12203D
:102A80000CD1510901F4FC616FF30A000843C2F351
:102A9000C402104328803DE000F8FFFF2988464E1D
:102AA0004FEA112C6FEA0E0E5FFA8EFE4FEAD10844
:102AB0000CF0F80CC9000CFB0EFC08F0FC08C9B2C5
:102AC00008FB0EF801FB0EF10CF1010E4FEA1C2C75
:102AD0001CFA8EFC4FEA124E0EEB1C2C08F1010E74
:102AE0004FEA182818FA8EFE00EB1E205FFA8CFCC5
:102AF000C00006EA0C2C00F4FC604CEA000001F176
:102B0000010C090A11FA8CFC02EB1C22C2F3C4026C
:102B100002432A80239A22991444249A11440235AC
:102B20002291013B002B3FF79FAE139B002B40DD12
:102B300030EE040AB7EE007AC7EE007A209B70EE02
:102B4000A40A31EE051A20EEA77AF0EE626A61EE71
:102B5000277AFEEEC86A77EE622A16EE904AFEEEFB
:102B6000C82AF0EE436A37EEC33A12EE902ABEEE60
:102B7000C83A92FBF3F313EE102A2393209B92FBA7
:102B8000F3F32493139B209AFEEEC86A013B139340
:102B9000CDED226A149BB0EE673A18BF1346F0EEF3
:102BA000472A139A002A3FF7ABAC149A002A3FF742
:102BB000A7AC17B0BDE8F08F00F8FFFF2DE9F04794
:102BC000DDE90A5EBEF1000FBDF92090BDF924A039
:102BD0009DF830009DF834700EFB035832DBF2454F
:102BE00030DD002D15DBA94513DD4FEA580418F040
:102BF000010F145D0BBF04F00F0404F0F00C04EBA4
:102C000004140CEB141C0CBF5FFA84FC5FFA8CFC00
:102C100001E04FF0000C6C1C17D4A14515DDB0B1DC
:102C200008F101046608E407965D55BF06F00F063B
:102C300006F0F00406EB061604EB161454BFF4B2CB
:102C4000E4B205E00024A44602E0002400E00446CB
:102C50001EF1010E34D4F24532DD002F33D0002DA9
:102C600016DBA94514DD03EB08064FEA560EF607FE
:102C700012F80EE055BF0EF00F0E0EF0F0060EEB40
:102C80000E1E06EB1E1654BF5FFA8EF6F6B200E07B
:102C9000002601351AD4A94518DDC8B101334344D3
:102CA0005D08DB07555D55BF05F00F0505F0F00227
:102CB00005EB051502EB151254BFEAB2D2B208E0DB
:102CC0000022164605E03A463E4602E0002200E0B9
:102CD000024600FB07F5A5EB071EC5EB00130EF53A
:102CE000807EAEEB001E9BB21FFA8EFE6343C5EBE7
:102CF00007100CFB0E3380B206FB003305FB0233DA
:102D000013F47F4FC3F3072247D09DF838305A435E
:102D1000531CC2F30F2212FA83F3214A1B121068CC
:102D2000FF2B4FEA10220AD11E4C430903F4FC6327
:102D300014402343C0F3C400184308802DE00D88DD
:102D4000DE432F0AC0F30744F6B207F0F8075C43EE
:102D500007FB0644D2B2EF085A4307F0FC07A4B2BF
:102D6000C0B207FB062292B24343601C00EB142062
:102D7000ED00541CEDB204EB122205FB06335209A0
:102D80009BB202F4FC6200F4784010435A1C02EB40
:102D90001323C3F3C42303430B80BDE8F08700BFB4
:102DA000E439012000F8FF002DE9F04F95B0DDE98E
:102DB0001F5611929DF89C20239C10920022CDE971
:102DC0000922CDE90D220C910B920F92DDE924210D
:102DD0001390606800FB0122216801EB4201269AF2
:102DE0009268013222F0010B269AD2F8008099E213
:102DF000269AB2F90800B2F90C2000F1FF3E1EE05D
:102E00005FEA254C4FEA264404D4F4450BDA002C43
:102E100004DA0AE0BCF1FF3F0BD104E002F1FF3C11
:102E2000644510DB03E0844503DA671C01DB944250
:102E300010DB219C2544229C013B26440231002BBF
:102E4000DEDC00F02D82219F5C1E07FB045C5FEA44
:102E50002C4C01D51C462BE101388445FADA229826
:102E600000FB04642414F5D4013A9442C0F21882A1
:102E7000F0E7269AD2E902E92A144FEA264CC5F374
:102E80000333C6F3033008D40EF1FF3A524580F203
:102E9000F080BCF1000F04DAEDE0571C40F0028135
:102EA000E7E009F1FF3AD44580F2E8800CFB0B2201
:102EB0004FEA520CD70718F80CC055BF0CF00F0C96
:102EC0000CF0F0090CEB0C1C09EB1C190FFA8BFE33
:102ED00054BF5FFA8CF95FFA89F9002B41D0571C77
:102EE0004FEA570CFF0718F80CC04BBF0CF0F00767
:102EF0000CF00F0C07EB1C170CEB0C1C54BF5FFA0B
:102F00008CF7FFB20997002840D072444FEA520C68
:102F1000D70718F80CC058BF0CF00F0C02F10102D3
:102F20004DBF0CF0F00E0CEB0C1C5FFA8CF70EEBA7
:102F30001C1E4FEA520C48BF5FFA8EF718F80CC0FF
:102F40000A97D7074BBF0CF0F0020CF00F0C02EB06
:102F50001C120CEB0C1C54BF5FFA8CF2D2B20D9217
:102F600014E098B172444FEA520CD20718F80CC022
:102F70004BBF0CF0F0020CF00F0C02EB1C120CEB30
:102F80000C1C54BF5FFA8CF2D2B20A9203FB00FC15
:102F90000CF58072A2EB0312099FCCEB0313A2EB9A
:102FA00000129BB292B27B4309FB0233CCEB0010C0
:102FB0000A9A80B202FB00330D9A0CFB023313F421
:102FC0007F4FC3F307226DD0109B5A43531CC2F3AB
:102FD0000F2212FA83F3B14A1B121068FF2B4FEA3B
:102FE00010220AD1430903F4FC636FF30A021A4367
:102FF000C0F3C4001043088054E0B1F800E06FEA69
:1030000003094FEA1E2AC0F3074C5FFA89F90AF058
:10301000F80A0CFB03FC0AFB09CCD2B24FEADE0A29
:103020005A430AF0FC0A1FFA8CFCC0B20AFB0922C0
:103030004FEACE0E92B243435FFA8EFE0CF10100CE
:1030400000EB1C2C0EFB0933501C9BB200EB122032
:103050000CF47F4C40095A1C6FF30A0C00F4FC601E
:1030600002EB13234CEA0000C3F3C42303430B8099
:1030700018E0964516DDBCF1FF3F13DBE14511DD9D
:10308000CDE903C3109F02920FFA89F301930FFA5F
:103090008EF3CDE90507009313980FFA8BF34246A0
:1030A000FFF78CFD219B1D44229B02311E44013CF5
:1030B000002C3FF7DEAEF9E04FEA264C28140BFB5C
:1030C0000C004FEA500CC70718F80CC055BF0CF0A5
:1030D0000F0C0CF0F00E0CEB0C1C0EEB1C1EC5F3D1
:1030E0000332C6F3033454BF5FFA8CFE5FFA8EFEE0
:1030F000002A45D000F101094FEA590C19F0010FDF
:1031000018F80CC00BBF0CF00F0C0CF0F0090CEB16
:103110000C1C09EB1C190CBF5FFA8CF75FFA89F7DE
:103120000E97002C42D0129F38444FEA500CC7072C
:1031300018F80CC058BF0CF00F0C00F101004DBF87
:103140000CF0F0090CEB0C1C5FFA8CF709EB1C1966
:103150004FEA500C48BF5FFA89F718F80CC00B977C
:10316000C7074BBF0CF0F0000CF00F0C00EB1C106D
:103170000CEB0C1C54BF5FFA8CF0C0B20F9015E042
:10318000A4B1129F38444FEA500CC00718F80CC085
:103190004BBF0CF0F0000CF00F0C00EB1C100CEB14
:1031A0000C1C54BF5FFA8CF0C0B20B9002FB04FC05
:1031B0000CF58070A0EB02100E9FCCEB0212A0EB7E
:1031C000041092B280B27A430EFB0022CCEB0414BE
:1031D0000B98A4B200FB04220F980CFB002010F403
:1031E0007F4FC0F3072251D010984243541CC2F3C2
:1031F0000F2212FA84F4294A24121268FF2C4FEA93
:10320000122008D1540904F4FC646FF30A0020432F
:10321000C2F3C40238E0B1F800E06FEA04094FEAF3
:103220001E2AC2F3074C5FFA89F90AF0F80A0CFB70
:1032300004FC0AFB09CCC0B24FEADE0A60430AF084
:10324000FC0A1FFA8CFCD2B20AFB09004FEACE0E30
:1032500080B254435FFA8EFE0CF1010202EB1C2C8B
:103260000EFB0944421CA4B202EB10220CF47F4C6A
:103270005209601C6FF30A0C02F4FC6200EB14208C
:103280004CEA0202C0F3C42010430880219A15447E
:10329000229A02311644013B05E000BFE4390120C7
:1032A0000FFA8BF21292002B3FF706AF0C9B002B0C
:1032B00040DD30EE040AB7EE007AC7EE007A1E9BBE
:1032C00070EEA40A31EE051A20EEA77AF0EE626ADB
:1032D00061EE277AFEEEC86A77EE622A16EE905A01
:1032E000FEEEC82AF0EE436A37EEC33A12EE902A99
:1032F000BEEEC83A92FBF3F313EE102AFEEEC86A54
:1033000021931E9B92FBF3F322930C9B1E9A013B8D
:1033100016EE906A0C93B0EE673A119BF0EE472AD6
:1033200018BF13460C9A002A3FF762AD119A002A83
:103330003FF75EAD15B0BDE8F08F00BF2DE9F04757
:10334000DDE90A6EBEF1000FBDF92090BDF924A0A1
:103350009DF830009DF834700EFB036832DBF245B7
:1033600030DD002E15DBB14513DD4FEA580418F0AF
:10337000010F145D0BBF04F00F0404F0F00C04EB1C
:1033800004140CEB141C0CBF5FFA84FC5FFA8CFC79
:1033900001E04FF0000C741C17D4A14515DDB0B14D
:1033A00008F101046508E407555D55BF05F00F05F8
:1033B00005F0F00405EB051504EB151454BFECB251
:1033C000E4B205E00024A44602E0002400E0044644
:1033D0001EF1010E34D4F24532DD002F33D0002E21
:1033E00016DBB14514DD03EB08054FEA550EED077A
:1033F00012F80EE055BF0EF00F0E0EF0F0050EEBBA
:103400000E1E05EB1E1554BF5FFA8EF5EDB200E0FF
:10341000002501361AD4B14518DDC8B10133434443
:103420005E08DB07965D55BF06F00F0606F0F0025A
:1034300006EB061602EB161254BFF2B2D2B208E047
:103440000022154605E03A463D4602E0002200E033
:10345000024600FB07F6A6EB071EC6EB00130EF5AF
:10346000807EAEEB001E9BB2C6EB07171FFA8EFEE6
:1034700063430CFB0E33BFB205FB073306FB02337D
:1034800013F47F4FC3F3072633D01B4B0C881B6804
:10349000220AC3F30740F543EDB202F0F80210FB35
:1034A00006F002FB0500E708C3F3072207F0FC075C
:1034B00012FB06F2E400DBB280B2E4B207FB0522A5
:1034C00013FB06F392B204FB0533441C04EB1020FB
:1034D000541C04EB122252099BB202F4FC6200F469
:1034E000784010435A1C02EB1323C3F3C423034355
:1034F0000B80BDE8F08700BFE43901202DE9F04FD3
:1035000091B0DDE91B451F9E06910A92DDE920215D
:103510000F907068DFF8188500FB0122316801EB1D
:103520004201229A9268013222F0010B229A176816
:1035300071E2229AB2F90800B2F90C9000F1FF3E54
:103540001FE05FEA244C4FEA254604D4F4450BDA29
:10355000002E04DA0AE0BCF1FF3F0CD104E009F1CF
:10356000FF3C664511DB03E0844504DA721C02DB94
:103570004E45C0F22F811D9E34441E9E013B3544B2
:103580000231002BDDDC00F004821D9A5E1E02FB7E
:10359000064C5FEA2C4C00D51CE10138844580F2D2
:1035A00019811E9A02FB0656361400F1138109F1A7
:1035B000FF329642C0F2ED810CE1229E5FEA24497F
:1035C000D6E902CE4FEA2543C4F30330C5F30332F4
:1035D00007D40CF1FF3AD14580F2DF80002B05DAE9
:1035E000DDE0B9F1FF3F40F0EE80D6E00EF1FF3AAA
:1035F000534580F2D68003FB0B994FEA590319F02B
:10360000010FFB5C0BBF03F00F0303F0F00C03EBA7
:1036100003130CEB131C0FFA8BFA0CBF5FFA83FC3D
:103620005FFA8CFC002839D009F101034FEA530EF0
:10363000DB0717F80EE055BF0EF00F030EF0F00396
:1036400003EB031303EB1E13DBB20B93002A38D0FA
:10365000D1444FEA590319F0010F17F803E00DBFE9
:103660000EF00F030EF0F00303EB1E1303EB031336
:10367000DBB209F1010908934FEA590319F0010F70
:1036800017F803E00BBF0EF00F030EF0F00303EB8F
:10369000031303EB1E13DBB20C9312E08AB1D14487
:1036A0004FEA590319F0010F17F803E00BBF0EF0B2
:1036B0000F030EF0F00303EB031303EB1E13DBB257
:1036C000089300FB02FE0EF58073A3EB00130B9E24
:1036D000CEEB0010A3EB021380B29BB270430CFB45
:1036E0000300CEEB0212089B92B203FB02020C9B7A
:1036F0000EFB0322C2F30722FF2A0BD1D8F80020C9
:10370000CA4B500903EA122300F4FC600343C2F3DE
:10371000C4023FE0002A56D0D8F80030B1F800E0EB
:103720006FEA02094FEA1E20C3F3074C5FFA89F9DA
:1037300000F0F8001CFB02FC00FB09CC4FEADE0A9B
:10374000C3F3072010FB02F00AF0FC0A1FFA8CFCFE
:103750000AFB09004FEACE0EDBB280B213FB02F384
:103760005FFA8EFE0CF1010202EB1C2C0EFB0933FA
:10377000421C9BB202EB10220CF47F4C5209581CE5
:103780006FF30A0C02F4FC6200EB13234CEA020212
:10379000C3F3C42313430B8015E0CC4513DD5E1C3B
:1037A00011DB9E450FDDCDE902930FFA8EF30193F5
:1037B0000FFA8CF3CDE9040200930F980FFA8BF304
:1037C0003A46FFF7BBFD1D9B1C441E9B1D44079BF7
:1037D0000231013B0793079B002B3FF7EEAEDEE083
:1037E0002A1420140BFB0200420810F0010FBA5CEF
:1037F0000BBF02F00F0202F0F00E02EB02120EEB12
:10380000121EC4F30336C5F3033C0CBF5FFA82FEFD
:103810005FFA8EFE002E35D0421C4FEA5209D207C5
:1038200017F8099055BF09F00F0209F0F00202EBFA
:10383000021202EB1912D2B20D92BCF1000F35D078
:10384000079A1044420817F80290C20753BF09F0C4
:103850000F0209F0F00202EB191202EB0212D2B2CF
:10386000013009924208C00717F8029055BF09F0CD
:103870000F0209F0F00202EB021202EB1912D2B2AF
:103880000E9213E0BCF1000F10D0079A10444208CA
:1038900017F80290C20755BF09F00F0209F0F002B5
:1038A00002EB021202EB1912D2B2099206FB0CF9DA
:1038B00009F580720D98A2EB0612C9EB0616A2EB71
:1038C0000C12B6B292B246430EFB0266C9EB0C1C58
:1038D000099A1FFA8CFC02FB0C660E9A09FB026621
:1038E000C6F30720FF280BD1D8F800004F4A02EAA0
:1038F0001026420902F4FC623243C0F3C4003FE0E8
:1039000000283FD0D8F80060B1F800E06FEA000965
:103910004FEA1E22C6F3074C5FFA89F902F0F8025B
:103920001CFB00FC02FB09CC4FEADE0AC6F30722AF
:1039300012FB00F20AF0FC0A1FFA8CFC0AFB0922B7
:103940004FEACE0EF6B292B216FB00F65FFA8EFE8A
:103950000CF1010000EB1C2C0EFB0966501CB6B2EA
:1039600000EB12200CF47F4C4009721C6FF30A0C20
:1039700000F4FC6002EB16224CEA0000C2F3C42201
:1039800002430A801D9A14441E9A02311544013BD9
:1039900002E00FFA8BF20792002B3FF721AF069B54
:1039A000002B40DD30EE040AB7EE007AC7EE007A55
:1039B0001A9B70EEA40A31EE051A20EEA77AF0EEFB
:1039C000626A61EE277AFEEEC86A77EE622A16EE28
:1039D000904AFEEEC82AF0EE436A37EEC33A12EE82
:1039E000902ABEEEC83A92FBF3F313EE102AFEEED5
:1039F000C86A1D931A9B92FBF3F31E93069B1A9AB7
:103A0000013B16EE905A0693B0EE673A0A9BF0EE31
:103A1000472A18BF1346069A002A3FF78AAD0A9A2A
:103A2000002A3FF786AD11B0BDE8F08F00F8FFFF28
:103A3000E439012070B59EB2BDF810000D0A130ADA
:103A400005F0F80503F0F80313FB00F315FB06F58A
:103A50001D44CC08D30804F0FC0403F0FC0313FB62
:103A600000F314FB06F41C44D200CB00DBB2D2B24C
:103A7000A4B212FB00F213FB06F3ADB21344611CB7
:103A80009BB26A1C01EB142102EB1522581C490958
:103A900001F4FC6100EB132002F478420A43C0F306
:103AA000C420104370BD00002DE9F04F8DB01646C4
:103AB0009DF85C80169A04900D461C46B8F1000FE4
:103AC00000F0F4802068616808AB03C31068516897
:103AD00003C308A8EEF7E2FA21460AA8EEF722FB94
:103AE000BDF92820BDF92E70BDF92C9002F001031C
:103AF0000693BDF9243003F0010105910598BDF945
:103B00002A10034401FB032303EBD37305EB630586
:103B1000BDF820301A44BDF82230ADF828201944F1
:103B2000644BADF82A1018680368DB6A9847624B4B
:103B3000BDF92A101A88BDF92830B8F1FF0F02FB31
:103B4000013300EB430406F1040602FB07F36BD0DC
:103B5000C8F1FF0204EB4303039207935BE0069B6B
:103B60002F468BB117F8011B039B2288009301F0AD
:103B70000F01049836F811104346FFF75BFF09F177
:103B8000FF3B24F8020B22E0CB4620E01978039B90
:103B90003AF8042C00930909434636F811100498AA
:103BA000FFF748FF2AF8040C17F8011B039B3AF8AB
:103BB000022C009301F00F01049836F811104346CF
:103BC000FFF738FFABF1020B2AF8020C5446BBF1A9
:103BD000010F3B4604F1040AD8DCA2460DD1397826
:103BE000039B228800930909049836F81110434674
:103BF000FFF720FF04F1020A20802F4B059A1C8852
:103C0000BDF924301344A4EB090403EBD3730AEB8E
:103C1000440405EB6305079BA342A0D8254B186815
:103C200003681B6B984741E004EB43023BE0069BB3
:103C30005BB12B4613F8011B01F00F0136F8111090
:103C400024F8021B09F1FF3112E02B4649460FE030
:103C50003C782409023936F8144020F8044C13F853
:103C6000014B04F00F0436F8144020F8024C0446CF
:103C700001291F4604F10400EADC214605D11B7826
:103C80001B09023136F8133023800B4B1C88BDF919
:103C90002430A4EB090401EB440405990B4403EB25
:103CA000D37305EB6305A242C1D8B7E70DB0BDE8F9
:103CB000F08F00BFD8390120D03901202DE9F04123
:103CC0009DF81800FF284FEA11240CD1FF2B0AD1D0
:103CD000274B480900F4FC6023401843C1F3C4019A
:103CE000084380B241E010FB03F39BB2581C4FEA3B
:103CF000122800EB1320C0F3072008F0F80545EA6E
:103D00005813C643C1F307454FEAD20CF6B215FB70
:103D100000F50CF0FC0E03FB0655CCF3811CE3B25E
:103D2000D20013FB00F34EEA0C0ED7B20EFB0633A3
:103D3000C2F34212C9B29BB2174311FB00F1ADB2FC
:103D4000581C07FB061189B200EB13236A1C02EB17
:103D500015225B09481C02F4784203F4FC6300EB73
:103D600011201343C0F3C4201843BDE8F08100BF05
:103D700000F8FF002DE9F04F1C468BB00D46804641
:103D8000616820689DF85490164606AB149A03C3E8
:103D90001068516803C306A8EEF780F9214608A809
:103DA000EEF7C0F9BDF92020BDF92670BDF924B0A9
:103DB00002F001030493BDF91C3003F001010391EB
:103DC0000398BDF92210034401FB032303EBD373D3
:103DD00005EB6305BDF818301A44BDF81A30ADF88C
:103DE000202019443F4BADF8221018680368DB6AA5
:103DF00098473D4BBDF922101B88BDF9202003FBDD
:103E0000012200EB42047B4304EB43030436059399
:103E10005DE0049B2F4693B117F8013B03F00F03BD
:103E200056F823100B0E06D02288009340464B46CE
:103E3000FFF744FF208002340BF1FF3A23E0DA461B
:103E400021E03B781B0956F823100B0E08D034F8FC
:103E5000042C009340464B46FFF730FF24F8040C37
:103E600017F8013B03F00F0356F823100B0E08D090
:103E700034F8022C009340464B46FFF71FFF24F80E
:103E8000020CAAF1020ABAF1010F04F10404D8DC11
:103E9000A4F104040DD13B781B0956F823100B0E36
:103EA00006D02288009340464B46FFF707FF20804C
:103EB00002340D4B039A1B88A3EB0B0304EB430462
:103EC000BDF91C30134403EBD37305EB6305059B6D
:103ED0009C429ED3034B186803681B6B98470BB03A
:103EE000BDE8F08FD8390120D0390120F0B5100A93
:103EF00000F0F80444EA501488789DF814501E46E7
:103F000010FB06F004FB050084B2D7084878D20005
:103F100007F0FC0CD3B2C7F38117C2F342121A4365
:103F20004CEA07070B7810FB06F007FB050080B290
:103F300013FB06F302FB0533421C9BB202EB10227B
:103F4000611C01EB1421581C520901F4784100EB6B
:103F5000132002F4FC620A43C0F3C4201043F0BDF6
:103F60002DE9F04F8DB015469DF85C80169A0490AF
:103F70000E461C46B8F1000F00F03F8120686168D2
:103F800008AB03C31068516803C308A8EEF786F8AE
:103F900021460AA8EEF7C6F8BDF92820BDF92E7013
:103FA000BDF92C9002F001030693BDF9243003F013
:103FB000010105910598BDF92A10034401FB032373
:103FC00003EBD37306EB6306BDF820301A44BDF84B
:103FD0002230ADF828201944894BADF82A10186812
:103FE0000368DB6A9847874BBDF92A101A88BDF928
:103FF0002830B8F1FF0F02FB013300EB430405F159
:10400000040502FB07F370D06FEA0802D2B204EB9A
:104010004303039207935FE0069B374693B117F87B
:10402000011B039B22880498009301F00F0101EB10
:10403000410143462944FFF759FF09F1FF3B24F8AA
:10404000020B24E0CB4622E01978039B3AF8042CBB
:1040500004980093090901EB410143462944FFF705
:1040600045FF2AF8040C17F8011B039B3AF8022CB1
:104070000498009301F00F0101EB410143462944EC
:10408000FFF734FFABF1020B2AF8020C5446BBF1E8
:10409000010F3B4604F1040AD6DCA2460ED1397862
:1040A000039B228804980093090901EB41014346D0
:1040B0002944FFF71BFF04F1020A2080514B059AA7
:1040C0001C88BDF924301344A4EB090403EBD3731B
:1040D0000AEB440406EB6306079BA3429CD8484BBB
:1040E000186803681B6B984787E0474904EB430255
:1040F0007FE0069BE3B1334613F8017B07F00F071F
:1041000007EB470705EB070CEF5D9CF802009CF8F6
:1041100001C04FEACC0C01EA00200CF4FC6C40EA30
:104120000C0040EAD70024F8020B09F1FF3734E015
:1041300033464F4631E00478240904EB440405EB90
:10414000040E2C5D9EF802009EF801E04FEACE0EB0
:104150000EF4FC6E01EA002040EA0E0040EAD400B2
:104160002CF8040C13F8014B04F00F0404EB440486
:1041700005EB040E2C5D9EF802009EF801E04FEA6C
:10418000CE0E01EA00200EF4FC6E40EA0E0040EA7A
:10419000D4002CF8020C023F6446012F184604F1AB
:1041A000040CC8DC204616D11F783F0907EB4707EF
:1041B00005EB070CEF5D9CF802309CF801C04FEA5C
:1041C000CC0C01EA03230CF4FC6C43EA0C0343EA35
:1041D000D703238002300B4B1C88BDF92430A4EB9D
:1041E000090400EB44040598034403EBD37306EB86
:1041F0006306A2423FF67DAF71E70DB0BDE8F08FD8
:10420000D8390120D039012000F8FFFF30B502462F
:10421000084639490B6823F001030B604FF0E02199
:104220004FF6F073D1F8004D4CF240251C40AC42E3
:1042300006D0D1F8004D4CF270251C40AC4219D18B
:104240002E4B1B68002B49D12D4B1968C1F30B0174
:10425000B1F58A6F2DD0196840F28344C1F30B0188
:10426000A14226D01B6840F28541C3F30B038B4269
:1042700034D11EE0D1F8004D4DF220251C40AC4257
:1042800006D0D1F8001D0B404DF230218B4225D1D4
:104290001C4B1D49D3F8F84F8C422BD101F123411F
:1042A000D3F8FC4F01F52E0101F55D418C4209D098
:1042B00020E0164B0121C3F8081CD3F8081C002984
:1042C000FBD106E00121C3F8081CD3F8081C002923
:1042D000FBD1C3F8002CD3F8003C07E00C4B0121C4
:1042E000996099680029FCD11A601B681B1A584212
:1042F000584100E0002030BD002000E0002004E034
:104300000010005C00400246010017000040025807
:104310000030024001617047837B4BB10389013358
:104320009BB2072B038181BF002343818381837369
:10433000704700002DE9F0431E4685B08388ADF834
:104340000630F31A1BB20446002B9046194A00921D
:10435000B8BF5B42A28AC588BDF83090ADF808505E
:104360001BB2002093420F468DF80400ADF80A609E
:10437000ADF80C9008DCA9EB05052DB2002DB8BFF7
:104380006D422DB2AA4211DA2069036869465B6862
:104390009847F71B0023A9EB0808012023816781B8
:1043A000A4F80C80A680A4F80690A07305B0BDE820
:1043B000F08300BFA4900208F0B51E464B1E012BEF
:1043C000044685B000690D46174627D8B4F90A207F
:1043D000D31C9BB2062B0CD91C4901916368ADF824
:1043E0000A2000218DF808100393036801A99B6837
:1043F0009847B4F90C202069D31C9BB2062B13D923
:10440000124901916368ADF80A2001218DF8081066
:104410000393036801A99B68984705E021B9A2802E
:10442000E680A160A181A173094B019320698DF8F9
:1044300008500023ADF80A70ADF80C60ADF80E30EE
:10444000036801A91B68984705B0F0BDB890020841
:104450009090020810B4D0E901349C4203D85DF872
:10446000044BEBF7FDBF5DF8044B70472DE9F04FAF
:104470008BB0CDE906239DF85030089305469DF892
:10448000543009938946ECF75FF9AE680446002E74
:1044900000F0CF806B68B342C0F0CD80B0F902303D
:1044A000B5F9342002EB030BDDE9062101FB032201
:1044B0000592721E04924FF0000800E05346B4F9D2
:1044C00002A0B4F9007053453A4608D0B5F934302B
:1044D00003EB0A0BDDE9063101FB0A330593B4F95E
:1044E00006300AE034F9080FB8420FD1B4F90200DF
:1044F00050450BD1B4F9060003440499B4F9040003
:104500000139049101318044ECD196E0002B43D075
:10451000002F3CDBB5F93620BA4238DDC3EB8813F7
:10452000DB1095F83020002BB8BF5B42012A07D181
:10453000C3F30803B3F5807F02DDC3F5007302E027
:10454000FF2BA8BFFF23099A13FB02F39BB25A1C4F
:104550001B0A13FA82F313F47F4F4FEA232C16D071
:104560005FFA8CF1D9F800006B8E02910121019164
:104570000FFA8BF1089A0091416913FA87F312FA46
:1045800087F20E461BB2059912B24846B047049B0B
:10459000013307F101024CD0B4F90030981A002819
:1045A0008CDD002A03DA002B88DD18460022B5F9DD
:1045B0003670BB4203DBB81A00287FF77FAF4FEAA3
:1045C0008813DB1095F83070002BB8BF5B42012FC9
:1045D00007D1C3F30803B3F5807F02DDC3F5007391
:1045E00002E0FF2BA8BFFF23099913FB01F39BB245
:1045F0005F1C1B0A13FA87F313F47F4F4FEA232C37
:104600003FF45CAF6B8E0899D9F8007000B201904E
:1046100013FA82F30FFA8BF011FA82F25FFA8CF13F
:10462000029100907F6905991BB212B24846B847C3
:1046300044E7012005E0002003E0002B7FF468AF91
:10464000F7E70BB0BDE8F08F2DE9F3411E46334B81
:10465000C0E900319388038100259DF820308372E2
:1046600000F1140804468581C581058245824046D3
:104670001746EBF739FAC4E91255C4E91455C4E9F1
:104680001855C4E91B5584F84450A4F84650A56554
:10469000306871687288A4F85C506B4603C37B88ED
:1046A000A4F86850134435883A88B6F90400B6F97E
:1046B0000610E3812A44A28120826182684639463D
:1046C000EDF730FD04F10C00EDF7E8FCBDF9023028
:1046D000BDF80020A4F84620A4F848304046EBF787
:1046E000E7F9BDF90030B4F912205B01E364BDF9CC
:1046F00002305B012365BDF904305B016365BDF9E0
:1047000006305B01A365B4F91030A4F84A302046A6
:10471000C4E90F3202B0BDE8F08100BFF89302088F
:1047200038B590F85C30044693B190F8683090F852
:10473000692013420CD100F1140523B1D0E91812FD
:104740002846FFF787FED4E91B122846FFF782FEB2
:10475000002384F85C30D4E90603984234BF00207B
:10476000012038BD2DE9F341837A59434D1CADB288
:1047700005EB11252D12044600F09D8090F85D3068
:10478000002B00F09880FFF7CBFF0746002800F0D1
:10479000938060684A4E036837689B689847014673
:1047A0003846E8F703F80746DFF772FE03685B6BED
:1047B00098478046DFF76CFE03681B6B98470B2811
:1047C00063D8DFE800F03F49590662192F52525270
:1047D0005252B4F90C10B4F90E3000290A4608FB05
:1047E00003F3B8BFCA1D03EBE2031F444B4203F0BF
:1047F000070301F0070111E0B4F90C10B4F90E3011
:1048000000290A4608FB03F3B8BFCA1C03EBA20346
:104810001F444B4203F0030301F0030158BF594208
:10482000C8B233E0B4F90C10B4F90E2001EBD17327
:104830005B10002908FB023301F001011F44B8BFDF
:104840004942EDE7B4F90E30B4F90C2008FB03F34C
:1048500003EB42031F4419E0B4F90E20A38908FBBF
:1048600002F2032113FB01230EE0B4F90E20B4F988
:104870000C3008FB023307E0B4F90E30B4F90C2019
:1048800008FB03F303EB82031F440020EDB2CDE9E4
:1048900000053A4661680FFA88F304F11400FFF747
:1048A000E5FD0746606803681B6998473068036840
:1048B0001B6B984700E00127384602B0BDE8F08145
:1048C000D839012010B5064B1B78012B07D1B0F960
:1048D00008000B681468C3EB401313600C6010BD34
:1048E000CA39012037B590F85C30CDE90021044683
:1048F00083B96A4601A92046FFF7E4FFE36C0199FA
:10490000009AC91A236D0191D21A002A009206DA80
:1049100001230AE0FFF704FF0028EAD12DE0A36D90
:104920009A42B4BF002301235B00002906DB606DBF
:104930008142B4BF00200120C00000E0042043EA0F
:104940000005034303D0002384F85C300DE084F8B5
:104950006930D4E90630984203D804F11400EBF72B
:104960009AFD40F20113A4F85C30019A009BE266C4
:10497000C4E91823236784F8685003B030BD2DE9DB
:10498000F3410446CDE900216A4601A9FFF79AFFE9
:10499000E36C019E009FF61A236D0196FF1A002F0B
:1049A000009706DBA36D9F42B4BF002301235B0089
:1049B00000E00123002E06DB656DAE42B4BF00258A
:1049C0000125ED0000E0042545EA030294F8683073
:1049D000154623B93A46314604F114001DE00AB1E8
:1049E0001A401DD194F85C00D4E9181204F114089F
:1049F00068B984F86930D4E90630984202D8404654
:104A0000EBF749FD40F20113A4F85C3002E04046A8
:104A1000FFF720FD3A4631464046FFF71BFD2A4688
:104A2000019B2366009B636684F8682002B0BDE8A2
:104A3000F081000038B52DED108BDFED5CAA054646
:104A4000F0EE408AB0EE609AB0EE41BAF0EE61BA94
:104A5000F0EE42DAB0EE62EA0C46B6EE00CA082C7E
:104A600000F2A0807DEEE86A7BEECE7A3BEE6D6AC6
:104A70003EEE497A66EEE77A78EE8BEAE6EE077A62
:104A800039EE2BFA7BEE2D9A3BEE8EAAF5EEC07A2C
:104A9000F1EE10FA6EEE8CEA2FEE0CFA69EE8C9ABB
:104AA0002AEE0CAA48BFF1EE677A7EEEA9CA3FEE65
:104AB0000ADAF4EEEA7AF1EE10FA6CEE8CCA2DEE18
:104AC0000CDAB5EE006A36DD27EE077A67EEA77AD4
:104AD000A6EEA67A27EE067AF4EEC77AF1EE10FA81
:104AE00046D87DEECB0A3EEE6B0A00F005FA7BEE6F
:104AF000680AB0EE408A3BEEC90A00F0FDF978EE94
:104B0000407A9FED2B7AF5EEC07AF1EE10FA48BFAD
:104B1000F1EE677AF4EEC77AF1EE10FAA4BF9FEDDA
:104B2000257A77EE677A9FED247AF4EEC77AF1EE74
:104B300010FA1DD514E078EEAD7A79EE0E6AB0EE7B
:104B40006C7AA7EECC7AF0EE4D7AE6EECC7A67EE90
:104B5000A77AE7EE077AF4EEC67AF1EE10FA07D8F4
:104B6000F0EE4D0AB0EE6C0A2846E9F721F819E09C
:104B70000134F0EE490AB0EE680A2146F0EE4D2A03
:104B8000B0EE6C2AF0EE4F1AB0EE6E1A2846FFF720
:104B900051FFF0EE4ABAB0EE69BAB0EE4D9AF0EEBF
:104BA0006C8A5CE7BDEC108B38BD00BFFFE6DB2EE6
:104BB000DB0F4940DB0FC940CDCCCC3D30B52DEDEE
:104BC000108BDFEDBEEA85B00446B0EE409AF0EE01
:104BD000609AF0EE41FAB0EE61EAB0EE428AF0EE91
:104BE000628AB0EE43AAF0EE63AA0D46082D00F2E9
:104BF000608179EE2F7AF6EE006A67EEA67A3FEED4
:104C0000887ACDED007A9DED006AA7EE266A79EEEE
:104C10008E7A38EE0ADA67EEA67A78EEAADA26EE0F
:104C2000266ACDED017A2DEE26DA6DEEA6DA7EEE5D
:104C3000287A8DED026A9DED016AB0EE4DCAF0EE64
:104C40006DCAA7EEA66AE7EEA6CAA7EE26CA26EEAA
:104C5000266A2CEE26CA6CEEA6CADDED027A8DED30
:104C6000036A37EE8CBA76EE2CBA2BEE26BA6BEED0
:104C7000A6BA002D00F0FB807AEE495A3EEE6A7A21
:104C80007AEEE97A3FEECA6A25EEC77A38EE4A5ADA
:104C9000A6EE277A38EEEA6AB5EEC07A25EEC66A45
:104CA000F1EE10FAA5EE276ADFED854AB5EEC06A8F
:104CB00048BFB1EE477AF1EE10FAB4EEE47A48BF9D
:104CC000B1EE466AF1EE10FAB5EE005A6BDD67EE12
:104CD000A77AB4EEE46AE5EEA57AF1EE10FA67EE93
:104CE000857A4CDD37EE067A27EE077AB4EEE77A5E
:104CF000F1EE10FA00F2BB8078EE6F0A38EECE0AC1
:104D000000F0FAF87FEEC90AB0EE40FA3EEE690A0A
:104D100000F0F2F83FEE40EA7AEE480AB5EEC0EA5B
:104D2000F1EE10FA3AEEE80A48BFB1EE4EEA00F0B2
:104D3000E3F830EE4F0AB5EEC00AF1EE10FAB4EE29
:104D4000EEEA48BFB1EE400AF1EE10FAA8BF9FEDBF
:104D50005D7AB4EEEE0AA8BF37EE4EEAF1EE10FA35
:104D6000A4BF9FED587A37EE400A9FED577A7EEE4A
:104D7000007AF4EEC77AF1EE10FA78D56FE027EEFC
:104D8000077AB4EEE77AF1EE10FA70D878EE6F0A8F
:104D900038EECE0A00F0B0F87FEEC90AB0EE40FA65
:104DA0003EEE690A1FE09FED467AB4EEC76AF1EE67
:104DB00010FA3FDD67EEA77A26EE066AE5EEA57AE1
:104DC00067EE857AB4EEE76AF1EE10FA4FD87AEE24
:104DD000480A3AEEE80A00F08FF878EE6F0AB0EE73
:104DE00040FA38EECE0A00F087F83FEE400AB5EE02
:104DF000C00AF1EE10FA48BFB1EE400AB4EEEE0A76
:104E0000F1EE10FAA4BFDFED2F7A37EEC00ADFED26
:104E10002E7AB4EEE70AF1EE10FA28D5F0EE4E0A3B
:104E2000B0EE6F0A2046E8F7C3FEF0EE680AB0EE77
:104E3000480A18E079EE0A7A39EEAA6AB0EE4B7A9F
:104E4000A7EEE67AF0EE6B7AE6EE667A67EEA77A80
:104E5000E7EE077AF4EEC57AF1EE10FA07D8F0EE35
:104E60006B0AB0EE4B0A2046E8F7A2FE21E00135BE
:104E7000F0EE690AB0EE490ADDED032A9DED022A43
:104E8000DDED011A9DED001A2946F0EE6B3AB0EE09
:104E90004B3A2046FFF792FEF0EE6D8AB0EE4D8A57
:104EA000B0EE6CEAF0EE4CFAF0EE6B9AB0EE4B9A84
:104EB0009CE605B0BDEC108B30BD00BFDB0F494058
:104EC000FFE6DB2EDB0FC940CDCCCC3D10B5044B4B
:104ED000044640F8143BEAF7E3FD204610BD00BF4E
:104EE000F893020810B50446FFF7F0FF204674213E
:104EF00000F03FFF204610BD00F078B908B52DED59
:104F0000028BB0EE408A00F0CEF8B4EE488AF1EEA3
:104F100010FA0CD6DFED078AB4EEE88AF1EE10FA4B
:104F200005D501F0D5F988EEA80A21230360BDEC70
:104F3000028B08BD0000000010EE103A07B51E4AB3
:104F400023F00043934206D8DFED1C0A03B05DF85E
:104F500004EB00F0ABB8B3F1FF4F04D330EE400ADE
:104F600003B05DF804FB684600F0E0F900F00300D0
:104F7000012809D0022810D0B0B9DDED010A9DED5D
:104F8000000A00F093F8EBE7DDED010A9DED000A61
:104F900000F0E4F8B1EE400AE2E7DDED010A9DED34
:104FA000000A00F083F8F5E7DDED010A9DED000A47
:104FB000012000F0D3F8D3E7D80F493F00000000EC
:104FC00010EE103A07B51F4A23F00043934207D86A
:104FD000DFED1D0A002003B05DF804EB00F0BEB861
:104FE000B3F1FF4F04D330EE400A03B05DF804FB89
:104FF000684600F09BF900F0030001280AD002285F
:105000000FD0C0B9DDED010A9DED000A012000F0CE
:10501000A5F8EAE7DDED010A9DED000A00F046F88B
:10502000E3E7DDED010A9DED000A012000F096F8AE
:10503000B1EE400AD9E7DDED010A9DED000A00F06E
:1050400035F8F5E7D80F493F0000000010EE101AC0
:10505000C1F3C7530029A3F17F02ACBF01204FF079
:10506000FF301E2A1ADC002A03DA013218BF0020A2
:105070007047162AD8BF4FF48003C1F31601D8BF7A
:10508000134141F40001CDBF963B5B18C2F11702FA
:1050900001FA03F3D8BFD34058437047FDEEC07AFE
:1050A00017EE900A7047B1EEC00A704710EE103A42
:1050B00023F00043B3F1485FF0EE406AB7EE000A18
:1050C00004D2FDEEE67A17EE902A42B326EEA67AD7
:1050D000DFED1A7A9FED1A6A1A4AA7EE276A934201
:1050E000DFED197AE6EE077A9FED186AA7EE876A78
:1050F000DFED177AE6EE077A9FED166AA7EE876A6C
:1051000060EEE60A26EE076AF6EE007AE7EE060A99
:1051100067EE277A04D877EEE07A30EE670A7047B8
:105120000D4A93429ABF03F17F4307EE103AB5EE62
:10513000027A30EE470A77EEC77AECE74ED747ADF2
:10514000F6740F319999993E7CF293B4010DD037E2
:10515000610BB6BAABAA2A3D0000483F10EE103AE8
:1051600023F00043B3F1485F04D2FDEEC07A17EE9E
:10517000903A5BB320EE007ADFED157A9FED156A69
:10518000A7EE276ADFED147AE6EE077A9FED136A41
:10519000A7EE876ADFED127A60EE076AE6EE077A1D
:1051A00030B99FED106AA7EE276AA6EE260A70476F
:1051B00067EEE67AB6EE006AE0EE867AD7EE870A08
:1051C000DFED097AE6EEA70A30EE600A704700BF0D
:1051D000D3C92E2F342FD7B21BEF3836010D50B95B
:1051E0008988083CABAA2ABEABAA2A3E10EE902AB8
:1051F00022F00041B1F1FF4F10B5F0EE407A06D831
:1052000010EE100A20F00043B3F1FF4F04D977EEFF
:10521000A07AB0EE670A10BDB2F17E5F03D1BDE89F
:10522000104000F0B3B9941704F0020444EAD074BB
:1052300043B9022C5ED09FED347A032C08BFF0EE08
:10524000477AE6E741B9DFED317A9FED317A002800
:10525000A8BFF0EE477ADCE7B1F1FF4F10D1B3F110
:10526000FF4F04F1FF3407D1022C46D8294B03EB42
:105270008403D3ED007ACCE7022C41D8264BF6E725
:10528000B3F1FF4FDFD05B1AB3F1F45F4FEAE351A4
:105290001ADA002A01DA3C3119DB87EEA00A00F0A5
:1052A00049FA00F073F9F0EE407A012C12D0022C8A
:1052B00017D0002CADD09FED197A77EE877A9FED4D
:1052C000187A77EEC77AA4E7DFED117AEDE7DFED24
:1052D000157AEAE717EE903A03F1004307EE903AA9
:1052E00097E79FED0E7A77EE877A9FED0D7A77EE4E
:1052F000677A8EE7DFED0A7A8BE7DFED0B7A88E7D6
:10530000DFED087A85E700BFDB0F49C0DB0FC9BFBF
:10531000DB0FC93F10940208049402082EBDBB3372
:10532000DB0F494000000000DB0F493FF0B510EEF5
:10533000106A884B26F000459D4287B0044605D888
:10534000002380ED000A4360002022E0824B9D4252
:105350003AD826F00043002E9FED807A804A23F051
:105360000F0318DD934270EE477A09BF9FED7D7AF7
:10537000DFED7D6ADFED7D6A77EEC77A37EEE67A9C
:1053800077EEC77A80ED007A77EEE67AC0ED017AA3
:10539000012007B0F0BD934270EE077A09BF9FED80
:1053A000717ADFED716ADFED716A77EE877A37EE39
:1053B000A67A77EEC77A80ED007A77EEA67AC0ED0E
:1053C000017A4FF0FF30E4E7694B9D4273D800F05B
:1053D000B1F99FED687AF6EE007AE0EE077AFDEE1D
:1053E000E77AB8EEE77A17EE900ADFED5C7AA7EE7F
:1053F000670A1F28DFED5C7A67EE277AB1EE476A0D
:1054000070EE676A16EE901A09DC5B4A471E26F0BA
:10541000004352F8272023F0FF03934207D1C1F342
:10542000C752C2EBD552082A4FEAE55314DC21607B
:1054300094ED007A30EE470A002E30EE670A84EDD4
:10544000010AA6DAB1EE477AB1EE400A84ED007A9D
:1054500084ED010A40429CE7DFED425AF0EE406ADB
:10546000E6EE256A70EE667AE6EE257ADFED3F5AC3
:10547000D7EE257A76EEE75A15EE902AC2F3C75199
:105480005B1A192B04DCC4ED005AB0EE660ACFE7B4
:10549000DFED3A5AB0EE660AA6EE250A76EEC07A3D
:1054A000DFED376AE6EE257AD7EE267A30EE677AB8
:1054B00084ED007ABCE7B5F1FF4F06D370EE407A79
:1054C000C0ED017AC0ED007A3EE7EA15863AA5EB19
:1054D000C25307EE903ABDEEE77ADFED2A6AB8EEE6
:1054E000C77A77EEC77A8DED037A67EEA67ABDEEBE
:1054F000E77AB8EEC77A77EEC77A8DED047A67EE71
:10550000A67AF5EE407AF1EE10FACDED057A1ED1CD
:10551000B5EE407AF1EE10FA0CBF012302231A49CE
:1055200001910221009103A8214600F00BF9002E01
:10553000BFF62FAFD4ED007AF1EE677AC4ED007AB2
:10554000D4ED017AF1EE677AC4ED017A82E70323A4
:10555000E5E700BFD80F493FE3CB1640800FC93FB6
:10556000D00FC93F004435374344353708A3852E53
:10557000800F494384F9223F1C94020800A3852E22
:1055800032318D24000080439C94020838B510EE1F
:10559000105A25F00044B4F1A14FF0EE407A10D338
:1055A000B4F1FF4F04D970EE007AB0EE670A38BD4F
:1055B000DFED4D7A9FED4D7A002DC8BFF0EE477AB2
:1055C000F3E74B4B9C4210D8B4F1445F0AD29FEDF5
:1055D000497A30EE077AF7EE006AB4EEE67AF1EE39
:1055E00010FAE2DC4FF0FF3313E000F0A3F8424B77
:1055F0009C424FD8A3F5D0039C4241D8F0EE007AEC
:10560000BFEE007AA0EE277A002330EE270AC7EE1D
:10561000007A5A1C27EEA76A9FED387ADFED385AD8
:105620009FED385A66EE066AE6EE875A9FED367AA7
:10563000A5EEA67ADFED355AE7EE265A9FED347ACD
:10564000A5EEA67ADFED335AE7EE265A9FED327AC1
:10565000A6EE875A9FED317AA5EE267A9FED305A55
:10566000A7EE265A9FED2F7AA5EE267A27EE267A08
:10567000A5EE867A27EE877A21D177EEC77A94E76E
:10568000F7EE007A30EE677A30EE270A0123C7EE94
:10569000007ABEE7244B9C420BD8F7EE087AB7EEAF
:1056A000007AA0EE277A022370EE676AC6EE877A48
:1056B000AFE7BFEE007AC7EE007A0323A9E71B4AE3
:1056C0001B4902EB830201EB8303D3ED006A37EE43
:1056D000667A002D37EE677AD2ED007A77EEC77AD8
:1056E000B8BFF1EE677A60E7DB0FC9BFDB0FC93FD8
:1056F000FFFFDF3ECAF24971FFFF973FD769853C44
:1057000059DA4B3D6BF16EBD356B883D6E2EBA3D5F
:105710002549123EABAAAA3E21A215BD95879DBD83
:10572000388EE3BDCDCC4CBEFFFF1B40C4970208B2
:10573000B497020810EE103A23F0004300EE103A3E
:10574000704700002DE9F04F2DED048BD9B0904645
:105750000190B64A669818F1040F52F820A00F463F
:1057600003F1FF3B26DBB8F1030248BF08F1040256
:10577000D210551C67999FEDB17AE800A2EB0B0699
:105780000290A8EBC5050AEB0B0C1CAC01EB860ED6
:105790000020604510DD1CA901EB83000DF5887920
:1057A0000026564524DCDDF804E0DFEDA47A8446CB
:1057B000002416E00022DCE7C6425DBF5EF8201040
:1057C00007EE901AF8EEE77AF0EE477AE4EC017A09
:1057D0000130DEE7FEEC016A3CED017AE6EE877A05
:1057E00001345C45F6DDE9EC017A01360430D8E796
:1057F00008A901EB8A0104916799DFED8F8A9FED7B
:105800008D9A01EB820203925446A200059258AA97
:1058100002EB840212ED140A44A908AA01EB8400E9
:1058200094462646002E4CDC2846CDE9062300F09F
:10583000F1F9B0EE408AB4EE000A28EE000A00F05A
:105840004FFAF2EE007AA0EE678A002DDDE906231A
:10585000FDEEC87A17EE909AF8EEE77A38EE678A8E
:1058600041DD04F1FF3C08A9C5F1080E51F82C6098
:1058700046FA0EF0814400FA0EF0361AC5F1070020
:1058800041F82C600641002E3CDD4FF0000E09F17E
:1058900001097046744568DC002D03DD012D74D0CC
:1058A000022D7DD0022E2DD1B7EE000A30EE488AAF
:1058B00040B32846069300F0ADF9069B38EE408AC7
:1058C00020E060EE287A013EFDEEE77AF8EEE77A16
:1058D000A7EEC90ABDEEC00AACEC010A30ED010A20
:1058E00037EE800A9EE705D1601E08A951F82060B6
:1058F000F611C8E7F6EE007AB4EEE78AF1EE10FA98
:1059000031DA0026B5EE408AF1EE10FA40F09880C8
:10591000601E002250454BDA002A65D0013C08ABDE
:10592000083D53F82430002BF8D02846B7EE000A83
:1059300000F070F9631C44AA9FED3F7A990002EBD6
:1059400083022346002B80F2A9802346002BC0F25D
:10595000C78044AA02EB8305DFF8D4C0DFED377AB5
:105960000020E21AB1E002268FE752F8041B48B982
:1059700021B1C1F5807142F8041C01210EF1010E24
:10598000084687E7C1F1FF01F5E704F1FF3C08AAEB
:1059900052F82C2002F07F0208A941F82C2081E760
:1059A00004F1FF3C08AA52F82C2002F03F02F3E772
:1059B00008A951F8201001380A43ABE7013250F82A
:1059C000046D002EFAD0059901F5B0710DEB0100C0
:1059D000E6181CA904F1010C4C3801EB86062244A0
:1059E000624504DA144610E704980122E7E70399B8
:1059F000DDF804E051F82C10059107EE901AF8EE4E
:105A0000E77A0024E6EC017ADFED0C7AB1465C45DA
:105A100004DDE0EC017A0CF1010CE1E7FEEC016A37
:105A200039ED017A0134E6EE877AF0E70098020852
:105A3000D4970208000080430000803B0000000073
:105A4000029BB0EE480AA3EB080000F0E3F81FED5C
:105A5000077AB4EEC70AF1EE10FA19DB5FED0A7AA5
:105A600060EE277A08AAFDEEE77A0835F8EEE77AC5
:105A7000A7EEC70AFDEEE77ABDEEC00A10EE103AB7
:105A800042F8243017EE903A013442F824304CE7C3
:105A9000BDEEC00A08AA10EE103AF6E708A850F8C2
:105AA0002300019007EE900AF8EEE77A013B67EEDB
:105AB000807A20EE070A62ED017A43E7FCEC016A86
:105AC000B5EC017AE6EE877A0130504501DC904270
:105AD000F4DD58A800EB820242ED287A013B35E75D
:105AE000669B022B09DC002B27DC40D009F0070065
:105AF00059B0BDEC048BBDE8F08F669B032BF5D14C
:105B000030AA0B1F13441A462046002850DC2246B8
:105B1000012A5DDC30AB5FED377A0B44012C67DC8A
:105B2000DDED306A9DED317A002E67D1C7ED006A58
:105B300087ED017AC7ED027AD8E730AB1FED417AE5
:105B40000B442246002A24DA4EB3F1EE477AC7ED21
:105B5000007ADDED307A77EEC77A31AA01239C42D4
:105B600020DA0EB1F1EE677AC7ED017ABEE730AB0D
:105B70005FED4E7A0B44002C05DA0EB1F1EE677A38
:105B8000C7ED007AB2E733ED017A013C77EE877A10
:105B9000F1E773ED017A013A37EE277AD2E7F0EEBA
:105BA000477AD4E7B2EC017A013377EE877AD6E709
:105BB00072ED017AD2ED016A37EEA67A013877EEFE
:105BC000C77A82ED007A77EEA67AC2ED017A9CE779
:105BD00073ED017AD3ED016A37EEA67A013A77EEDA
:105BE000C77A83ED007A77EEA67AC3ED017A8FE764
:105BF00033ED017A013C77EE877A8FE7F1EE666A42
:105C0000B1EE477AC7ED006A87ED017AF1EE677A67
:105C100090E700BF10EE103A33F000422BD0B2F103
:105C2000FF4F02D330EE000A704713F0FF4F23D12D
:105C3000244BDFED257A984220EE270A17DB10EE81
:105C4000103AC3F3C752193A4CF25031884215DD6D
:105C5000DFED1E7ADFED1E6A10EE103AB0EE677AC5
:105C6000002BB8BFF0EE667A27EE870A7047DFEDAB
:105C7000197A27EE800A7047D20DE5E71044FE2816
:105C8000E6DC002806DD23F0FF4343EAC05300EEC4
:105C9000103A704710F1160F09DADFED0E7ADFEDDA
:105CA0000E6A10EE103AB0EE677A002BD9E7193081
:105CB00023F0FF4343EAC0539FED080A07EE903AF2
:105CC000D7E700BFB03CFFFF0000004CCAF24971AB
:105CD000CAF249F16042A20D6042A28D0000003379
:105CE00010EE103AC3F3C7527F3A162A23F0004150
:105CF0002BDC002A12DADFED197A30EE270AB5EE36
:105D0000C00AF1EE10FA06DD002B24DA0029144B4C
:105D100008BF4FF0004300EE103A7047114911419F
:105D20000B42FAD0DFED0D7A30EE270AB5EEC00A4D
:105D3000F1EE10FAEFDD002BBEBF4FF4000040FA89
:105D400002F29B1823EA0103E5E7B1F1FF4FE4D328
:105D500030EE000A70470023DDE700BFCAF2497148
:105D6000000080BFFFFF7F000B460146184600F091
:105D7000F5B800F00FB80268D207034605D44278A0
:105D800002B1FFDE012058707047002070470123E8
:105D90000360704700F02CB81FB514461A46094B33
:105DA0001B680546D8684CB1074B0091CDE901341A
:105DB00006492B4600F084F900F022FB044B1C46F8
:105DC000F3E700BFA8000020318002083E800208EF
:105DD000B8760208002301461A46184600F0B4BA05
:105DE000024B0146186800F02DB800BFA800002043
:105DF000024B0146186800F00BBB00BFA800002052
:105E000070B50F4E0C463168054611B900F03EFAE8
:105E100030602146284600F039FA431C03D14FF088
:105E2000FF34204670BDC41C24F00304A042F8D007
:105E3000211A284600F02AFA0130F2D1EFE700BF1C
:105E40002C4401202DE9F843CD1C25F0030508352D
:105E50000C2D38BF0C25002D064601DBA94204D9C4
:105E60000C2333600020BDE8F883DFF8D48000F015
:105E700069F8D8F800301C4644BB29463046FFF785
:105E8000BFFF431C044658D1D8F800402746002FD6
:105E900043D1002C4BD023683946304604EB03092C
:105EA00000F0F4F9814542D121686D1A2946304647
:105EB000FFF7A6FF01303AD023682B442360D8F8BF
:105EC00000305A6862BBC8F800700FE02268521BAD
:105ED00020D40B2A17D96119A342256018BF596035
:105EE000636808BFC8F8001062514B60304600F08C
:105EF0002FF804F10B00231D20F00700C21A1CBF6D
:105F00001B1AA350AFE76268A3420CBFC8F8002079
:105F10005A60EBE723466468AEE73C467F68B6E725
:105F20001A465B68A342FBD100235360DEE70C23D3
:105F30003360304600F00CF894E70560D6E700BF08
:105F400030440120014800F0EEB900BF7445012043
:105F5000014800F0E9B900BF7445012010B50446BE
:105F60000448134620B10A460220214600F0ECF90D
:105F700010BD00BF49630208002310B50446C0E904
:105F80000033C0E90433836081814366C281836149
:105F9000194608225C3000F03CF90D4B63620D4B52
:105FA000A3620D4BE3620D4B23630D4B24629C42B5
:105FB00006D003F16802944202D0D0339C4205D14E
:105FC00004F15800BDE8104000F0ACB910BD00BFAE
:105FD0008D610208AF610208E76102080B620208E6
:105FE00034440120024A0349034800F07BB800BF53
:105FF0009C000020F96D0208AC00002041680C4BA9
:10600000994210B5044601D000F0F6FEA168094B94
:10601000994202D0204600F0EFFEE168064B99421B
:1060200004D02046BDE8104000F0E6BE10BD00BF21
:10603000344401209C4401200445012010B50B4B41
:106040000B4C0C4A1A60204600220421FFF794FFF3
:1060500004F1680001220921FFF78EFF04F1D0004E
:106060000222BDE810401221FFF786BF6C450120D7
:1060700034440120E55F0208014800F054B900BF34
:1060800076450120014800F04FB900BF7645012058
:1060900010B50446FFF7F0FF236A1BB1BDE81040BE
:1060A000FFF7F0BF044B2362044B1B68002BF5D1B4
:1060B000FFF7C4FFF2E700BFFD5F02086C45012057
:1060C0000EB403B5014603AB054853F8042B006832
:1060D000019300F069FB02B05DF804EB03B0704778
:1060E000A80000202DE9F8430746884614460026FC
:1060F000D4E90195B9F1010905D52468002CF7D13F
:106100003046BDE8F883AB89012B07D9B5F90E30CD
:10611000013303D029463846C04706436835E9E7CE
:106120000CB430B5184B0C1E1D689DB008DA8B23DB
:106130002B604FF0FF301DB0BDE8304002B070471B
:106140004FF40273ADF814304FF000031B9314BFEB
:1061500004F1FF332346049307934FF6FF73029035
:106160000690ADF81630209A21AB02A9284601937B
:1061700000F0F4F9431CBCBF8B232B60002CDAD059
:10618000029B00221A70D6E7A800002010B50C462A
:10619000B1F90E1000F068F80028ABBF636DA38959
:1061A0001B1823F48053ACBF6365A38110BD2DE998
:1061B000F0411F468B89DB0505460C46164605D582
:1061C000B1F90E100223002200F03CF8A389B4F9C3
:1061D0000E1023F48053A38132463B462846BDE887
:1061E000F04100F063B810B50C46B1F90E1000F0A4
:1061F00029F8431CA38915BF606523F4805343F439
:106200008053A38118BFA38110BDB1F90E1000F017
:1062100009B802440346934200D1704703F8011BBA
:10622000F9E7000038B5064D0023044608462B6008
:10623000DDF7D0FC431C02D12B6803B1236038BDCD
:106240007045012038B5074D044608461146002226
:106250002A601A46DDF7C8FC431C02D12B6803B143
:10626000236038BD7045012038B5074D0446084607
:10627000114600222A601A46DDF790FC431C02D129
:106280002B6803B1236038BD7045012038B5064D39
:106290000023044608462B60DDF7A8FC431C02D10E
:1062A0002B6803B1236038BD7045012038B5074D18
:1062B00004460846114600222A601A46DDF77CFC97
:1062C000431C02D12B6803B1236038BD7045012007
:1062D000014B1868704700BFA800002070B50D4D35
:1062E0000D4C641BA4100026A64209D10B4D0C4C8A
:1062F00000F056FF641BA4100026A64205D170BD15
:1063000055F8043B98470136EEE755F8043B9847AB
:106310000136F2E750BC020850BC020850BC02082B
:1063200064BC02087047704770470A44914200F10C
:10633000FF3300D1704710B511F8014B03F8014F3E
:106340009142F9D110BD00002DE9F843274D0746D1
:10635000286891460E469846FFF7E5FF244A1468E0
:106360003CB9244B1360244A12B11268C3F8882048
:10637000204C63681F2B06DD2868FFF7D5FF4FF020
:10638000FF30BDE8F8832FB3D4F8880068B91B4B01
:10639000002BF1D04FF48470FFF722FD0028EBD0E2
:1063A0000023C0E94033C4F88800636840F82390B4
:1063B00001229A4000EB8301D0F800311343C0F86A
:1063C0000031022FC1F8808002BFD0F8043113439E
:1063D000C0F80431636828685A1C0233626044F8CC
:1063E0002360FFF7A1FF0020CBE700BFF8000020EB
:1063F00004460120784501200C980208E15D02085E
:1064000008B5062000F0F6FD0120DDF7C1FB000015
:1064100038B50546002941D051F8043C0C1F002B2B
:10642000B8BFE418FFF78EFD1D4A136833B96360E7
:1064300014602846BDE83840FFF78ABDA34208D95A
:10644000206821188B4201BF19685B680918216018
:10645000EDE71A465B680BB1A342FAD911685018F0
:10646000A0420BD120680144501883421160E0D152
:1064700018685B68536008441060DAE702D90C239F
:106480002B60D6E7206821188B4204BF19685B682F
:10649000636004BF091821605460CAE738BD00BFBB
:1064A000304401202DE9F0478E681F46BE420B683C
:1064B00082460C4690462DD8B1F90C2012F4906F0C
:1064C00026D06569096905EB4505A3EB010905EBD4
:1064D000D5757B1C4B446D109D4238BF1D4653053E
:1064E00027D52946FFF7AEFC064660B321694A4628
:1064F000FFF71BFFA38923F4906343F08003A3817C
:10650000266165614E44A5EB09052660A5603E46FF
:10651000BE4200D93E4620683246414600F028FD82
:10652000A3689B1BA3602368334423600020BDE85D
:10653000F0872A4600F07AFD06460028E0D121695E
:106540005046FFF765FF0C23CAF80030A38943F0DB
:106550004003A3814FF0FF30E9E700002DE9F04F41
:1065600098468B891B069DB007460D46144610D5EC
:106570000B6973B94021FFF765FC2860286130B9C9
:106580000C233B604FF0FF301DB0BDE8F08F40237F
:106590006B610023099320238DF82930CDF80C80FE
:1065A0003023DFF89C818DF82A304FF00109234613
:1065B0009A4613F8012B0AB1252AF9D1BAEB040B3C
:1065C0000BD05B46224629463846FFF76BFF013069
:1065D00000F0A780099A5A4409929AF80030002BDB
:1065E00000F09F8000234FF0FF32CDE905230AF130
:1065F000010A049307938DF853301A9354460522E9
:1066000014F8011B4E48D9F7F3FD049AD8B9D00607
:1066100044BF20238DF85330110744BF2B238DF83E
:1066200053309AF800302A2B15D0079A5446002090
:106630004FF00A0C214611F8013B303B092B4BD996
:10664000B0B1079214E0A0EB080309FA03F3134377
:106650000493A246D2E7039B191D1B680391002BEC
:10666000BBBF5B4242F0020207930793B8BF04929C
:1066700023782E2B0AD163782A2B32D1039B1A1D43
:106680001B68039243EAE37302340593DFF8C0A06A
:10669000217803225046D9F7ABFD38B1049BA0EB1B
:1066A0000A004022824013430134049314F8011B72
:1066B00024488DF828100622D9F79AFD002836D0F4
:1066C000214B1BBB039B073323F0070308330393C2
:1066D000099B334409936AE70CFB02320C46012004
:1066E000A8E700230134059319464FF00A0C204611
:1066F00010F8012B303A092A03D9002BC6D0059196
:10670000C4E70CFB012104460123F0E703AB00932F
:106710002A460E4B04A93846AFF30080421C0646B9
:10672000D6D1AB895B063FF52DAF09982CE703ABBB
:1067300000932A46054B04A9384600F0BBF9EDE763
:106740006D8002087780020800000000A56402083E
:10675000738002089368013B002B10B4936008DA41
:106760009469A34201DB0A2903D15DF8044B00F0D0
:106770006BBB1368581C1060197008465DF8044B19
:106780007047F8B506460F461446D518AC4201D1FD
:10679000002007E014F8011B3A463046FFF7DAFF05
:1067A000431CF3D1F8BD00002DE9F04F0D469DB01C
:1067B00014469846064618B1036A0BB9FFF768FC01
:1067C0006B6ED90705D4AB899A0502D4A86DFFF783
:1067D000AAFDAB891B0701D52B699BB92946304619
:1067E00000F070FB70B16B6EDC0704D54FF0FF302A
:1067F0001DB0BDE8F08FAB899805F7D4A86DFFF701
:1068000093FDF3E70023099320238DF82930CDF879
:106810000C803023DFF8AC818DF82A304FF001096D
:1068200023469A4613F8012B0AB1252AF9D1BAEB6F
:10683000040B0BD05B46224629463046FFF7A1FFEA
:10684000013000F0A780099A5A4409929AF8003062
:10685000002B00F09F8000234FF0FF32CDE905238D
:106860000AF1010A049307938DF853301A935446A2
:10687000052214F8011B5348D9F7BAFC049AD8B979
:10688000D10644BF20238DF85330130744BF2B2378
:106890008DF853309AF800302A2B15D0079A5446B9
:1068A00000204FF00A0C214611F8013B303B092B28
:1068B0004BD9B0B1079214E0A0EB080309FA03F337
:1068C00013430493A246D2E7039B191D1B6803914F
:1068D000002BBBBF5B4242F0020207930793B8BF95
:1068E000049223782E2B0AD163782A2B32D1039B72
:1068F0001A1D1B68039243EAE37302340593DFF821
:10690000D4A0217803225046D9F772FC38B1049BF9
:10691000A0EB0A004022824013430134049314F890
:10692000011B29488DF828100622D9F761FC0028A0
:106930003FD0264B1BBB039B073323F007030833D1
:106940000393099B3B4409936AE70CFB02320C4614
:106950000120A8E700230134059319464FF00A0CE3
:10696000204610F8012B303A092A03D9002BC6D053
:106970000591C4E70CFB012104460123F0E703ABBA
:1069800000932A46124B04A93046AFF30080074615
:10699000781CD6D16B6ED90705D4AB899A0502D481
:1069A000A86DFFF7C1FCAB895B063FF51FAF0998E7
:1069B0001EE703AB00932A46054B04A9304600F0BE
:1069C00079F8E4E76D800208778002080000000093
:1069D00083670208738002082DE9F047164698463F
:1069E0008A680B69DDF820909342B8BF1346336084
:1069F00091F8432007460C460AB1013333602368FF
:106A0000990642BF336802333360256815F00605E6
:106A100006D104F1190AE36832689B1AAB4226DCFE
:106A200094F843302268003B18BF012392062BD410
:106A300004F1430241463846C84701301ED023685E
:106A4000226903F00603042B02BFE5683368ED1AE0
:106A5000A3680CBF25EAE57500259342C4BF9B1AC5
:106A6000ED1800261A34B5421AD1002008E001239F
:106A7000524641463846C847013003D14FF0FF30F7
:106A8000BDE8F0870135C6E7E1185A1C302081F8CF
:106A90004300224494F8451082F843100233C7E7BC
:106AA0000123224641463846C8470130E6D0013628
:106AB000D9E700002DE9FF470F7E0C9E782F914605
:106AC00080460C469A4601F1430207D8622F0AD845
:106AD000002F00F0D180582F00F0B88004F142065A
:106AE00084F842703AE0A7F16303152BF6D801A1B0
:106AF00051F823F04D6B0208616B0208DD6A020851
:106B0000DD6A0208DD6A0208DD6A0208616B0208BC
:106B1000DD6A0208DD6A0208DD6A0208DD6A020831
:106B20005F6C02088B6B0208196C0208DD6A0208B0
:106B3000DD6A0208816C0208DD6A02088B6B0208BC
:106B4000DD6A0208DD6A0208216C020833681A1D3A
:106B50001B68326004F1420684F8423001239CE055
:106B600033682068191D3160060601D51D6803E0F1
:106B70004506FBD5B3F90050002D03DA2D236D42F5
:106B800084F8433058480A2311E021683368080626
:106B900053F8045B02D4490648BFADB26F2F524888
:106BA000336014BF0A230823002184F84310666869
:106BB000A660002E05DB21682E4321F00401216030
:106BC0004BD01646B5FBF3F103FB1157C75D06F832
:106BD000017D2F46BB420D46F4D9082B0BD123680B
:106BE000DF0708D5236961689942DEBF302306F8C4
:106BF000013C06F1FF36921B2261CDF800A04B4606
:106C000003AA21464046FFF7E7FE01304AD14FF084
:106C1000FF3004B0BDE8F087236843F02003236011
:106C20003248782784F84570236831681F0651F888
:106C3000045B02D45F0648BFADB23160D90744BFE0
:106C400043F0200323601DB11023ADE72648E9E798
:106C5000236823F020032360F6E71646BDE7336878
:106C600025686169181D30602E061B6801D5196002
:106C700002E06806FBD51980002323611646BCE7B5
:106C800033681A1D32601E68626800213046D9F7E9
:106C9000AFFA08B1801B606063682361002384F849
:106CA0004330AAE72369324649464046D04701307F
:106CB000ADD023689B0713D4E068039B9842B8BF0C
:106CC0001846A6E70123324649464046D0470130E0
:106CD0009DD00135E36803995B1AAB42F2DCEBE728
:106CE000002504F11906F5E77E8002088F8002086E
:106CF000B1F90C202DE9F041160705460C4654D495
:106D00004B68002B02DC0B6C002B48DDE66A002E82
:106D100045D0002312F480522F68216A2B6030D0B6
:106D2000626DA389590705D56368D21A636B0BB1ED
:106D3000236CD21A0023E66A216A2846B047431C16
:106D4000A38906D129681D292BD82A4ACA40D6070B
:106D500027D500226260D9042269226004D5421C32
:106D600001D12B6803B96065616B2F60B9B104F183
:106D70004403994202D02846FFF74AFB002363638D
:106D80000DE001232846B0470246501CC9D12B68AC
:106D9000002BC6D01D2B01D0162B1ED12F6000203A
:106DA00022E043F040031BB21BE00F69002FF6D036
:106DB00093070E6808BF4B690F6018BF0023A6EB4E
:106DC00007088B60B8F1000FE9DD216AA66A434627
:106DD0003A462846B047002808DCB4F90C3043F0A6
:106DE0004003A3814FF0FF30BDE8F0810744A8EBDA
:106DF0000008E7E70100402038B50B6905460C465E
:106E000013B90025284638BD18B1036A0BB9FFF73E
:106E10003FF9B4F90C30002BF3D0626ED00704D4E4
:106E2000990502D4A06DFFF77EFA28462146FFF7A8
:106E30005FFF636EDA070546E4D4A3899B05E1D4BE
:106E4000A06DFFF771FADDE7F8B50E46144605466A
:106E500018B1036A0BB9FFF71BF9A369A360A389F3
:106E60001A0701D5236943B92146284600F02AF8BC
:106E700018B14FF0FF373846F8BD23682269981AD9
:106E80006369F6B28342374605DC21462846FFF7A0
:106E9000B3FF0028EDD1A368013BA36023685A1C0F
:106EA00022601E706269431C9A4204D0A389DB07EA
:106EB000E1D50A2EDFD121462846FFF79DFF0028A5
:106EC000D9D0D6E738B5294B054618680C4618B115
:106ED000036A0BB9FFF7DCF8B4F90C30190722D4B8
:106EE000DA0607D409222A6043F04003A3814FF059
:106EF000FF3033E0580712D5616B41B104F1440310
:106F0000994202D02846FFF783FA00236363A389DE
:106F100023F02403A3810023636023692360A389F2
:106F200043F00803A38123694BB9A38903F42073B9
:106F3000B3F5007F03D02146284600F0CBF8B4F922
:106F40000C3013F001020AD00022A26062695242A2
:106F5000A261226942B913F08000C5D138BD9907FA
:106F600058BF6269A260F4E70020F7E7A80000209C
:106F7000884210B501EB020402D98442234607D8A7
:106F8000431EA14208D011F8012B03F8012FF8E7A6
:106F9000024401468A4200D110BD13F8014D02F8A7
:106FA000014DF7E71F2938B505460C4604D91623CD
:106FB00003604FF0FF3038BDC26B12B152F8213080
:106FC0004BB9284600F030F8224601462846BDE875
:106FD000384000F017B8012B0AD0591C03D11623F2
:106FE00003600120E7E7002142F82410204698477B
:106FF0000020E0E7024B01461868FFF7D3BF00BF4F
:10700000A800002038B5074D002304460846114665
:107010002B60DCF7B5FD431C02D12B6803B1236064
:1070200038BD00BF70450120DCF7A8BD2DE9F04157
:10703000074614460D4621B9BDE8F0411146FEF75A
:1070400001BF2AB9FFF7E4F925462846BDE8F081DB
:1070500000F09EF88442064602D8B4EB500FF4D8F4
:1070600021463846FEF7EEFE804608B94546ECE775
:10707000B4422246294628BF3246FFF756F9294630
:107080003846FFF7C5F9F1E770B50C46B1F90E10B7
:10709000002996B015461E460DDAA38913F0800F1D
:1070A0004FF0000114BF40234FF480630020316093
:1070B0002B6016B070BD6A4600F048F80028ECDB83
:1070C000019901F47041A1F50053594259414FF41F
:1070D0008063EBE78B89F7B59D0706460C4607D51D
:1070E00004F14703236023610123636103B0F0BD12
:1070F00001AB6A46FFF7C8FF009F05463946304698
:10710000FEF7A0FE48B9B4F90C309A05EED423F08E
:10711000030343F00203A381E2E7A389206043F065
:107120008003A381019BC4E904075BB1B4F90E108D
:10713000304600F01DF828B1A38923F0030343F083
:107140000103A381A3891D43A581CFE738B5074D6E
:1071500000230446084611462B60DCF73EFD431C25
:1071600002D12B6803B1236038BD00BF70450120F8
:1071700038B5064D0023044608462B60DCF732FD87
:10718000431C02D12B6803B1236038BD7045012038
:1071900051F8043C181F002BBCBF0B58C018704797
:1071A000F8B500BFF8BC08BC9E467047F8B500BFF4
:0871B000F8BC08BC9E467047C4
:1071B80000000000FFFFFFFFFFFFFFFF00000000CF
:1071C80001000000000000000000000001000000B5
:1071D800FFFFFFFFFFFFFFFF01000000FFFFFFFFB2
:1071E800FFFFFFFF01000000010000000100000098
:1071F80000000000000000003D0600083F060008EF
:1072080025060008390600087769647468203E3D41
:1072180020444953504C41595F574944544820260B
:107228002620686569676874203E3D2044495350AC
:107238004C41595F48454947485420262620224654
:1072480072616D656275666665722063616E6E6FE8
:107258007420626520736D616C6C6572207468615E
:107268006E20646973706C61792200766972747536
:10727800616C20766F696420746F756368676678DF
:107288003A3A48414C3A3A7365744672616D6542C0
:10729800756666657253697A652875696E743136E4
:1072A8005F742C2075696E7431365F7429002E2E38
:1072B8002F2E2E2F4D6964646C6577617265732F6C
:1072C80053542F746F7563686766782F6672616DA3
:1072D80065776F726B2F696E636C7564652F746F59
:1072E8007563686766782F68616C2F48414C2E6813
:1072F8007070006672616D65427566666572202100
:107308003D2030202626202241206672616D65626C
:1073180075666665722061646472657373206D7545
:1073280073742062652073657422007669727475BF
:10733800616C20766F696420746F7563686766781E
:107348003A3A48414C3A3A7365744672616D6542FF
:1073580075666665725374617274416464726573AC
:1073680073657328766F69642A2C20766F69642A9E
:107378002C20766F69642A2900286672616D655F22
:107388006275666665725F73656D20213D204E5596
:107398004C4C2920262620224372656174696F6E41
:1073A800206F66206672616D65627566666572201B
:1073B80073656D6170686F7265206661696C65647C
:1073C800220073746174696320766F696420746F36
:1073D8007563686766783A3A4F535772617070659B
:1073E80072733A3A696E697469616C697A652829B9
:1073F80000433A2F546F75636847465850726F6A56
:10740800656374732F53704F5F325F436F6D706C99
:107418006574655F46697865645F7631375F506883
:1074280075632F763137776F726B2F546F7563687A
:107438004746582F7461726765742F67656E657269
:10744800617465642F4F5357726170706572732E43
:1074580063707000287673796E635F717565756502
:1074680020213D204E554C4C2920262620224372AF
:10747800656174696F6E206F66207673796E63201C
:107488006D657373616765207175657565206661E3
:10749800696C6564220066616C736520262620226B
:1074A800444D41206F7065726174696F6E206E6F14
:1074B8007420737570706F727465642200766972D7
:1074C8007475616C20766F696420746F7563686782
:1074D80066783A3A4E6F444D413A3A73657475701E
:1074E8004461746146696C6C28636F6E73742074B0
:1074F8006F7563686766783A3A426C69744F7026AC
:1075080029002E2E2F2E2E2F4D6964646C6577610D
:107518007265732F53542F746F7563686766782F7D
:107528006672616D65776F726B2F696E636C7564D7
:10753800652F746F7563686766782F68616C2F4E66
:107548006F444D412E687070007669727475616C75
:1075580020766F696420746F7563686766783A3A55
:107568004E6F444D413A3A73657475704461746165
:10757800436F707928636F6E737420746F756368D6
:107588006766783A3A426C69744F70262900636FCF
:107598006D70617469626C654672616D656275666D
:1075A800666572284269746D61703A3A524742358D
:1075B80036352920262620225468652063686F7393
:1075C800656E207061696E746572206F6E6C7920CB
:1075D800776F726B7320776974682052474235362B
:1075E8003520646973706C6179732200746F7563F8
:1075F800686766783A3A416273747261637450617D
:10760800696E7465725247423536353A3A4162734B
:1076180074726163745061696E7465725247423561
:1076280036352829002E2E2F2E2E2F4D6964646C96
:107638006577617265732F53542F746F756368672C
:1076480066782F6672616D65776F726B2F696E63EE
:107658006C7564652F746F7563686766782F7769D2
:1076680064676574732F63616E7661732F4162730B
:1076780074726163745061696E7465725247423501
:1076880036352E687070004755495F5461736B003A
:1076980064656661756C745461736B002453504F54
:1076A800322C256C752C25642C25642C25750D0A27
:1076B8000073697A656F662853637265656E5479DD
:1076C800706529203C3D20686561702E7363726582
:1076D800656E53746F726167652E656C656D656E56
:1076E800745F73697A6528292026262022566965E1
:1076F8007720616C6C6F636174696F6E206572725C
:107708006F723A20436865636B2074686174206106
:107718006C6C20766965777320617265206164649A
:10772800656420746F2046726F6E74656E64486578
:1077380061703A3A566965775479706573220050DA
:10774800726573656E746572547970652A20746FFA
:107758007563686766783A3A6D616B655472616EF5
:10776800736974696F6E2853637265656E2A2A2C73
:107778002050726573656E7465722A2A2C204D56E6
:107788005048656170262C205472616E7369746963
:107798006F6E2A2A2C204D6F64656C547970652AA7
:1077A80029205B776974682053637265656E547924
:1077B8007065203D2053637265656E325669657742
:1077C8003B2050726573656E7465725479706520DC
:1077D8003D2053637265656E3250726573656E74D1
:1077E80065723B205472616E7354797065203D2038
:1077F8004E6F5472616E736974696F6E3B204D6F82
:1078080064656C54797065203D204D6F64656C5DCE
:10781800002E2E2F2E2E2F4D6964646C65776172B1
:1078280065732F53542F746F7563686766782F6676
:1078380072616D65776F726B2F696E636C756465C5
:107848002F6D76702F4D56504170706C696361745E
:10785800696F6E2E6870700073697A656F6628505C
:10786800726573656E7465725479706529203C3D44
:1078780020686561702E70726573656E74657253E9
:10788800746F726167652E656C656D656E745F7384
:10789800697A652829202626202250726573656E2C
:1078A80074657220616C6C6F636174696F6E2065BA
:1078B80072726F723A20436865636B2074686174F2
:1078C80020616C6C2070726573656E7465727320CC
:1078D80061726520616464656420746F2046726F0C
:1078E8006E74656E64486561703A3A507265736586
:1078F8006E7465725479706573220073697A656F66
:1079080066285472616E735479706529203C3D2055
:10791800686561702E7472616E736974696F6E53F5
:10792800746F726167652E656C656D656E745F73E3
:10793800697A65282920262620225472616E736987
:1079480074696F6E20616C6C6F636174696F6E200F
:107958006572726F723A20436865636B2074686160
:107968007420616C6C207472616E736974696F6ED7
:10797800732061726520616464656420746F2046B9
:10798800726F6E74656E64486561703A3A547261DC
:107998006E736974696F6E547970657322005072E2
:1079A8006573656E746572547970652A20746F7595
:1079B80063686766783A3A6D616B655472616E7395
:1079C8006974696F6E2853637265656E2A2A2C2064
:1079D80050726573656E7465722A2A2C204D565054
:1079E80048656170262C205472616E736974696FE2
:1079F8006E2A2A2C204D6F64656C547970652A298B
:107A0800205B776974682053637265656E5479707A
:107A180065203D2053637265656E31566965773B15
:107A28002050726573656E74657254797065203D77
:107A38002053637265656E3150726573656E746547
:107A4800723B205472616E7354797065203D204EEC
:107A58006F5472616E736974696F6E3B204D6F6409
:107A6800656C54797065203D204D6F64656C5D00D0
:107A78007479706564546578747320213D203020D2
:107A880026262022547970656454657874206461D0
:107A980074616261736520686173206E6F7420621F
:107AA80065656E20696E697469616C697A65642EB2
:107AB8002200636F6E737420746F756368676678ED
:107AC8003A3A466F6E742A20746F756368676678F1
:107AD8003A3A5479706564546578743A3A676574CB
:107AE800466F6E74282920636F6E7374002E2E2FD4
:107AF8002E2E2F4D6964646C6577617265732F5300
:107B0800542F746F7563686766782F6672616D6548
:107B1800776F726B2F696E636C7564652F746F7500
:107B280063686766782F5479706564546578742E35
:107B38006870700068617356616C696449642829CB
:107B48002026262022747970656454657874496407
:107B5800206C6172676572207468616E206E756D45
:107B68006265724F66547970656454657874732ED3
:107B78002200636F6E737420746F7563686766782C
:107B88003A3A556E69636F64653A3A556E69636F40
:107B98006465436861722A20746F756368676678E4
:107BA8003A3A5479706564546578743A3A676574FA
:107BB80054657874282920636F6E737400257300E8
:107BC800696E646578203E3D203020262620696E47
:107BD800646578203C2075736564436170616369EE
:107BE8007479007669727475616C20696E7420749A
:107BF8006F7563686766783A3A44796E616D696350
:107C08004461746147726170683A3A696E64657874
:107C1800546F44617461506F696E74595363616C39
:107C2800656428696E7431365F742920636F6E73DA
:107C380074002E2E2F2E2E2F4D6964646C6577618B
:107C48007265732F53542F746F7563686766782F46
:107C58006672616D65776F726B2F696E636C7564A0
:107C6800652F746F7563686766782F7769646765D1
:107C780074732F67726170682F41627374726163E5
:107C8800744461746147726170682E687070007620
:107C980069727475616C20696E7420746F7563689D
:107CA8006766783A3A44796E616D696344617461D4
:107CB80047726170683A3A696E646578546F4461D6
:107CC8007461506F696E74585363616C6564286998
:107CD8006E7431365F742920636F6E737400757328
:107CE8006564203E203000746F7563686766783A73
:107CF8003A556E69636F64653A3A556E69636F64A5
:107D0800654368617220746F7563686766783A3A8C
:107D18005465787450726F76696465723A3A63692B
:107D28007263756C61724275666665723C73697AD6
:107D3800653E3A3A7065656B436861722829205B35
:107D48007769746820756E7369676E656420696EFB
:107D5800742073697A65203D2031303B20746F753B
:107D680063686766783A3A556E69636F64653A3A4C
:107D7800556E69636F646543686172203D2073685E
:107D88006F727420756E7369676E656420696E74AE
:107D98005D002E2E2F2E2E2F4D6964646C65776141
:107DA8007265732F53542F746F7563686766782FE5
:107DB8006672616D65776F726B2F696E636C75643F
:107DC800652F746F7563686766782F54657874508B
:107DD800726F76696465722E687070006F6666737C
:107DE8006574203C207573656400746F75636867FB
:107DF80066783A3A556E69636F64653A3A556E69C2
:107E0800636F64654368617220746F756368676641
:107E1800783A3A5465787450726F76696465723A44
:107E28003A63697263756C61724275666665723C25
:107E380073697A653E3A3A7065656B436861722882
:107E480075696E7431365F7429205B7769746820B0
:107E5800756E7369676E656420696E742073697ADC
:107E680065203D2031303B20746F75636867667804
:107E78003A3A556E69636F64653A3A556E69636F4D
:107E8800646543686172203D2073686F7274207561
:107E98006E7369676E656420696E743B2075696EE0
:107EA8007431365F74203D2073686F727420756E6C
:107EB8007369676E656420696E745D0053454E533F
:107EC8004F52204552524F5200256400504C4143B6
:107ED800452046494E47455200504C4143452046AF
:107EE800494E474552202575004D45415355524945
:107EF8004E472025752525004D4541535552494E7D
:107F0800472E2E2E005745414B205349474E414C92
:107F1800004C4F572053504F32202564252500250B
:107F28003032753A253032753A25303275002530B1
:107F380032752F253032752F25303475002D2D3AA6
:107F48002D2D3A2D2D002D2D2F2D2D2F2D2D2D2D75
:107F5800004E4F524D414C004C4F572053504F321A
:107F6800004C4F5720484541525420524154450037
:107F780048494748204845415254205241544500F9
:107F880049324320425553204552524F52004D41E9
:107F9800583330313032204D495353494E4700420F
:107FA80041442053454E534F522049440053454EB7
:107FB800534F522054494D454F55540049324320A0
:107FC80042555320454D50545900425553204F4B6C
:107FD8002C204E4F203078353700534441205354DD
:107FE80055434B204C4F570053434C205354554353
:107FF8004B204C4F5700434845434B494E4720536D
:10800800454E534F52004649464F204E4F5420523A
:10801800554E4E494E470049444C4500546D7251E7
:1080280000546D7220537663002C2066756E63745D
:10803800696F6E3A2000617373657274696F6E20A0
:1080480022257322206661696C65643A2066696C32
:108058006520222573222C206C696E6520256425F5
:108068007325730A00232D302B2000686C4C0065A3
:10807800666745464700303132333435363738394C
:10808800414243444546003031323334353637387F
:10809800396162636465660000000000000000004A
:1080A800C30700087308000879070008C908000812
:1080B800E1070008050800086F080008090800081B
:1080C800DBBA0008E9BA00088507000875C7000888
:1080D80051BD0008C50700081111000885090008EE
:1080E80081C30008F1BA000885BF000895C20008DE
:1080F800FBC20008E1BF00082DC5000835C4000810
:10810800C1C6000845C0000861BD0008B1C5000827
:1081180035C6000859080008490800084D08000835
:1081280051080008550800081D0800080D09000836
:108138008907000891BE00080DBF00089D070008C8
:108148009F070008A3070008AD070008B307000849
:10815800ADBA0008C1C00008BB070008BDBB0008D5
:108168000511000809110008C907000869BD0008C1
:108178006DBE000881080008BD070008BF07000899
:10818800C10700080000000000000000FD0C000806
:10819800110D00084DB5000861B5000821B50008AB
:1081A80025B5000847B500087B0C00087F0C0008BF
:1081B800830C00088B0C0008000000000000000081
:1081C800D10C0008E50C00084DB5000861B50008A1
:1081D80021B5000825B5000847B50008590C000866
:1081E8005D0C0008630C00086F0C0008000000001C
:1081F80000000000A90C0008BD0C00084DB50008DF
:1082080061B5000821B5000825B5000847B5000884
:108218003D0C0008410C0008450C00084F0C0008F4
:108228000000000000000000250D0008610D000896
:10823800A10C00080000000000000000330C00083A
:108248000DC90008390C00082D0C0008B1C9000838
:10825800370C00082F0C00083B0C0008930C000892
:1082680017C8000867C9000811C80008950D00085C
:10827800790D0008AFC80008B1C80008AFC80008E9
:1082880059C90008000000000000000000000000BC
:1082980000000000FB0F0008FF0F0008071000088F
:1082A8000000000000000000000000005D10000851
:1082B800AD1000082DE200082B1000080137010856
:1082C80025E3000815110008B10F000881360108E0
:1082D80023110008C13601089B360108B50F0008B4
:1082E800B90F0008BD0F0008C10F0008C50F00082E
:1082F800C70F0008C90F0008CB0F0008CD0F0008F2
:1083080061370108CF0F0008E70F000809100008BF
:108318000F100008151000084D100008000000009C
:10832800000000005F100008BB1000081DD0000806
:10833800371000083B1000084110000847100008DB
:10834800C5CF000831E10008D9CF0008DFCF000809
:1083580003D0000855D0000807D0000851100008C5
:1083680055100008591000088F7602080000000018
:1083780000000000000000000000000000400000B5
:1083880020000000000000000000000098760208AD
:1083980000000000000000000000000000000000D5
:1083A80000100000100000000000000000000000A5
:1083B8001F1C1F1E1F1E1F1F1E1F1E1F000302053E
:1083C80000030501040602044A616E4665624D61B8
:1083D800724170724D61794A756E4A756C41756764
:1083E8005365704F63744E6F7644656300000000F8
:1083F80000000000000000008540000875400008EB
:1084080077400008000000000000000000000000A5
:108418000000000000000000000000000000000054
:108428000D4100080F410008000000000000000096
:1084380035410008A5410008614100088141000854
:10844800000000000000000075210108ED2101086E
:10845800012201081D22010899240108D3410008BE
:1084680037410008B341000839410008ED230108ED
:108478001F41000851210108214100081522010867
:108488007D2C0108BD210108F12501088D21010875
:108498003523010800000000000000005F410008CB
:1084A80097410008594100082D4100082F41000854
:1084B800C34100083141000800000000000000002E
:1084C80059450008AF450008E93F0108BD400008CC
:1084D800DD400008E1400008B1570008CD5700080A
:1084E800BD340108D9350108D534010871350108B2
:1084F800E540000867350108E9400008ED4000083C
:10850800F540000875450008773501085145000811
:1085180055450008FB400008014100085B4500087C
:108528000000000000000000A3460008A94600085B
:10853800DDF900086F4600080137010869360108AF
:10854800C7460008B10F000881360108231100084A
:10855800C13601089B360108B50F0008B90F00089D
:10856800274600084B460008C50F0008C70F00083B
:10857800C90F0008CB0F0008CD0F000861370108AC
:10858800CF0F0008E70F00087B460008D146000817
:1085980081460008BDF10008E9F1000839F2000839
:1085A800B1F200089F4600089B4600084F470008A4
:1085B8000000000000000000A5460008B7460008BB
:1085C8006F470108A74600081F4600082146000813
:1085D800294201082D430108D54201082346000815
:1085E8003D4700080000000000000000E9510008B5
:1085F800ED510008D1B9000829B600080137010873
:108608006936010831520008A54B00088136010877
:10861800C3B50008C13601089B360108B50F00082C
:10862800B90F000835E900085FE90008C50F000820
:1086380093E30008C90F0008E7E30008CD0F00081E
:1086480061370108CF0F00084BBA00088FB5000842
:108658007DB60008A9B50008BDB5000879B50008C1
:10866800AFB60008A1B7000853B60008E7B600087F
:1086780035B60008F1EA0008A351000855EB0008D8
:10868800A7510008A94B0008AF4B0008C34B0008CE
:1086980033E40008634C0008754C0008654F000877
:1086A800D14C0008E54C000873E40008BFE400085A
:1086B800854D0008974D0008F34D0008254E000829
:1086C8003B4E0008414E0008734E0008894E0008D2
:1086D8008F4E0008C14E0008D74E0008DD4E000836
:1086E8000F4F0008254F000881F00008D7E5000863
:1086F8006BE500087D520008415200085D510008F2
:108708004B5300081D530008BB510008C75100080F
:108718003FE600082B4F00084D4F0008554F000852
:108728005D4F0008A94F0008B14F0008BD4F000871
:10873800C54F0008195000081F50000827500008AE
:1087480061500008695000088B50000891500008DB
:108758009D500008F1500008F750000831510008FA
:108768005351000891F000080BF100085951000816
:108778005DF00008AB510008B3510008000000008C
:1087880000000000FD510008115200086F47010861
:10879800EB5100081F46000821460008294201083D
:1087A8002D430108D542010823460008B9520008A4
:1087B8002CBC020800000000000000007521010820
:1087C800ED210108012201081D2201087159000844
:1087D800D34100085F590008615900083941000871
:1087E800ED2301081F41000851210108214100081B
:1087F800152201087D2C0108BD210108F125010879
:108808008D21010835230108000000000000000048
:10881800335B0008335B00082D5B0008355B0008FC
:10882800495B0008FCFFFFFF000000002F5B000809
:10883800435B00084F5B0008D47E0208007F0208F3
:108848000D7F0208597F0208607F0208697F0208CD
:10885800787F0208887F0208967F0208A77F0208AF
:10886800B57F0208C47E0208C47F0208D27F0208CE
:10887800E27F0208F07F0208FE7F02080E800208ED
:108888000000000000000000A15B0008B55B0008C4
:108898006F470108215E00081F4600086D5B00084D
:1088A800CB5B00082D430108D5420108715B000825
:1088B8003D4700080000000000000000D55F0008E8
:1088C800BF5F0008B95F0008C15F000811600008B9
:1088D800FCFFFFFF00000000BB5F0008CF5F00083F
:1088E8001760000800000000000000006D6000082C
:1088F800816000086F470108DD6200081F46000814
:1089080035600008976000082D430108D54201082A
:1089180039600008B9520008000000000102030491
:108928000000000000000000010203040607080917
:1089380000061016000610160403020202010102C6
:10894800000000000000000000000000000000001F
:108958004DB5000861B5000821B5000825B5000827
:1089680047B50008000000000000000000000000FB
:108978000000000000000000000000006DB60008C4
:108988006FB60008D1B9000829B6000801370108F8
:108998006936010815110008A54B00088136010841
:1089A800C3B50008C13601089B360108B50F000899
:1089B800B90F0008BD0F0008C10F0008C50F000857
:1089C800C70F0008C90F0008CB0F0008CD0F00081B
:1089D80061370108CF0F00084BBA00088FB50008AF
:1089E8007DB60008A9B50008BDB5000879B500082E
:1089F800AFB60008A1B7000853B60008E7B60008EC
:108A080035B60008101820000000000808080808FB
:108A18000000000000000000E1C70008EDC70008E2
:108A2800B5C80008B3C80008A3C90008F9C80008F9
:108A380005C80008000000000000000033CF00084F
:108A480035CF0008FB0F0008FF0F000831CF0008E2
:108A580069CA0008000000000000000089CF000873
:108A6800B1CF00086DCF0008FF0F0008ADCF000898
:108A78008FCF000845CF0008F8FFFFFF0000000077
:108A88008BCF0008BFCF000865CF000800000000AA
:108A980000000000D1DB0008BDDE0008A9D90008ED
:108AA80000000000000000000000000000000000BE
:108AB8001DD00008371000083B10000841100008BE
:108AC80047100008C5CF000831E10008D9CF0008D9
:108AD800DFCF000803D0000855D0000807D00008F1
:108AE800000000000000000000000000000000007E
:108AF8000000000000000000000000002DE2000857
:108B08002B1000080137010825E30008151100089B
:108B1800B10F00088136010823110008C136010889
:108B28009B360108B50F0008B90F0008BD0F0008F3
:108B3800C10F0008C50F0008C70F0008C90F0008BB
:108B4800CB0F0008CD0F000861370108CF0F0008D0
:108B5800E70F0008091000080F100008151000089A
:108B680000000000000000000000000000000000FD
:108B780000000000D1B9000829B600080137010833
:108B88006936010831520008A54B000881360108F2
:108B9800C3B50008C13601089B360108B50F0008A7
:108BA800B90F000835E900085FE90008C50F00089B
:108BB80093E30008C90F0008E7E30008CD0F000899
:108BC80061370108CF0F00084BBA00088FB50008BD
:108BD8007DB60008A9B50008BDB5000879B500083C
:108BE800AFB60008A1B7000853B60008E7B60008FA
:108BF80035B600087DE3000881E3000885E3000836
:108C080089E30008A94B0008AF4B0008C34B0008D4
:108C180033E40008634C0008754C000800000000AD
:108C2800D14C0008E54C000873E40008000000007F
:108C3800854D0008974D0008F34D0008254E0008A3
:108C48003B4E0008414E0008734E0008894E00084C
:108C58008F4E0008C14E0008D74E0008DD4E0008B0
:108C68000F4F0008254F0008B3E40008D7E50008B7
:108C78006BE5000800000000000000000000000094
:108C88004B5300081D5300080000000000000000BE
:108C980000000000000000000000000000000000CC
:108CA80000000000D1B9000829B600080137010802
:108CB8006936010831520008A54B000881360108C1
:108CC800C3B50008C13601089B360108B50F000876
:108CD800B90F000835E900085FE90008C50F00086A
:108CE80093E30008C90F0008E7E30008CD0F000868
:108CF80061370108CF0F00084BBA00088FB500088C
:108D08007DB60008A9B50008BDB5000879B500080A
:108D1800AFB60008A1B7000853B60008E7B60008C8
:108D280035B60008F1EA0008A351000855EB000821
:108D3800A7510008A94B0008AF4B0008C34B000817
:108D480033E40008634C0008754C0008654F0008C0
:108D5800D14C0008E54C000873E40008BFE40008A3
:108D6800854D0008974D0008F34D0008254E000872
:108D78003B4E0008414E0008734E0008894E00081B
:108D88008F4E0008C14E0008D74E0008DD4E00087F
:108D98000F4F0008254F0008B3E40008D7E5000886
:108DA8006BE500087D520008415200085D5100083B
:108DB8004B5300081D530008BB510008C751000859
:108DC8003FE600082B4F00084D4F0008554F00089C
:108DD8005D4F0008A94F0008B14F0008BD4F0008BB
:108DE800C54F0008195000081F50000827500008F8
:108DF80061500008695000088B5000089150000825
:108E08009D500008F1500008F75000083151000843
:108E1800535100088DE30008000000005951000874
:108E28008FE30008AB510008B351000800000000B0
:108E380000000000BDEB0008BFEB00082DE20008B1
:108E48002B1000080137010825E300081511000858
:108E5800B10F00088136010823110008C136010846
:108E68009B360108B50F0008B90F0008BD0F0008B0
:108E7800C10F0008C50F0008C70F0008C90F000878
:108E8800CB0F0008CD0F000861370108CF0F00088D
:108E9800E70F0008091000080F1000081510000857
:108EA8005DEF000863ED000800000000000000000E
:108EB800E5F10008C1F60008D1F600086F46000881
:108EC80001370108693601085DF80008B10F00088C
:108ED8008136010823110008C13601089B360108B4
:108EE800B50F0008B90F0008274600084B460008D0
:108EF800C50F0008C70F0008C90F0008CB0F0008EE
:108F0800CD0F000861370108CF0F0008E70F0008F0
:108F18007B460008D146000881460008BDF10008DC
:108F2800E9F1000839F20008B1F20008B9F10008C7
:108F38009B46000881F300080000000000000000C4
:108F4800B9F90008BBF900087DF900085FF90008C5
:108F58000137010869360108C9F90008B10F00088E
:108F68008136010823110008C13601089B36010823
:108F7800B50F0008B90F0008BD0F0008C10F0008A1
:108F8800C50F0008C70F0008C90F0008CB0F00085D
:108F9800CD0F000861370108CF0F0008E70F000860
:108FA8000000000000000000A1FA0008A3FA000871
:108FB800000000000000000075210108ED210108F3
:108FC800012201081D2201089924010889210108AC
:108FD80031220108332201081D410008ED23010850
:108FE8001F410008512101082141000815220108EC
:108FF8007D2C0108BD210108F12501088D210108FA
:10900800352301080000000000000000B9370108FE
:10901800BB370108753B0108000000000000000094
:109028000000000000000000E93F0108BD40000802
:10903800DD400008E1400008B1570008CD5700089E
:10904800BD340108D9350108D53401087135010846
:10905800E540000867350108E9400008ED400008D0
:10906800F54000080000000077350108A9570008FE
:10907800AD570008FB40000801410008000000004F
:109088000000000000000000EB410108F141010868
:10909800DD4101080000000000000000ED4101086A
:1090A800FF410108E1410108000000000000000044
:1090B800EF4101080D420108E541010800000000E8
:1090C80000000000E94101081B4201086F47010840
:1090D8001D4600081F4600082146000829420108CD
:1090E8002D430108D54201082346000825460008FB
:1090F80000000000000000004D620108998F01087F
:10910800F363010800000000000000004F6201083E
:109118008B8F010873660108000000000000000042
:10912800496201087D8F0108C7D3010800000000CB
:10913800000000004B6201086F8F01086BD901081D
:10914800000000000000000055620108D18F0108EE
:10915800D9670108000000000000000057620108FC
:10916800C38F01084D6A01080000000000000000DC
:1091780051620108B58F01089BDE0108000000005C
:109188000000000053620108A78F01089FE401084E
:1091980000000000000000005D620108099001085D
:1091A800F96B010800000000000000005F62010880
:1091B800FB8F0108916E010800000000000000000C
:1091C80059620108ED8F0108D5EA01080000000086
:1091D800000000005B620108DF8F01082DF4010820
:1091E80000000000000000006D620108799001088D
:1091F8004171010800000000000000006F620108D2
:109208006B900108DB7301080000000000000000FB
:10921800696201085D9001086B7601080000000092
:10922800000000006B6201084F900108DB7801081C
:10923800000000000000000065620108419001087C
:109248002DFE010800000000000000006762010810
:1092580033900108650802080000000000000000C3
:109268006162010825900108EF1002080000000063
:109278000000000063620108179001082516020823
:10928800000000000000000075620108B1900108AC
:10929800297A010800000000000000007762010838
:1092A800A3900108E57C0108000000000000000010
:1092B8007162010895900108B51B020800000000C2
:1092C800000000007362010887900108CD2402089D
:1092D80000000000000000007D620108E99001081C
:1092E8007D7F010800000000000000007F62010887
:1092F800DB9001087D8201080000000000000000EA
:1093080079620108CD900108A92D0208000000002B
:10931800000000007B620108BF900108FD340208CC
:10932800000000000000000081620108338F01087E
:10933800A93A0208753D0208613F020800000000D2
:109348000000000083620108418F01086D96010842
:1093580059A201080DA50108000000000000000046
:10936800856201084F8F0108B598010899A701087F
:1093780065AB0108000000000000000087620108DA
:109388005F8F0108759C0108F99001080000000032
:109398000000000071850108258F010869C10108D6
:1093A80091880108C58601088DB8010873850108F0
:1093B80079B10108B9850108DDB0010855AF010888
:1093C800316201083562010839620108F5070108B0
:1093D80009080108E10C010815080108896201085B
:1093E800F908010879C50108000000000000000024
:1093F800CD4E0208E54E02087F49020800000080B1
:10940800DB0F4940DB0F49C0DB0F49BFE4CB1640F7
:10941800E4CB16C0000FC93F000F494000CB96406F
:10942800000FC9400053FB4000CB164100ED2F410F
:10943800000F49410031624100537B41003A8A41A3
:1094480000CB9641005CA34100EDAF41007EBC41DA
:10945800000FC94100A0D5410031E24100C2EE41F0
:109468000053FB4100F20342003A0A4200831042D3
:1094780000CB164200141D42005C234200A529427D
:1094880000ED2F4200363642007E3C4200C7424281
:10949800000F4942A2000000F9000000830000000C
:1094A8006E0000004E00000044000000150000009F
:1094B80029000000FC000000270000005700000001
:1094C800D1000000F500000034000000DD000000BD
:1094D800C0000000DB0000006200000095000000F2
:1094E800990000003C0000004300000090000000CC
:1094F80041000000FE000000510000006300000071
:10950800AB000000DE000000BB000000C50000004A
:1095180061000000B7000000240000006E00000099
:109528003A000000420000004D000000D200000098
:10953800E000000006000000490000002E000000C6
:10954800EA00000009000000D100000092000000BD
:109558001C000000FE0000001D000000EB000000E1
:109568001C000000B100000029000000A700000056
:109578003E000000E8000000820000003500000006
:10958800F50000002E000000BB00000044000000B1
:1095980084000000E90000009C000000700000004A
:1095A80026000000B40000005F0000007E000000FC
:1095B800410000003900000091000000D6000000C2
:1095C800390000008300000053000000390000004B
:1095D800F40000009C000000840000005F00000010
:1095E8008B000000BD000000F9000000280000000A
:1095F8003B0000001F000000F8000000970000007A
:10960800FF000000DE0000000500000098000000D8
:109618000F000000EF0000002F0000001100000004
:109628008B0000005A0000000A0000006D000000D6
:109638001F0000006D000000360000007E000000E2
:10964800CF00000027000000CB0000000900000048
:10965800B70000004F000000460000003F00000077
:10966800660000009E0000005F000000EA000000A5
:109678002D0000007500000027000000BA0000005F
:10968800C7000000EB000000E5000000F10000004A
:109698007B0000003D0000000700000039000000CA
:1096A800F70000008A00000052000000920000004D
:1096B800EA0000006B000000FB0000005F000000F3
:1096C800B10000001F0000008D0000005D000000D8
:1096D80008000000560000000300000030000000F1
:1096E80046000000FC0000007B0000006B0000004A
:1096F800AB000000F0000000CF000000BC0000003C
:10970800200000009A000000F4000000360000006D
:109718001D000000A9000000E30000009100000007
:10972800610000005E000000E60000001B00000071
:109738000800000065000000990000008500000096
:109748005F00000014000000A00000006800000096
:10975800400000008D000000FF000000D80000005D
:10976800800000004D00000073000000270000008A
:10977800310000000600000006000000150000008F
:1097880056000000CA00000073000000A800000096
:10979800C900000060000000E20000007B0000003B
:1097A800C00000008C0000006B0000006937AC317D
:1097B80068212233B40F14336821A2333863ED3E95
:1097C800DA0F493F5E987B3FDA0FC93F0000C93F77
:1097D8000000F0390000DA370000A2330000842EC0
:1097E8000000502B0000C2270000D0220000C41F38
:1097F8000000C61B0000441704000000070000001A
:089808000900000008460120E0
:10981000D2CE0321500C00300C00C105004D0000D9
:109820000C00000200000F00F20FF20FF10FF10E1A
:10983000F10EF00DF00DF00DE00CE00C4004000016
:10984000F10EF10EF50BF808F40AF706F309F60528
:10985000F107F504F006F403800382010000008B99
:10986000007C000000004E103F000000301F500E32
:10987000000011811C911A0100FEFFFFFFFF7F0015
:1098800043F446F545240000F400E500000000B76D
:1098900000A9000010118B117C1100F1FFFFFFFFE8
:1098A000FF0540744F844D440100800B9009000077
:1098B00000C007D005000000F103F2010000000025
:1098C000F10100000000F10100000000F2020000C0
:1098D00000D6FFEF7C00B0AFF676CC00F409F101C2
:1098E0003000F608F1010000F26EF201000050FEB7
:1098F000FF7B02000050F9FE7F000000F131FE0204
:109900000000F101F9044400F101FC02F79DF8D8D0
:109910007F0082DBFEAD03000000F10100000000CB
:10992000F10100000000F1010000000081000000D2
:1099300030EBBE030000F8020000E16DC52E001000
:109940008E000000F605407F00901E000000F80326
:10995000209F00F207000000F604308F00DA0100BB
:109960000000F22BA23F306F0000000050FEEF0617
:10997000C00C70FD7D0000200200F504F848F808D6
:1099800000000000BD00CE00D00D000000603F10C0
:10999000AF00B00F000000E10A10AF00B00F0000F0
:1099A00000F70200CE00D00D0000109E0000F85914
:1099B000F9070000901E000070ED7D0000C7EF4B1E
:1099C00000000080AF54FD040000F10D00F6090016
:1099D00000F20C00F5080000C06F00FB0200002040
:1099E000FCDB3C20470010DBEE04508F00D11CE371
:1099F0005F506F00F80520FD664F00FC0200C1EFCC
:109A00000D00FC050010FB0B00F81C0030DDAF0062
:109A1000D1EF9AFB0AF90A10D8EF5B00A0AFF50B63
:109A2000F40AF309F207F10680030010FD0400B008
:109A30005F0000F5090000ED0100509F0000A03F0D
:109A40000000E00D0000F10A0000F2080000F3073A
:109A50000000F2080000F10A0000E00D0000A03F45
:109A60000000508F000000ED010000F5090000B07B
:109A70004F000010ED03E32E000030CF000000F790
:109A8000070000D01E0000706F000020BF00000023
:109A9000EC000000F9020000F7030000F6040000EB
:109AA000F7030000F9020000FC000010BF00007086
:109AB0006F0000D11E0000F9070040CF0000E32E28
:109AC00000000000F400006000F30051D25DE3707C
:109AD000BE00E7FDCD050030FE1C0010E9FBEB07E2
:109AE000E23BE350DD4000F300300000D300000013
:109AF00000900F0000000000900F00000000009098
:109B00000F0000000000900F0000000000900F0008
:109B100000008888C88F888802FEFFFFFFFFFF05CE
:109B20000000900F0000000000900F0000000000F7
:109B3000900F0000000000900F0000000000900F48
:109B400000000000870420FF0360BF00A05F00E06A
:109B50000D00F30700F60100B6BBBB07F8FFFF09D5
:109B6000B609F80CF80C000000803F000000D00C93
:109B7000000000F406000000FA01000010AF000031
:109B800000704F000000D00D000000F3070000003F
:109B9000F902000010BE000000605F000000C00E6F
:109BA000000000F208000000F802000000BE000003
:109BB00000505F000000B01E000000F2090000002D
:109BC00000A3FE9D010040FF9BFC1D00D04F0080C4
:109BD0009F00F30B0010EE00F7070000FB03F906EF
:109BE0000000FA05FA050000F905FA050000F9057C
:109BF000F9060000FA05F7070000FB03F30B00105D
:109C0000EF00D04F00809F0040FF9BFC1D0000A391
:109C1000FE9D010000109F000020B49F0000F4FF93
:109C20009F000041649F000000409F000000409F93
:109C3000000000409F000000409F000000409F0087
:109C40000000409F000000409F000000409F000077
:109C50007297CF7704F4FFFFFF0950DAFF8D010000
:109C6000F1DFBAFE1D00910200B19F00000000402C
:109C7000BF0000000040AF00000000906F00000037
:109C800000F41D00000030EE03000000E43E000080
:109C90000050DF03000000F81C000000B19F00002E
:109CA0000000F6AEAAAAAA04F6FFFFFFFF0640C90D
:109CB000FEAD0400E0DFABFC6F0070020060DF006F
:109CC00000000030BF00000010C43E000000FF9FF5
:109CD00001000000A9FC1A0000000060BF000000A5
:109CE0000000FD0200000000FC0300000010FE0167
:109CF000850200A1AF00F6CFBAFE1D0061DAEF7C4D
:109D00000100000000A09F00000000F89F0000007C
:109D100070BF9F000000F5489F000040AF409F00CB
:109D200000E30B409F0020CE01409F00D11D00406A
:109D30009F00F48A88A8CF68F4FFFFFFFFBF0000F0
:109D400000409F00000000409F00000000409F0076
:109D5000000000409F0080FFFFFFFF0380CFAAAA02
:109D6000AA02805F00000000805F00000000805FAA
:109D70000000000080FFFFAD030070ABA9FD5F0095
:109D800000000070EF0000000000FC030000000075
:109D9000FB0400000000FE0282020090BF00F3DF1F
:109DA000BAFE2D0061DBFE8D01000010C7FE3E00F3
:109DB00000E4DFAB3C0030DF04000000B02E000008
:109DC0000000F32986580100F6FDFFFF3E00F95C14
:109DD0000292EF01FA050000FA06F9050000F60903
:109DE000F8070000F609F40C0000F906D07F0030F7
:109DF000EF0130FE9CFB4E000092FDAE0200F8FF2A
:109E0000FFFFFF07A5AAAAAAFC0700000000FA04AA
:109E100000000040AF00000000C02F00000000F66E
:109E20000900000010EE01000000807F000000002B
:109E3000F20D00000000FA0600000030CF00000024
:109E400000C04F00000000F60B00000010FD0200F3
:109E5000000000B5FEAD030090DF78E96F00F31C51
:109E60000030EF00F6090000FD01F32E0010DE00C7
:109E700080EF38A14F0000F8FFEE0300906F62FC06
:109E80004E00F6080050FE02FB030000F907FB0538
:109E90000000F907F71C0020FE02B0EF78E96F0020
:109EA00000C6FEAE030000B5FE8D0100A0EF9AFDD6
:109EB0001D00F61C00809F00FB040000FD01FD0258
:109EC0000000FA04FB040000F905F65E0162FD06DD
:109ED00080FFFFEFFD0500728815FC0200000010F6
:109EE000DF00000000907F00000010F81D0070AC43
:109EF000EBCF020060FEBE060000F90BF90BB708BD
:109F000000000000000000000000B708F90BF90B8A
:109F100090BF0090BF00708B0000000000000000A8
:109F2000000000000000000010AA0350EF00908F16
:109F300000D02F00F20A00F60400D9000000000053
:109F400000007300000000C5BF000010D7EF18002C
:109F500020E9CF050040FB9F030000F78F010000C0
:109F600000C4EF2800000000A3FF4A0000000082A8
:109F7000FE6D0100000061FD7E0000000040BB009E
:109F80000000000010858888888888F9FFFFFFFF9F
:109F9000FF0000000000000000000000008588882D
:109FA000888888F9FFFFFFFFFF640000000000F6CB
:109FB0007E0100000050FC9F0300000030F9BF0547
:109FC00000000010D7DF1700000000D5DF00000000
:109FD00061FC7E000082FE6C0000A4FF4B0000C309
:109FE000EF29000000D6170000000001000000006B
:109FF0000093ECDE2900F7ADDAEF02330000F90A36
:10A00000000000F30C000000F50A000010FD030042
:10A0100000D56F0000B0CF030000E00C000000E0AE
:10A020000C00000040030000000000000000F00EE3
:10A03000000000F00E0000000030C8FEBD17000058
:10A040000010FA7C5596EE060000D14D000000810C
:10A050007F0000DC01C4EFDA0BF603602F50DF78DD
:10A06000FA0BC00AC009D01D00D00B600EF105F339
:10A070000700D00B203FF302F50500D00B104FF482
:10A0800002F30600D00B303FF203F10B00D00B506F
:10A090000EE007909F65FD0B900A900D10FAEFB649
:10A0A000EFFE02208E0010011022120000F50900C0
:10A0B00000000000000050DE3711420400000000E4
:10A0C00081FDFFFF080000000000103312000000B7
:10A0D0000000A0FF0500000000E1FE0A00000000F3
:10A0E000F6D71F00000000FC817F00000020AF2099
:10A0F000CF000000805F00FB030000E00E00F609C7
:10A100000000F40800E10E0000FA9B99D95F0010EE
:10A11000FFFFFFFFBF00607F000000FD02C02F00B7
:10A120000000F807F30B000000F30DF80600000034
:10A13000C03FF1FFFFDF3A00F19E99DAFF03F10D16
:10A140000000F909F10D0000F609F10D0000FB0314
:10A15000F19E99EA4E00F1FFFFFFEF05F10D0010AF
:10A16000E54FF10D000040BFF10D000020DFF10DC3
:10A17000000030CFF10D0000C17FF19E99BAFF0AB7
:10A18000F1FFFFEF5B000020C8FEBE160000F7DF06
:10A19000AAFCEF0270EF040010E603F23F0000009B
:10A1A0001001F8090000000000FB0500000000009D
:10A1B000FD030000000000FD030000000000FB059F
:10A1C0000000000000F8090000000000F23F00005D
:10A1D00000100180EF050010E60300F9DFAAFCEF94
:10A1E000020030D9FEAD1600F1FFEFCE380000F1CD
:10A1F0009EA9EBFF0900F10D0000D5AF00F10D00A5
:10A200000010FD06F10D000000F40CF10D0000003F
:10A21000E01FF10D000000C03FF10D000000C03F45
:10A22000F10D000000E01FF10D000000F40BF10D36
:10A23000000010FD05F10D0000D49F00F19EA9EB78
:10A24000FF0800F1FFFFCE380000F1FFFFFFFF081D
:10A25000F1AEAAAAAA05F10D00000000F10D000060
:10A260000000F10D00000000F1AFAAAAAA05F1FF5D
:10A27000FFFFFF08F10D00000000F10D00000000DD
:10A28000F10D00000000F10D00000000F10D0000D4
:10A290000000F1AFAAAAAA05F1FFFFFFFF08F1FF36
:10A2A000FFFFFF04F1AEAAAAAA02F10D0000000010
:10A2B000F10D00000000F10D00000000F1AFAAAAAE
:10A2C0002A00F1FFFFFF3F00F10D00000000F10D3B
:10A2D00000000000F10D00000000F10D0000000082
:10A2E000F10D00000000F10D00000000F10D000074
:10A2F00000000010B7FEDE5A0000E6EFABDBFF1EE9
:10A3000060EF050000711EE13F0000000001F70949
:10A310000000000000FB040000000000FD030070CE
:10A32000AAAA1AFD0300B0FFFF1FFB05000000C032
:10A330001FF70A000000C01FF24F000000C01F708E
:10A34000FF070000D21F00F7EFABDBFF1D0020B7B7
:10A35000FECE4900F10D000000FD01F10D000000EE
:10A36000FD01F10D000000FD01F10D000000FD01F7
:10A37000F10D000000FD01F1AFAAAAAAFE01F1FF54
:10A38000FFFFFFFF01F10D000000FD01F10D0000D6
:10A3900000FD01F10D000000FD01F10D000000FDC8
:10A3A00001F10D000000FD01F10D000000FD01F1C3
:10A3B0000D000000FD01FAFFFF0174FD780100FBB4
:10A3C000030000FB030000FB030000FB030000FB95
:10A3D000030000FB030000FB030000FB030000FB85
:10A3E000030000FB030074FD7801FAFFFF0100FB8E
:10A3F000FF4F0085C84F0000A04F0000A04F000095
:10A40000A04F0000A04F0000A04F0000A04F000090
:10A41000A04F0000A04F0000B04F0000E11FC8AAED
:10A42000FE08D7EF5C00EF000000F71CEF000070A3
:10A43000CF01EF0000F61C00EF0060CF0100EF003D
:10A44000F51C0000EF50CF010000EFF42F000000DA
:10A45000FFEFAF000000FF2AFD090000EF00D28FE0
:10A460000000EF0030FE0600EF0000E35F00EF00A9
:10A470000040FF04EF000000F53EF10D0000000079
:10A48000F10D00000000F10D00000000F10D0000D2
:10A490000000F10D00000000F10D00000000F10DC2
:10A4A00000000000F10D00000000F10D00000000B0
:10A4B000F10D00000000F10D00000000F10D0000A2
:10A4C0000000F1AFAAAAAA02F1FFFFFFFF02F1CF3D
:10A4D000000000E1EFF1FF050000F8EFF1EC0C00E7
:10A4E00010BEEFF17C5F00703FEFF11CCE00E10B7E
:10A4F000EFF10CF705F603EFF10CE10CBD00EFF105
:10A500000C80AF3F00EFF10C10FE0B00EFF10C00E0
:10A51000F80400EFF10C00210000EFF10C00000046
:10A5200000EFF10C00000000EFF10C00000000EF64
:10A53000F1FF030000FC01F1FE0C0000FC01F1AC96
:10A540005F0000FC01F12CDF0000FC01F10CF906BA
:10A5500000FC01F10CE11E00FC01F10C708F00FC0D
:10A5600001F10C00ED02FC01F10C00F609FC01F117
:10A570000C00C03FFC01F10C0040BFFC01F10C00DD
:10A5800000FBFE01F10C0000F3FF01F10C00009054
:10A59000FF010040DAEF8C020000F9CFAAFD6F0046
:10A5A00090DF030050FE05F22E000000F50DF808C4
:10A5B000000000C04FFB04000000807FFD0300008E
:10A5C00000609FFD03000000609FFB04000000800E
:10A5D0007FF808000000C04FF22E000000F50D903B
:10A5E000DF030050FE0500F9CFAAFD6F000040DA3E
:10A5F000EF9D0200F1FFFFAD0300F19EA9FC7F007B
:10A60000F10D0040FF02F10D0000FA06F10D00000F
:10A61000F906F10D0000FD03F10D10B4BF00F1FFCC
:10A62000FFFF1B00F19E99370000F10D00000000B4
:10A63000F10D00000000F10D00000000F10D000020
:10A640000000F10D000000000040DAEF8C02000075
:10A65000F9CFAAFD6F0090DF030050FE05F22E0037
:10A660000000F50DF808000000C04FFB04000000DA
:10A67000807FFD03000000609FFD03000000609FDD
:10A68000FB04000000807FF808000000C04FF22E9D
:10A69000000000F50D90DF030050FE0400F9CFAA82
:10A6A000FD5E000040DAFFCF020000000020BF0086
:10A6B0000000000000FE031000000000F6BEDC00F9
:10A6C00000000060FDBEF1FFFFBE060000F19EA984
:10A6D000FC9F0000F10D0030FE0300F10D0000FAB8
:10A6E0000700F10D0000F90600F10D0000FD020069
:10A6F000F10D10A39F0000F1FFFFEF070000F19E96
:10A70000A9DF010000F10D00F81C0000F10D00A010
:10A71000BF0000F10D0000FB0A00F10D0000C19F19
:10A7200000F10D000020FD0800A4FDDF7B0280FF8A
:10A73000ACCAFF0EF43E0000610CF90700000000F7
:10A74000F70900000000F38F0300000050FEFFAD8A
:10A7500017000050B8FEFF0600000020F73F000081
:10A760000000907F03000000906FBA040000E52E07
:10A77000FAEFABDBEF0550C9FECE2800FFFFFFFF6D
:10A78000FFFF05AAAAEABFAAAA030000C02F000083
:10A79000000000C02F0000000000C02F00000000DB
:10A7A00000C02F0000000000C02F0000000000C00B
:10A7B0002F0000000000C02F0000000000C02F008C
:10A7C00000000000C02F0000000000C02F000000AB
:10A7D0000000C02F0000000000C02F000000F40A9D
:10A7E000000000EFF40A000000EFF40A000000EFA0
:10A7F000F40A000000EFF40A000000EFF40A000081
:10A8000000EFF40A000000EFF40A000000EFF40A81
:10A81000000010DFF30B000020CFF01F0000709F3E
:10A8200090AF0100E34F10FCBECAFF080071ECEFCF
:10A830004B00F808000000B03FF30D000000F20DDF
:10A84000C04F000000F707609F000000FD0210EFFE
:10A85000010030BF0000FA0500905F0000F40B001B
:10A86000E00E0000E02F00F5090000807F00FA03F1
:10A87000000020DF10CF00000000FC737F0000000C
:10A8800000F6C91F00000000E1FE0A00000000A061
:10A89000FF050000FE010030FF010020BFFA0400A8
:10A8A00070FF0400607FF60800A0FE0800A03FF2E1
:10A8B0000C00E0D90C00E00ED01F00F3951F00F350
:10A8C0000A905F00F7515F00F706509F00CB109F82
:10A8D00000FA0210DF008E00DC00DE0000FB424FB9
:10A8E00000F8329F0000F7861F00F4765F0000F347
:10A8F000CA0C00F0B91F0000E0FE0800B0ED0C002B
:10A9000000A0FF040070FF07000060FF000030FFA0
:10A910000300D05F000000F70A30EF020020DF01E3
:10A9200000F70B00C04F0000B06F00F808000020D7
:10A93000EE42CF00000000F5DC2E0000000090FF8A
:10A94000050000000090FF0700000000F5EA3F004E
:10A95000000020DE41CF000000C04F00F9080000D9
:10A96000F80800D14F0040CF000040DF01D12F0098
:10A970000000F80AF908000020DF01E13F0000C0F4
:10A980004F0050CF0000F6090000FB0620EE01004A
:10A9900000E22EA05F00000060AFF50A000000009A
:10A9A000FCEE0100000000F35F0000000000C02F7B
:10A9B0000000000000C02F0000000000C02F0000B9
:10A9C000000000C02F0000000000C02F00000000A9
:10A9D00000C02F000000F7FFFFFFFF5FA4AAAAAA94
:10A9E000FA5F00000000F80A00000060CF010000DC
:10A9F00000F41D00000020EE03000000D14F000015
:10AA00000000FB07000000909F00000000F70B0013
:10AA1000000050DF01000000E32E00000000FBAD4D
:10AA2000AAAAAA6AFCFFFFFFFF9FFAFF6FFA662639
:10AA3000FA0000FA0000FA0000FA0000FA0000FA3A
:10AA40000000FA0000FA0000FA0000FA0000FA0024
:10AA500000FA0000FA0000FA0000FA0000FA562599
:10AA6000FAFF6FF209000000B01E000000506F00F6
:10AA7000000000BE00000000F802000000F3080023
:10AA80000000C00E000000605F00000010AE00007B
:10AA90000000F901000000F307000000D00D0000E5
:10AAA00000704F000000109F00000000EA0100004D
:10AAB00000F406000000D00C000000803FF5FFBF4E
:10AAC0006266BF0000BE0000BE0000BE0000BE0007
:10AAD00000BE0000BE0000BE0000BE0000BE0000C0
:10AAE000BE0000BE0000BE0000BE0000BE0000BEF2
:10AAF0005255BFF5FFBF000050070000000000F3F3
:10AB00008F0000000010DDF905000000B03FC02EEE
:10AB1000000000F80620CE0100409F0000F409006C
:10AB2000E21C0000806F00EC02000000FB03F1FF5C
:10AB3000FFFFFFFFBF30333333333323840600D1AD
:10AB40003F0030AF0000F60390ECEF7C00F0BDA9B1
:10AB5000FE0A300000D12F000000A14F20C8FEFFE8
:10AB60004FE3BF68A54FFC0500804FEE0000804F0B
:10AB7000FD0300D54FF6BFDBEF4F50FCAE834FF324
:10AB80000A00000000F30A00000000F30A000000C1
:10AB900000F30A00000000F32AEACF0400F3FDBE30
:10ABA000FD5F00F36E0060DF00F30A0000FC03F3BA
:10ABB0000A0000F905F30A0000F806F30A0000F99C
:10ABC00005F30A0000FC01F30A0080AF00F3EFAACE
:10ABD000FD1D00F3ACFD9E010000B4FEAD0470EF5E
:10ABE0009AFB0DF41D002008FA05000000FD01008D
:10ABF0000000FE00000000FD01000000FA0500005A
:10AC000000F51D00200890EF9AFB0D00B5FE9D0396
:10AC100000000030AF00000030AF00000030AF0097
:10AC2000000030AF00B4EE8BAF70FFABFCAFF32D84
:10AC30000040AFF9060030AFFD010030AFFE00006C
:10AC400030AFFD010030AFFB040030AFF61C00B2A6
:10AC5000AFC0EFCCEFAF10E9DF37AF00B4FE9D021D
:10AC600070DF89FA2EF30900509FFA121111DEFDF0
:10AC7000FFFFFFEFEE44444444FD01000000FA06EC
:10AC8000000000F44E00008470FF9CDABF00A4FDB9
:10AC9000CE280060EC9E00F79D8A00EE010010BFF8
:10ACA0000000F5FFFF0F83DF880810BF000010BF12
:10ACB000000010BF000010BF000010BF000010BF58
:10ACC000000010BF000010BF000010BF000000B463
:10ACD000FE9CAF70FFABFCAFF32D0040AFF9060058
:10ACE00030AFFD010030AFFE000030AFFD0100309D
:10ACF000AFFB040030AFF61B00A2AFC0EFCBEFAF4D
:10AD000010E9DF489F000000507F200000C12FC0E5
:10AD1000BEAAFE0880ECEF5B00F30A000000F30A15
:10AD2000000000F30A000000F30A000000F32AE923
:10AD3000DF05F3EDBEFC4FF38F0160AFF30A0000B7
:10AD4000DFF30A0000EEF30A0000EEF30A0000EE63
:10AD5000F30A0000EEF30A0000EEF30A0000EEF33F
:10AD60000A0000EEF40CD40A0000F30AF30AF30A16
:10AD7000F30AF30AF30AF30AF30AF30AF30AF30AEB
:10AD80000000FD030000DB030000000000FFFF01E6
:10AD90000088FD010000FB010000FB010000FB0139
:10ADA0000000FB010000FB010000FB010000FB01B3
:10ADB0000000FB010000FB010000FC010020DF009F
:10ADC000B8EA6F00E7DF0600F20B00000000F20BAC
:10ADD00000000000F20B00000000F20B0000000079
:10ADE000F20B0070CF01F20B00F61C00F20B60CFEB
:10ADF0000100F20BF51C0000F25BCF010000F2FE37
:10AE0000AF000000F29FFC090000F20CD17F0000AF
:10AE1000F20B20FD0600F20B00E25F00F20B0030A7
:10AE2000FE04F30AF30AF30AF30AF30AF30AF30A35
:10AE3000F30AF30AF30AF30AF30AF30AF30AF30A2A
:10AE4000F32AEABE03A3FE4C00F3FDBEFD8EEFCB5A
:10AE5000FF02F37F0090FF1800F907F30A0040AFEC
:10AE60000000F30AF30A0030AF0000F20BF30A000F
:10AE700020AF0000F20BF30A0020AF0000F20BF34A
:10AE80000A0020AF0000F20BF30A0020AF0000F22E
:10AE90000BF30A0020AF0000F20BF30A0020AF0012
:10AEA00000F20BF32AE9DF05F3FDBEFC4FF38F013F
:10AEB00060AFF30A0000DFF30A0000EEF30A0000BF
:10AEC000EEF30A0000EEF30A0000EEF30A0000EED3
:10AED000F30A0000EEF30A0000EE00C5EE6C00007D
:10AEE00090EFAAFD0A00F41C00B16F00FA040020E4
:10AEF000CF00FD000000FD00EE000000FC01FD01A0
:10AF00000000FE00FA040020CF00F41C00B16F0026
:10AF100090EF9AFD0B0000C5FE7C0000F32AEACFFB
:10AF20000500F3FEBEFD5F00F36E0060DF00F30A74
:10AF30000000FC03F30A0000F905F30A0000F8061C
:10AF4000F30A0000F905F30A0000FD01F30A00808E
:10AF5000AF00F3DFAAFD1D00F39BFD9D0100F30A86
:10AF600000000000F30A00000000F30A00000000E7
:10AF7000F30A0000000000B5EE9CAF70EFABFCAF31
:10AF8000F32D0040AFF9050030AFFD010030AFFEFA
:10AF9000000030AFFD010030AFFB040030AFF61C05
:10AFA00000B2AFC0EFCBDFAF10E9DF37AF0000007A
:10AFB00030AF00000030AF00000030AF00000030C4
:10AFC000AFF31AE98FF3EDCF9CF39F0100F30A0072
:10AFD00000F30A0000F30A0000F30A0000F30A007D
:10AFE00000F30A0000F30A0000F30A000030EADF71
:10AFF0007B01F4AEA8FE03FB03005002FC0200003C
:10B0000000F89E25000070FDFF6D00002095FE04F5
:10B01000000000F6083A0000F707FE9CB8DF019434
:10B02000FDCE170020AF000020AF000020AF0000D1
:10B03000F6FFFF7F93DF884820AF000020AF0000BD
:10B0400020AF000020AF000020AF000020BF0000B4
:10B0500010EF010000FA9D6A0091FD5DF408000008
:10B06000DFF4080000DFF4080000DFF4080000DF70
:10B07000F4080000DFF4080000DFF4090000DFF34B
:10B080000A0000DFF12E00B2DF90EFCBDFDF00E837
:10B09000DF17DFF30C0000D01FC03F0000F4096091
:10B0A0008F0000FA0310EE0010CE0000F905606F6B
:10B0B0000000F30BC01E0000C02FF3090000607FEA
:10B0C000F803000010DECE00000000F96F00000061
:10B0D00000F31E0000F10D00A02F00606FC02F00D4
:10B0E000E17F00A02F805F00F5CE00D00D409F00D3
:10B0F000DAF702F10900CE008EF207F50600FB41F7
:10B100003FC00CF80200F7940D802FDC0000F3E83C
:10B1100008307F9F0000E0FE0300ED5F0000A0DF2D
:10B120000000F81F0000609F0000F30C00E15F00CA
:10B1300000F41C40EF0210EE0200F70CB04F0000CC
:10B14000A08FF707000010FDAF00000000F52F00F2
:10B15000000010EDCF000000A05FF9080000F70923
:10B16000D15F0040CF0030EF02E22E0000F61CF36A
:10B170000C0000D01EC03F0000F509509F0000FBEE
:10B180000300EE0120BF0000F807805F0000F20D11
:10B19000E10D0000B04FF607000040AFFC010000D9
:10B1A00000FD9F00000000F73F00000000F30C00CE
:10B1B000000000F80500000010EE00000000608FA5
:10B1C00000000000D02F000000E0FFFFFF8F70881C
:10B1D00088E85F000000F809000040CF000000E2AE
:10B1E0002E000000FC040000907F000000F60B0021
:10B1F0000030DF010000D1AF888868F1FFFFFFBF9A
:10B20000000010D8DF0000C09F460000F5080000D5
:10B2100000F704000000F804000000F8030000003C
:10B22000FA02000020BF000031D62C0000F5AF006C
:10B23000000062F91A00000030AF00000000FB01BE
:10B24000000000F803000000F804000000F704000C
:10B250000000F508000000D08F45000010D9DFF590
:10B2600006F506F506F506F506F506F506F506F506
:10B2700006F506F506F506F506F506F506F506F5F6
:10B2800006F506F506F3CE06000051B68F00000065
:10B2900000FD01000000F903000000F803000000B9
:10B2A000F804000000F606000000E10C0000004079
:10B2B000BE25000000D2FF000030DD570000E11D78
:10B2C000000000F606000000F804000000F803008B
:10B2D0000000F903000000FC010051B68F0000F3EC
:10B2E000CE06000000D5CF0400207F40DFD96F00DC
:10B2F000405FA01E10FC05A01FF00A00D2AFFB09A2
:10B30000F2070020EA9E0100001053775702000068
:10B310000083FCFFFFFFDF170000FDFFFFFFFFFFC3
:10B32000DF0200FDFFFFEFFFFFFF2E00FD9E150077
:10B3300041FAFFBF006B0000000060FFFF02000049
:10B3400000000000FBFF07000000000000F7FF08FE
:10B35000000000000000F6FF09000000000000F7F8
:10B36000FF07000000000000FBFF040000000000D9
:10B3700030FFEF000000000000C1FF7F0000000070
:10B380000010FCFF0C0000000000D3FFDF020000F3
:10B39000000081FFFF2C0000000060FEFF9F000006
:10B3A000000000D0FFDF040000000000D0FF0B0011
:10B3B0000000000000D0FF09000000000000D0FFE6
:10B3C00009000000000000D0FF090000000000009C
:10B3D000D0FF090000000000000000000000000095
:10B3E000000000000000000000000000000000005D
:10B3F00000000000404403000000000000F1FF0EC8
:10B40000000000000000F1FF0E000000000000F14D
:10B41000FF0E000000000000F1FF0E000000000021
:10B42000000000003F0005080800050000000000C3
:10B4300000000000200000000000070000000000E5
:10B4400000002100030E0E02080000001C00000096
:10B45000220007060F01090000003400000023004D
:10B460000E0E0E01100000009600000024000B13C9
:10B470000F010D000000080100002500130E0E0151
:10B48000160000009401000026000E0E0E010F00B1
:10B490000000F6010000270003060F01050001006F
:10B4A00002020000280007130F01090000004E02ED
:10B4B0000000290007130F01090101009A02000092
:10B4C0002A000A090F010D000000C70200002B002E
:10B4D0000D0C0C02100000001B0300002C000507DF
:10B4E000030107020C00300300002D0007020701D2
:10B4F000090E0800380300002E000303030207169C
:10B500000B003E0300002F000A120FFF090000008D
:10B510009803000030000B0E0E010D000000EC033C
:10B5200000003100090E0E020D0000003204000080
:10B5300032000B0E0E010D000000860400003300E7
:10B540000B0E0E010D000000DA04000034000C0E9A
:10B550000E000D0000002E05000035000B0E0E0140
:10B560000D0000008205000036000B0E0E010D00DC
:10B570000000D605000037000B0E0E010D00000084
:10B580002A06000038000B0E0E010D0000007E069A
:10B59000000039000B0E0E010D000000D206000065
:10B5A0003A00030B0B0309210400E80600003B00EE
:10B5B000050F0B0209250400150700003C000C0CC8
:10B5C0000C02100000005D0700003D000C0609029F
:10B5D00010000000810700003E000C0C0C0210005F
:10B5E0000000C90700003F00090E0E010B290100F1
:10B5F0000F080000400012110E0114000000A808FE
:10B60000000041000E0E0E000E2A04000A09000080
:10B6100042000C0E0E010E0000005E090000430007
:10B620000D0E0E010E000000C009000044000E0EB9
:10B630000E010F000000220A000045000B0E0E0153
:10B640000D000000760A000046000B0E0E010C00F3
:10B650000000CA0A000047000E0E0E011000000094
:10B660002C0B000048000D0E0E010F0000008E0B89
:10B6700000004900070E0E0108000000C60B000084
:10B680004A00080E0E00092E0200FE0B00004B00BF
:10B690000C0E0E020E000000520C00004C000B0EAF
:10B6A0000E010B000000A60C00004D000E0E0E0156
:10B6B00011000000080D00004E000D0E0E010F00DD
:10B6C00000006A0D00004F000E0E0E011000000079
:10B6D000CC0D000050000B0E0E010C000000200EDF
:10B6E000000051000E120E01100000009E0E00001E
:10B6F00052000D0E0E010E000000000F000053005E
:10B700000C0E0E010E000000540F000054000D0E30
:10B710000E000C300500B60F000055000C0E0E0197
:10B720000F0000000A10000056000E0E0E000E352D
:10B7300001006C1000005700120E0E0114360100BB
:10B74000EA10000058000D0E0E000E3701004C11DB
:10B75000000059000D0E0E000C380300AE11000061
:10B760005A000C0E0E010E000000021200005B00D9
:10B7700006130F02090000003B1200005C000A12D1
:10B780000F00093B0100951200005D0006130F0138
:10B79000093C0100CE1200005E000D080F021000EF
:10B7A0000000061300005F000E02FEFF0D000060A7
:10B7B000141300006000050410030D0000002013A6
:10B7C000000061000A0B0B010C3D0500571300003F
:10B7D00062000B0F0F010C000000B11300006300AA
:10B7E000090B0B010A420100E813000064000A0F74
:10B7F0000F010C4301003314000065000A0B0B011C
:10B800000C4405006A1400006600080F0F000700D2
:10B810000000A614000067000A0F0B010C4902008B
:10B82000F114000068000A0F0F010D0000003C1524
:10B8300000006900030E0E0105000000581500000D
:10B840006A0007120EFF07000000A01500006B0041
:10B850000B0F0F010C000000FA1500006C00030F25
:10B860000F0105000000181600006D00110B0B0100
:10B87000134B01007B1600006E000A0B0B010D4CF0
:10B880000100B21600006F000B0B0B010C4D050000
:10B89000F416000070000B0F0B010C5201004E1744
:10B8A000000071000A0F0B010C53010099170000F2
:10B8B0007200080B0B0109540200C5170000730049
:10B8C000090B0B010A560200FC1700007400080E59
:10B8D0000E00080000003418000075000A0B0B0170
:10B8E0000D5802006B18000076000C0B0B000C5A70
:10B8F0000400AD1800007700100B0B00105E020072
:10B900000519000078000C0B0B000C000000471913
:10B91000000079000C0F0B000C600700A11900005B
:10B920007A000A0B0B000B670100D81900007B009E
:10B930000A130F010D000000371A00007C000313EA
:10B940000F03090000005D1A00007D000A130F01BB
:10B950000D680100BC1A00007E000E0509011000F0
:10B9600000000000000000003F00111F1F03160030
:04B9700000000000D3
:10B97400000000004C00FF00660001002E00FF00E4
:10B984004600FE005000FE005400FE005600FE007B
:10B994005700FE005900FE006600FF007200FE0022
:10B9A4007600FF007700FF007900FF002E00FF0003
:10B9B4004B00FF004C00FF005200FF005400FF004A
:10B9C4005800FF005900FF006B00FF004600FE0016
:10B9D4005000FE005400FE005600FE005700FE001A
:10B9E4005900FE006600FF007200FE007600FF00B2
:10B9F4007700FF007900FF005400FE005600FF00AE
:10BA04005700FF005900FE005400FE005600FF00DE
:10BA14005700FF005900FE00660001002700FF00E8
:10BA24004600FF005400FF005900FF002D00FF00F6
:10BA34004C0001002D00FF004100FF004C00FF00FE
:10BA44005400FF006500FF004C00FF004C00FF00A5
:10BA54002D00FF002D00FF004100FF004C00FF00FF
:10BA640066000100660001004600FF005400FE006D
:10BA74005600FF005700FF005900FF005400FE006D
:10BA84005900FF004B00FF005400FE005600FF0069
:10BA94005700FF005900FF005400FE005900FF004A
:10BAA4005900FF005900FF004B00FF005400FE0046
:10BAB4005600FF005700FF005900FF005900FF0027
:10BAC4005900FF005400FE005900FF005400FF001D
:10BAD4005900FF005400FE005900FF004B00FF0016
:10BAE4004C00FF005400FE005900FF004B00FF0013
:10BAF4005400FE004B00FF004C00FF005400FE0009
:10BB04005600FF005700FF005800FF005A00FF00D6
:10BB14005400FF00660001000000000010980208B5
:08BB24002898020808B302088A
:10BB2C000A0000003C000000190000000A000000A0
:10BB3C0029000000470000006100000061000000C7
:10BB4C001F00000021000000360000005000000023
:10BB5C005900000000000000530070004F0032003C
:10BB6C000A002000020020002500000048004500CB
:10BB7C0041004C005400480020004D004F004E0086
:10BB8C00490054004F005200000044006100740052
:10BB9C0065003A00200002000000540069006D00AE
:10BBAC0065003A0020000200000050006C006100AB
:10BBBC00630065002000460069006E0067006500A8
:10BBCC0072000000420050004D000A00020000000C
:10BBDC00300031002F00300031002F0032003000D7
:10BBEC00300030000000310032003A0030003000EC
:10BBFC003A003000300000004E0065007700200055
:10BC0C00540065007800740000004E006500770059
:10BC1C00200054006500780000002D002D0000006D
:10BC2C000000000000000000000000000000000008
:0CBC3C00000000000001000000000001FA
:08BC4800A845FD7F010000008A
:10BC5000D5010008B50E000835590008F11D01088E
:04BC6000053401089E
:04BC6400B101000822
:10BC6800000000005A0000000084020800100000D4
:10BC78000024F4000100000010000000AAAAAAAAEB
:10BC8800E80300004C93020830930208F49202087B
:10BC9800E09202081C93020808930208A492020882
:10BCA80090920208CC920208B89202080492020804
:10BCB800F09102082C920208189202085492020885
:10BCC800409202087C92020868920208B491020825
:10BCD800A0910208DC910208C89102086491020848
:10BCE800509102088C910208789102081491020878
:10BCF800009102083C910208289102080000000007
:10BD08000300000034440120AC00002000000000C3
:10BD1800344401209C440120044501200000000017
:10BD2800000000000000000000000000000000000B
:10BD380000000000000000000000000000000000FB
:10BD480000000000000000000000000000000000EB
:0CBD580000000000000000007545012004
:10BD640000000000000000000000000000000000CF
:10BD740000000000000000000000000000000000BF
:10BD840000000000000000000000000000000000AF
:10BD9400000000000000000000000000000000009F
:10BDA400000000000000000000000000000000008F
:10BDB400000000000000000000000000000000007F
:10BDC400000000000000000000000000000000006F
:10BDD400000000000000000000000000000000005F
:10BDE400000000000000000000000000000000004F
:10BDF400000000000000000000000000000000003F
:10BE0400000000000000000000000000000000002E
:10BE1400000000000000000000000000000000001E
:10BE2400000000000000000000000000000000000E
:10BE340000000000000000000000000000000000FE
:10BE440000000000000000000000000000000000EE
:10BE540000000000000000000000000000000000DE
:10BE640000000000000000000000000000000000CE
:10BE740000000000000000000000000000000000BE
:10BE840000000000000000000000000000000000AE
:10BE9400000000000000000000000000000000009E
:10BEA400000000000000000000000000000000008E
:10BEB400000000000000000000000000000000007E
:10BEC400000000000000000000000000000000006E
:10BED400000000000000000000000000000000005E
:10BEE400000000000000000000000000000000004E
:10BEF400000000000000000000000000000000003E
:10BF0400000000000000000000000000000000002D
:10BF1400000000000000000000000000000000001D
:10BF2400000000000000000000000000000000000D
:10BF340000000000000000000000000000000000FD
:10BF440000000000000000000000000000000000ED
:10BF540000000000000000000000000000000000DD
:04000005080005BD2D
:00000001FF
